player_id,name,games_played,start_price,current_price,exact_price_r6,recent_s1,recent_s2,recent_s3,consistency,last_3_tog_avg,proj_score_fc,break_even_fc,proj_price_r7,be_r7,be_pct_r7,proj_score_r7,proj_price_r8,be_r8,be_pct_r8,proj_score_r8,proj_price_r9,be_r9,be_pct_r9,proj_score_r9,score_r5,score_r6,price_r4,price_r5,price_r6,delta_r6_to_r7,delta_r7_to_r8,delta_r8_to_r9,score_vs_be_r7,implied_ppp_r7
504120,Nathan Cleary,6,900000,893000,893000,46,80,75,49,78,69,82,921385,82,21,69,878541,79,23,67,868690,79,29,70,80,46,899000,903000,915000,28385,-42844,-9851,-13,-2183.46
502490,Nicholas Hynes,6,700000,766000,766000,33,78,69,51,80,0,66,801179,66,1,0,766000,114,1,65,764706,98,1,61,78,33,743000,757000,784000,35179,-35179,-1294,-66,-533.02
506460,Tanah Boyd,6,500000,757000,757000,59,43,58,42,80,60,63,760322,63,44,60,752540,64,44,61,748959,60,46,62,43,59,695000,750000,761000,3322,-7782,-3581,-3,-1107.33
505423,Jackson Ford,6,625000,742000,742000,71,49,50,42,71,60,51,726992,51,28,60,750974,53,38,58,753278,53,31,61,49,71,693000,720000,726000,-15008,23982,2304,9,-1667.56
504274,Blayke Brailey,6,686000,734000,734000,69,49,51,65,80,0,51,723597,51,1,0,734000,100,1,54,736202,90,1,57,49,69,723000,732000,727000,-10403,10403,2202,-51,203.98
504074,Hudson Young,6,766000,726000,726000,77,45,48,56,80,54,48,709140,48,33,54,732318,53,44,55,732702,54,23,64,45,77,750000,739000,718000,-16860,23178,384,6,-2810.0
100007927,Thomas Jenkins,6,504000,724000,724000,46,64,75,20,80,57,48,732476,48,33,57,732918,55,40,50,724220,63,29,52,64,46,609000,668000,713000,8476,442,-8698,9,941.78
500534,Isaah Yeo,6,738000,719000,719000,54,56,53,66,66,56,57,723493,57,47,56,717311,58,30,52,710912,60,30,54,56,54,728000,726000,724000,4493,-6182,-6399,-1,-4493.0
506603,Patrick Carrigan,6,684000,719000,719000,62,61,66,65,77,56,45,716320,45,11,56,729978,49,16,58,737020,51,19,59,61,62,674000,687000,702000,-2680,13658,7042,11,-243.64
505582,Dylan Lucas,6,723000,702000,702000,38,51,62,67,77,54,66,724168,66,15,54,688092,65,15,53,677862,63,22,54,51,38,725000,731000,727000,22168,-36076,-10230,-12,-1847.33
505894,Jake Clifford,6,561000,692000,692000,48,89,70,30,80,56,31,702561,31,7,56,717069,38,14,56,728835,46,30,55,89,48,557000,590000,656000,10561,14508,11766,25,422.44
503528,Jaydn Su'A,6,633000,691000,691000,43,46,49,41,75,55,64,705384,64,27,55,680278,63,27,54,672222,58,1,0,46,43,696000,713000,710000,14384,-25106,-8056,-9,-1598.22
100001736,Jordan Riki,6,611000,687000,687000,72,51,54,43,78,52,35,664984,35,11,52,704462,44,24,54,709581,47,22,58,51,72,618000,642000,657000,-22016,39478,5119,17,-1295.06
500826,Jahrome Hughes,6,635000,663000,663000,32,39,66,13,80,48,65,688720,65,19,48,644335,68,18,50,628726,65,27,53,39,32,646000,679000,684000,25720,-44385,-15609,-17,-1512.94
504087,Scott Drinkwater,6,635000,654000,654000,79,57,56,25,80,53,20,620905,20,5,53,688991,29,12,53,705380,36,15,57,57,79,565000,579000,602000,-33095,68086,16389,33,-1002.88
505628,Stefano Utoikamanu,6,575000,646000,646000,52,45,46,69,53,48,52,646196,52,37,48,641135,54,37,50,637423,52,47,51,45,52,633000,647000,648000,196,-5061,-3712,-4,-49.0
505904,Harry Grant,6,645000,645000,645000,40,39,47,43,74,50,68,661693,68,8,50,625579,62,22,52,619563,55,41,52,39,40,702000,698000,676000,16693,-36114,-6016,-18,-927.39
506424,Tom Dearden,6,628000,645000,645000,68,65,48,50,80,48,29,623751,29,12,48,665388,36,19,50,674862,42,27,52,65,68,609000,601000,615000,-21249,41637,9474,19,-1118.37
501600,Damien Cook,6,629000,644000,644000,28,41,60,39,60,49,72,674627,72,7,49,618463,66,10,46,602976,65,1,0,41,28,707000,708000,689000,30627,-56164,-15487,-23,-1331.61
100001946,Heilum Luki,6,300000,635000,635000,64,60,56,49,80,52,28,626375,28,4,52,660154,33,14,48,669243,41,7,61,60,64,487000,546000,595000,-8625,33779,9089,24,-359.38
100006297,Sualauvi Faalogo,6,467000,635000,635000,46,41,54,32,80,53,56,643168,56,43,53,632062,51,41,47,627964,53,41,49,41,46,595000,631000,640000,8168,-11106,-4098,-3,-2722.67
502363,Jack Williams,6,634000,633000,633000,57,51,36,72,70,49,47,627221,47,40,49,634891,47,36,50,637195,45,36,48,51,57,653000,641000,632000,-5779,7670,2304,2,-2889.5
503340,Dylan Edwards,6,614000,630000,630000,44,70,22,19,80,47,48,641320,48,48,47,628254,51,43,47,624158,50,46,52,70,44,649000,627000,634000,11320,-13066,-4096,-1,-11320.0
505976,Isaiah Papali'i,6,607000,626000,626000,36,37,59,61,76,49,63,641634,63,14,49,611163,59,27,51,606041,54,27,46,37,36,644000,659000,650000,15634,-30471,-5122,-14,-1116.71
503685,Erin Clark,6,734000,625000,625000,34,53,34,24,49,47,62,644540,62,17,47,608683,60,19,46,597288,57,13,39,53,34,689000,664000,650000,19540,-35857,-11395,-15,-1302.67
500555,Joseph Tapine,6,726000,622000,622000,64,41,57,39,54,46,38,602936,38,28,46,630044,42,30,49,634651,45,41,48,41,64,632000,622000,609000,-19064,27108,4607,8,-2383.0
501459,Cameron Munster,6,639000,618000,618000,35,46,36,50,80,45,63,638321,63,9,45,598260,62,17,49,589048,55,26,46,46,35,680000,666000,649000,20321,-40061,-9212,-18,-1128.94
100006323,Noah Martin,6,250000,617000,617000,50,63,53,1,72,50,35,628919,35,27,50,632435,38,36,47,637166,44,30,57,63,50,479000,540000,592000,11919,3516,4731,15,794.6
500459,Luciano Leilua,6,430000,605000,605000,77,63,41,16,80,50,14,572536,14,1,50,642559,21,4,46,658415,31,2,0,63,77,489000,513000,549000,-32464,70023,15856,36,-901.78
502580,James Fisher-Harris,6,582000,602000,602000,33,36,46,52,51,47,63,616380,63,12,47,584180,60,17,47,574708,55,33,49,36,33,643000,649000,633000,14380,-32200,-9472,-16,-898.75
100000129,Simi Sasagi,6,374000,602000,602000,60,64,58,33,80,49,24,596424,24,7,49,628266,28,10,50,644254,34,24,46,64,60,468000,510000,559000,-5576,31842,15988,25,-223.04
500043,Dane Gagai,6,532000,600000,600000,69,86,51,6,80,44,10,578113,10,3,44,635434,19,5,47,655899,31,18,47,86,69,504000,497000,543000,-21887,57321,20465,34,-643.74
100009209,Keano Kini,6,600000,599000,599000,90,28,39,1,80,48,26,543434,26,14,48,622285,29,8,0,622285,70,13,47,28,90,595000,589000,565000,-55566,78851,0,22,-2525.73
506314,Beau Fermor,6,672000,598000,598000,45,54,31,69,75,46,50,606979,50,32,46,592838,48,1,0,592838,83,1,47,54,45,652000,622000,610000,8979,-14141,0,-4,-2244.75
508009,Kotoni Staggs,6,573000,591000,591000,39,53,65,50,80,46,40,601496,40,35,46,597558,44,50,44,595766,49,42,46,53,39,532000,555000,581000,10496,-3938,-1792,6,1749.33
100006241,Hamish Stewart,6,442000,587000,587000,47,47,71,36,59,46,32,585371,32,19,46,600589,39,40,43,600717,47,1,0,47,47,482000,531000,565000,-1629,15218,128,14,-116.36
500449,Addin Fonua-Blake,6,661000,586000,586000,44,39,44,63,53,0,51,591921,51,1,0,586000,86,1,47,581025,74,2,45,39,44,637000,622000,603000,5921,-5921,-4975,-51,-116.1
100008071,Dominic Young,6,440000,573000,573000,35,47,75,10,80,45,43,594114,43,45,45,574944,43,48,42,572769,50,38,45,47,35,504000,544000,571000,21114,-19170,-2175,2,10557.0
507965,Kitione Kautoga,6,554000,571000,571000,33,39,60,44,74,43,47,589621,47,38,43,566086,51,33,45,559692,50,33,44,39,33,539000,566000,578000,18621,-23535,-6394,-4,-4655.25
100009453,Arama Hau,6,250000,571000,571000,56,48,87,1,78,54,14,566224,14,5,54,612413,20,20,0,612413,69,15,44,48,56,352000,447000,516000,-4776,46189,0,40,-119.4
500485,Mitchell Moses,6,589000,570000,570000,29,51,27,32,82,47,55,592899,55,29,47,561038,52,27,43,552846,49,42,46,51,29,593000,587000,588000,22899,-31861,-8192,-8,-2862.38
503523,Jacob Saifiti,6,451000,564000,564000,33,51,67,49,60,45,40,574967,40,36,45,568472,42,47,43,567704,47,42,44,51,33,493000,529000,559000,10967,-6495,-768,5,2193.4
504597,Phoenix Crossland,6,498000,564000,564000,50,46,52,55,78,45,34,559371,34,14,45,575428,37,28,43,578498,41,42,43,46,50,521000,538000,551000,-4629,16057,3070,11,-420.82
100008216,Joe Chan,6,311000,562000,562000,10,50,39,1,68,40,61,602081,61,13,40,538994,65,11,42,519159,60,9,35,50,10,501000,554000,588000,40081,-63087,-19835,-21,-1908.62
506018,Corey Horsburgh,6,664000,561000,561000,30,34,34,32,41,43,64,584108,64,6,43,537886,58,12,42,525853,53,28,45,34,30,665000,638000,603000,23108,-46222,-12033,-21,-1100.38
100008940,Jaxon Purdue,6,468000,552000,552000,36,60,35,46,80,39,37,561230,37,44,39,553092,45,31,38,544646,49,36,44,60,36,490000,508000,540000,9230,-8138,-8446,2,4615.0
100006524,Ethan Strange,6,508000,545000,545000,50,62,34,29,80,42,28,544472,28,23,42,559248,32,25,45,568839,33,25,46,62,50,497000,496000,520000,-528,14776,9591,14,-37.71
100011678,Casey McLean,6,480000,542000,542000,38,55,71,39,77,44,29,548381,29,14,44,557354,33,18,46,567597,37,44,39,55,38,447000,479000,519000,6381,8973,10243,15,425.4
500845,Valentine Holmes,6,643000,539000,539000,38,21,42,32,80,39,56,543295,56,9,39,520535,55,14,41,509653,50,1,0,21,38,601000,594000,563000,4295,-22760,-10882,-17,-252.65
504321,Braydon Trindall,6,416000,537000,537000,47,33,53,21,80,0,37,534109,37,1,0,537000,73,1,42,541965,66,2,41,33,47,499000,528000,533000,-2891,2891,4965,-37,78.14
507846,Kaeo Weekes,6,467000,532000,532000,50,47,41,1,80,42,28,524263,28,25,42,546303,33,35,41,549883,36,44,39,47,50,482000,496000,513000,-7737,22040,3580,14,-552.64
508649,KL Iro,6,628000,531000,531000,40,54,28,46,80,0,39,535684,39,1,0,531000,73,3,46,537869,61,11,44,54,40,564000,536000,533000,4684,-4684,6869,-39,-120.1
504298,Mat Croker,6,500000,525000,525000,37,36,49,63,49,38,41,529392,41,38,38,521133,46,24,39,514348,47,18,38,36,37,504000,522000,527000,4392,-8259,-6785,-3,-1464.0
505985,Zac Hosking,6,648000,521000,521000,37,50,32,48,45,41,42,525119,42,47,41,518931,40,44,42,520851,39,37,35,50,37,574000,541000,530000,4119,-6188,1920,-1,-4119.0
504123,Wayde Egan,6,584000,520000,520000,37,64,32,25,64,39,33,527603,33,32,39,526034,36,20,47,535626,33,24,42,64,37,519000,498000,512000,7603,-1569,9592,6,1267.17
505555,Lindsay Smith,6,670000,514000,514000,35,29,41,60,51,38,50,521008,50,13,38,500579,49,23,41,494952,44,29,38,29,35,587000,565000,537000,7008,-20429,-5627,-12,-584.0
100004272,Jesse Colquhoun,6,347000,511000,511000,65,33,42,50,45,0,22,484035,22,3,0,511000,58,10,43,532679,52,12,38,33,65,436000,466000,479000,-26965,26965,21679,-22,1225.68
100008220,Jojo Fifita,6,451000,510000,510000,65,64,46,17,80,43,5,480451,5,1,43,550214,11,21,0,550214,55,17,42,64,65,407000,413000,452000,-29549,69763,0,38,-777.61
100010997,Will Warbrick,6,426000,507000,507000,32,16,76,16,80,40,47,514382,47,37,40,498920,46,35,38,492391,48,37,41,16,32,467000,515000,517000,7382,-15462,-6529,-7,-1054.57
508443,Murray Taulagi,6,508000,503000,503000,16,50,34,35,77,0,51,531975,51,1,0,503000,81,1,37,488403,72,1,40,50,16,522000,520000,527000,28975,-28975,-14597,-51,-568.14
100008236,Jermaine McEwen,6,412000,503000,503000,58,45,55,48,80,40,15,479846,15,2,40,528253,21,5,42,542952,27,13,41,45,58,418000,441000,466000,-23154,48407,14699,25,-926.16
503922,Sione Katoa,6,468000,502000,502000,17,47,38,21,80,0,53,530150,53,1,0,502000,81,1,34,481131,74,1,39,47,17,523000,524000,529000,28150,-28150,-20869,-53,-531.13
506513,Tino Fa'asuamaleaui,6,668000,501000,501000,39,39,35,39,49,43,42,500546,42,48,43,501709,36,2,0,501709,68,7,43,39,39,571000,537000,514000,-454,1163,0,1,-454.0
100004700,Daniel Atkinson,6,450000,500000,500000,26,53,25,1,80,34,46,514219,46,23,34,486254,48,21,35,475511,47,1,0,53,26,519000,511000,516000,14219,-27965,-10743,-12,-1184.92
100003925,Ethan Sanders,6,350000,495000,495000,48,27,43,46,80,43,34,490663,34,20,43,504907,33,20,42,511694,32,17,42,27,48,452000,483000,487000,-4337,14244,6787,9,-481.89
504462,Sam Verrills,6,602000,492000,492000,16,32,38,42,50,29,59,520862,59,1,29,459129,61,1,0,459129,84,1,36,32,16,575000,558000,535000,28862,-61733,0,-30,-962.07
100001349,Chris Randall,6,487000,488000,488000,45,31,41,59,55,39,35,487404,35,39,39,491754,35,1,0,491754,66,4,41,31,45,480000,487000,483000,-596,4350,0,4,-149.0
500622,Tyson Frizell,6,479000,487000,487000,23,42,54,54,34,0,41,510835,41,1,0,487000,72,1,41,486034,63,2,40,42,23,464000,481000,495000,23835,-23835,-966,-41,-581.34
100013751,Savelio Tamale,6,468000,487000,487000,17,32,50,1,77,39,50,506478,50,25,39,475369,50,14,32,459114,52,27,42,32,17,479000,503000,509000,19478,-31109,-16255,-11,-1770.73
501247,Josh King,6,505000,486000,486000,41,37,30,66,55,32,40,485042,40,17,32,476862,42,36,39,474943,39,50,39,37,41,516000,504000,492000,-958,-8180,-1919,-8,119.75
100004534,Ezra Mam,6,475000,485000,485000,47,61,36,1,80,38,19,476945,19,13,38,504653,23,19,38,515143,29,28,39,61,47,439000,432000,457000,-8055,27708,10490,19,-423.95
500301,Jason Taumalolo,6,439000,484000,484000,50,37,39,67,47,42,26,474194,26,3,42,499875,27,3,42,511646,27,3,43,37,50,452000,461000,467000,-9806,25681,11771,16,-612.88
509579,Sandon Smith,6,439000,483000,483000,58,41,50,21,80,39,15,462135,15,7,39,507620,20,12,39,520793,27,23,39,41,58,413000,428000,447000,-20865,45485,13173,24,-869.38
500687,Junior Paulo,6,593000,481000,481000,26,42,27,55,45,37,47,496751,47,20,37,469621,45,22,36,462579,43,28,36,42,26,545000,518000,503000,15751,-27130,-7042,-10,-1575.1
504426,Emre Guler,6,440000,479000,479000,43,34,39,58,50,39,31,474315,31,20,39,487123,34,42,36,487379,36,1,0,34,43,455000,467000,471000,-4685,12808,256,8,-585.62
100013674,Leka Halasima,6,498000,478000,478000,12,53,16,1,75,38,56,506233,56,17,38,458725,50,28,39,451687,42,42,38,53,12,517000,502000,506000,28233,-47508,-7038,-18,-1568.5
505413,Billy Burns,6,438000,475000,475000,16,64,44,7,75,0,35,503823,35,1,0,475000,67,3,37,477271,62,5,37,64,16,426000,436000,474000,28823,-28823,2271,-35,-823.51
500406,Corey Jensen,6,407000,469000,469000,28,34,54,34,42,35,37,481757,37,41,35,466455,40,41,38,464152,40,29,35,34,28,409000,444000,465000,12757,-15302,-2303,-2,-6378.5
100006166,Morgan Smithies,6,487000,469000,469000,53,28,35,57,45,37,29,452864,29,24,37,476872,30,27,37,481990,31,21,40,28,53,483000,476000,461000,-16136,24008,5118,8,-2017.0
504072,Tom Starling,6,571000,464000,464000,51,23,33,35,64,35,36,449545,36,46,35,462256,34,43,32,460083,36,46,35,23,51,537000,508000,472000,-14455,12711,-2173,-1,14455.0
504279,William Kennedy,6,421000,461000,461000,21,68,44,22,80,0,28,479673,28,2,0,461000,59,6,39,472318,55,6,35,68,21,411000,413000,452000,18673,-18673,11318,-28,-666.89
504325,Greg Marzhew,6,527000,461000,461000,17,50,27,51,80,32,46,489870,46,17,32,445364,47,25,37,438833,42,45,40,50,17,507000,485000,484000,28870,-44506,-6531,-14,-2062.14
501461,Moses Leota,6,501000,458000,458000,36,28,37,54,43,38,37,457379,37,45,38,458883,36,50,36,457859,35,45,34,28,36,466000,469000,462000,-621,1504,-1024,1,-621.0
506278,Moeaki Fotuaika,6,566000,455000,455000,35,31,33,52,39,34,40,462107,40,32,34,447642,39,1,0,447642,66,1,36,31,35,518000,493000,470000,7107,-14465,0,-6,-1184.5
100004042,Paul Alamoti,6,517000,455000,455000,21,39,42,31,80,31,42,469702,42,21,31,443234,45,23,35,435296,44,23,34,39,21,466000,465000,468000,14702,-26468,-7938,-11,-1336.55
500083,Dylan Walker,6,448000,453000,453000,33,38,41,68,63,36,33,459109,33,28,36,456028,34,42,33,453980,37,42,36,38,33,444000,448000,453000,6109,-3081,-2048,3,2036.33
501271,Luke Garner,6,510000,453000,453000,21,50,16,25,42,29,48,475185,48,10,29,432436,47,27,38,427826,40,37,35,50,21,525000,490000,479000,22185,-42749,-4610,-19,-1167.63
100004833,Xavier Willison,6,468000,451000,451000,26,51,50,17,46,37,29,463286,29,29,37,458147,29,26,38,464666,32,47,33,51,26,414000,419000,444000,12286,-5139,6519,8,1535.75
505918,Phillip Sami,6,513000,445000,445000,50,28,47,27,80,39,20,431238,20,8,39,464428,22,6,0,464428,55,6,33,28,50,423000,426000,425000,-13762,33190,0,19,-724.32
510238,Thomas Hazelton,6,457000,432000,432000,34,28,36,64,36,0,33,441440,33,1,0,432000,62,1,37,434977,52,5,34,28,34,441000,443000,437000,9440,-9440,2977,-33,-286.06
505460,Reed Mahoney,6,489000,431000,431000,2,50,13,1,51,0,57,474054,57,1,0,431000,77,1,34,405968,62,6,33,50,2,518000,486000,477000,43054,-43054,-25032,-57,-755.33
100006848,Blaize Talagi,6,435000,421000,421000,10,26,27,25,80,25,54,452965,54,1,25,389670,56,4,35,374073,46,14,33,26,10,465000,468000,457000,31965,-63295,-15597,-29,-1102.24
506492,Cory Paix,6,409000,418000,418000,29,39,43,43,65,0,26,422126,26,1,0,418000,56,1,32,423888,52,3,33,39,29,374000,389000,408000,4126,-4126,5888,-26,-158.69
505410,Brian To'o,6,533000,414000,414000,20,42,8,16,78,30,47,433344,47,12,30,395794,42,37,37,394259,33,42,36,42,20,499000,458000,440000,19344,-37550,-1535,-17,-1137.88
100003898,Ryley Smith,6,473000,414000,414000,17,36,22,49,45,33,44,433760,44,16,33,401553,41,18,31,393361,38,36,34,36,17,453000,441000,435000,19760,-32207,-8192,-11,-1796.36
500532,Dallin Watene-Zelezniak,6,309000,409000,409000,47,66,15,3,80,35,7,395995,7,5,35,438898,10,5,38,461048,12,8,35,66,47,328000,324000,365000,-13005,42903,22150,28,-464.46
500005,Roger Tuivasa-Sheck,6,559000,402000,402000,51,14,22,6,80,34,30,383703,30,39,34,405265,26,36,31,409227,25,31,32,14,51,497000,457000,410000,-18297,21562,3962,4,-4574.25
500405,Coen Hess,6,462000,399000,399000,38,32,20,45,41,32,29,392247,29,38,32,401171,28,34,32,404496,27,27,33,32,38,442000,418000,402000,-6753,8924,3325,3,-2251.0
509559,Samuel Stonestreet,6,370000,395000,395000,12,36,31,14,80,0,41,423216,41,1,0,395000,64,3,38,391344,50,6,28,36,12,394000,403000,413000,28216,-28216,-3656,-41,-688.2
506259,AJ Brimson,6,542000,389000,389000,20,10,29,16,80,33,51,395931,51,12,33,369789,43,1,0,369789,61,3,31,10,20,486000,466000,426000,6931,-26142,0,-18,-385.06
505564,Lachlan Ilias,6,442000,383000,383000,40,32,28,34,80,30,26,371409,26,34,30,387623,23,1,0,387623,49,3,30,32,40,414000,392000,379000,-11591,16214,0,4,-2897.75
100007650,Deine Mariner,6,421000,378000,378000,33,26,34,22,80,34,25,375856,25,27,34,386670,24,39,28,388204,27,39,31,26,33,375000,376000,374000,-2144,10814,1534,9,-238.22
504460,Oregon Kaufusi,6,435000,373000,373000,41,29,27,32,29,0,22,362716,22,1,0,373000,45,5,29,380000,42,11,30,29,41,396000,378000,366000,-10284,10284,7000,-22,467.45
100012134,Jacob Laban,6,335000,371000,371000,22,13,50,1,46,27,33,381566,33,34,27,363580,36,32,29,356809,35,37,30,13,22,335000,371000,376000,10566,-17986,-6771,-6,-1761.0
504326,Toby Rudolf,6,345000,369000,369000,44,37,30,40,39,0,11,351595,11,17,0,369000,39,47,40,399465,29,37,33,37,44,323000,326000,341000,-17405,17405,30465,-11,1582.27
500852,Scott Sorensen,6,495000,368000,368000,30,22,14,27,38,29,35,366367,35,35,29,360912,33,37,28,356817,30,47,29,22,30,442000,412000,384000,-1633,-5455,-4095,-6,272.17
100003194,Christian Tuipulotu,6,507000,365000,365000,3,19,18,1,60,25,56,396325,56,4,25,331989,52,5,23,308696,47,1,0,19,3,468000,445000,414000,31325,-64336,-23293,-31,-1010.48
504148,Sebastian Kris,6,421000,348000,348000,20,21,38,28,80,26,33,356981,33,30,26,340296,32,35,27,336074,32,44,30,21,20,376000,372000,362000,8981,-16685,-4222,-7,-1283.0
100004869,Griffin Neame,6,475000,344000,344000,22,26,19,20,34,26,33,351001,33,29,26,335602,32,34,27,331767,29,50,29,26,22,402000,377000,359000,7001,-15399,-3835,-7,-1000.14
100013815,Cooper Clarke,6,230000,333000,333000,55,29,19,24,55,31,4,304468,4,1,31,361812,5,1,33,384737,5,1,31,29,55,284000,289000,297000,-28532,57344,22925,27,-1056.74
100014512,Cooper Bai,6,250000,330000,330000,52,29,27,26,34,31,3,302982,3,1,31,358985,4,35,0,358985,32,43,30,29,52,268000,278000,292000,-27018,56003,0,28,-964.93
100014118,Sialetili Faeamani,6,230000,327000,327000,44,27,18,47,80,30,12,310547,12,1,30,345086,11,8,0,345086,35,19,28,27,44,292000,299000,305000,-16453,34539,0,18,-914.06
100004109,Ata Mariota,6,368000,321000,321000,35,14,26,48,33,26,24,312673,24,41,26,322211,22,41,24,323233,23,36,26,14,35,353000,343000,324000,-8327,9538,1022,2,-4163.5
507680,Tyran Wishart,6,398000,317000,317000,8,31,12,7,41,23,39,335956,39,17,23,299635,36,24,24,290928,32,34,25,31,8,391000,363000,347000,18956,-36321,-8707,-16,-1184.75
504573,Ben Talty,6,320000,306000,306000,50,18,30,17,31,26,4,277280,4,2,26,328328,7,5,25,341113,12,11,26,18,50,281000,281000,277000,-28720,51048,12785,22,-1305.45
504079,Pasami Saulo,6,250000,301000,301000,25,21,39,43,23,33,19,303288,19,5,33,315798,13,14,22,321684,19,14,28,21,25,262000,282000,293000,2288,12510,5886,14,163.43
504175,Siosifa Talakai,6,344000,299000,299000,25,43,18,25,31,0,13,300527,13,13,0,299000,34,15,22,308101,34,30,28,43,25,290000,272000,286000,1527,-1527,9101,-13,-117.46
505648,Kurtis Morrin,6,250000,299000,299000,20,24,23,62,36,26,24,304683,24,41,26,300724,23,1,0,300724,42,3,26,24,20,278000,291000,299000,5683,-3959,0,2,2841.5
100008487,Billy Phillips,6,250000,299000,299000,10,25,35,34,31,24,29,320878,29,27,24,292808,27,36,24,290123,27,41,25,25,10,280000,298000,309000,21878,-28070,-2685,-5,-4375.6
100006658,Tallyn Da Silva,6,250000,267000,267000,22,17,12,1,44,21,21,266593,21,50,21,266779,23,50,23,266395,19,47,20,17,22,267000,271000,268000,-407,186,-384,0,
502016,Jayden Brailey,6,445000,259000,259000,8,21,13,1,20,20,31,273763,31,28,20,246485,29,37,23,243286,23,46,25,21,8,342000,307000,284000,14763,-27278,-3199,-11,-1342.09
509563,Samuel Healey,6,350000,244000,244000,6,18,12,1,16,17,32,259322,32,22,17,227296,30,34,22,222435,23,36,16,18,6,309000,287000,270000,15322,-32026,-4861,-15,-1021.47
508065,Terrell May,5,930000,847000,847000,73,75,51,66,57,67,62,844296,62,35,67,851754,60,33,66,855978,61,33,55,75,73,897000,862000,848000,-2704,7458,4224,5,-540.8
504300,Payne Haas,5,950000,840000,840000,65,43,67,65,65,59,77,846133,77,12,59,820435,79,20,66,810199,73,33,66,43,65,906000,906000,867000,6133,-25698,-10236,-18,-340.72
508300,Herbie Farnworth,5,800000,806000,806000,78,67,57,67,80,60,50,806000,50,22,60,816585,56,24,65,823756,56,38,60,78,,784000,787000,806000,0,10585,7171,10,0.0
100008107,Kai Pearce-Paul,5,695000,779000,779000,57,84,69,54,82,60,48,786638,48,16,60,791340,52,21,62,797737,57,37,61,84,57,704000,721000,760000,7638,4702,6397,12,636.5
502502,Latrell Mitchell,5,723000,775000,775000,66,66,56,74,80,60,55,772198,55,37,60,779628,56,50,56,777964,61,45,59,66,66,760000,760000,767000,-2802,7430,-1664,5,-560.4
502532,Alex Twal,5,570000,759000,759000,70,77,78,63,76,58,31,749158,31,4,58,786280,42,13,59,796257,52,30,60,77,70,605000,655000,712000,-9842,37122,9977,27,-364.52
505811,Adam Doueihi,5,557000,712000,712000,63,47,75,23,81,54,48,700996,48,39,54,717481,52,37,59,723497,52,50,52,47,63,628000,675000,695000,-11004,16485,6016,6,-1834.0
507878,Jacob Preston,5,720000,700000,700000,80,44,31,48,80,56,49,674203,49,30,56,705952,47,23,57,714522,43,15,57,44,80,749000,725000,694000,-25797,31749,8570,7,-3685.29
504176,Cameron Murray,5,725000,686000,686000,53,51,49,39,64,53,57,681463,57,39,53,681374,56,47,57,683166,52,44,54,51,53,709000,709000,696000,-4537,-89,1792,-4,1134.25
510216,Reece Walsh,5,654000,669000,669000,31,82,50,15,66,0,48,669000,48,2,0,669000,95,3,50,670032,87,5,49,31,,630000,668000,669000,0,0,1032,-48,-0.0
501505,Tom Trbojevic,5,600000,667000,667000,52,44,55,37,69,56,54,668985,54,46,56,668184,51,48,52,668184,51,46,53,44,52,648000,668000,670000,1985,-801,0,2,992.5
100007811,Kulikefu Finefeuiaki,5,484000,662000,662000,43,76,55,13,80,54,40,662000,40,18,54,676569,44,24,55,683865,46,37,51,43,,581000,638000,662000,0,14569,7296,14,0.0
508033,Haumole Olakau'atu,5,608000,661000,661000,53,71,54,14,76,55,40,662538,40,21,55,676790,39,24,52,685749,44,33,52,71,53,614000,618000,643000,1538,14252,8959,15,102.53
510577,Samuela Fainu,5,517000,656000,656000,53,52,42,62,76,49,49,656954,49,50,49,654385,53,44,55,656175,48,39,52,52,53,606000,633000,650000,954,-2569,1790,0,
509397,Matt Burton,5,549000,651000,651000,40,44,66,43,80,50,52,668891,52,44,50,647483,57,26,49,638789,58,41,55,44,40,588000,633000,654000,17891,-21408,-8694,-2,-8945.5
501175,Jamal Fogarty,5,687000,649000,649000,65,47,49,52,80,48,42,629035,42,29,48,654828,46,39,49,656492,48,46,49,47,65,664000,652000,640000,-19965,25793,1664,6,-3327.5
100001936,Hamiso Tabuai-Fidow,5,617000,638000,638000,61,40,34,33,80,55,50,638000,50,35,55,643648,46,38,50,646465,44,41,47,61,,650000,637000,638000,0,5648,2817,5,0.0
500663,James Tedesco,5,684000,637000,637000,60,26,55,30,80,50,55,625672,55,38,50,631304,51,48,50,630664,50,48,49,,60,682000,650000,650000,-11328,5632,-640,-5,2265.6
500024,Daly Cherry-Evans,5,666000,630000,630000,48,64,44,20,80,51,41,636398,41,28,51,640082,43,34,50,644175,44,37,50,,48,613000,624000,624000,6398,3684,4093,10,639.8
100006258,Isaiya Katoa,5,706000,628000,628000,40,48,50,75,80,47,57,628000,57,18,47,617065,56,16,45,607595,57,12,44,40,,660000,647000,628000,0,-10935,-9470,-10,-0.0
504174,Keaon Koloamatangi,5,704000,627000,627000,44,40,48,76,73,47,59,634185,59,21,47,614073,57,21,45,604088,57,19,44,40,44,672000,672000,649000,7185,-20112,-9985,-12,-598.75
100011308,Toby Couchman,5,691000,627000,627000,64,56,33,30,52,48,41,606458,41,33,48,633181,40,42,43,633437,46,1,0,56,64,638000,638000,621000,-20542,26723,256,7,-2934.57
100004373,Siua Wong,5,570000,622000,622000,56,59,55,27,76,53,33,618524,33,11,53,642070,34,23,46,648464,42,40,46,,56,578000,601000,601000,-3476,23546,6394,20,-173.8
507850,Ben Trbojevic,5,504000,619000,619000,48,79,49,42,80,51,28,618310,28,7,51,641995,33,22,45,647750,43,47,44,79,48,520000,538000,588000,-690,23685,5755,23,-30.0
100007336,Lachlan Galvin,5,535000,611000,611000,58,50,54,47,80,49,39,601991,39,22,49,621326,38,14,52,633095,38,14,52,50,58,571000,585000,595000,-9009,19335,11769,10,-900.9
506628,Kelma Tuilagi,5,495000,606000,606000,62,37,47,35,71,46,41,590328,41,38,46,610415,43,47,44,609519,47,50,47,37,62,565000,590000,592000,-15672,20087,-896,5,-3134.4
507949,Connelly Lemuelu,5,449000,606000,606000,29,58,68,24,80,51,46,606000,46,39,51,610217,46,39,51,613288,47,48,48,29,,554000,600000,606000,0,4217,3071,5,0.0
505643,Jake Averillo,5,481000,605000,605000,46,66,62,38,80,45,31,605000,31,12,45,619812,39,18,50,627497,43,37,47,46,,529000,576000,605000,0,14812,7685,14,0.0
504397,Max King,5,643000,603000,603000,60,42,37,55,47,0,44,591477,44,1,0,603000,80,1,47,605333,71,1,48,42,60,640000,622000,602000,-11523,11523,2333,-44,261.89
500408,Viliame Kikau,5,628000,600000,600000,52,23,56,26,80,45,57,594281,57,21,45,586989,53,25,43,579564,53,30,45,23,52,648000,649000,618000,-5719,-7292,-7425,-12,476.58
100006390,Naufahu Whyte,5,638000,598000,598000,43,61,50,47,48,43,42,604232,42,47,43,598385,45,43,43,595570,50,25,42,,43,589000,597000,597000,6232,-5847,-2815,1,6232.0
502014,Jamayne Isaako,5,481000,590000,590000,51,73,65,1,80,45,22,590000,22,8,45,613463,29,11,49,628298,36,27,46,51,,501000,551000,590000,0,23463,14835,23,0.0
509634,Tolutau Koula,5,515000,588000,588000,28,65,60,24,80,45,49,612171,49,39,45,583368,46,45,44,581193,51,25,41,65,28,549000,563000,592000,24171,-28803,-2175,-4,-6042.75
100018452,Mark Nawaqanitawase,5,612000,587000,587000,40,68,33,31,80,46,42,597710,42,41,46,590332,42,44,45,591483,43,46,45,,40,575000,587000,587000,10710,-7378,1151,4,2677.5
506040,Braidon Burns,5,570000,581000,581000,42,68,27,45,72,0,38,585255,38,1,0,581000,78,2,43,585644,71,8,47,42,,553000,572000,581000,4255,-4255,4644,-38,-111.97
500109,Apisai Koroisau,5,583000,579000,579000,50,61,49,64,77,48,31,577266,31,14,48,596429,33,21,46,605904,38,38,43,61,50,549000,544000,561000,-1734,19163,9475,17,-102.0
503240,Angus Crichton,5,638000,567000,567000,47,38,43,58,80,44,47,567810,47,38,44,563180,45,46,44,562157,44,42,46,,47,598000,578000,578000,810,-4630,-1023,-3,-270.0
509529,Tallis Duncan,5,551000,553000,553000,52,66,39,37,80,42,27,542954,27,20,42,567569,30,39,35,568464,42,50,42,66,52,516000,516000,532000,-10046,24615,895,15,-669.73
100004133,Jacob Kiraz,5,664000,553000,553000,31,35,49,40,80,37,60,568898,60,11,37,527439,57,28,46,521303,50,28,39,35,31,641000,618000,588000,15898,-41459,-6136,-23,-691.22
507915,Trey Mooney,5,450000,547000,547000,48,42,29,11,44,45,41,542731,41,40,45,549559,40,38,45,553266,37,34,44,42,48,538000,538000,543000,-4269,6828,3707,4,-1067.25
100012669,Jahream Bula,5,499000,545000,545000,67,51,52,35,82,44,16,518422,16,2,44,574380,21,2,47,594226,27,9,45,51,67,479000,486000,504000,-26578,55958,19846,28,-949.21
503327,Connor Watson,5,622000,540000,540000,32,69,45,15,53,42,34,554744,34,31,42,548056,37,35,43,552149,40,38,45,,32,519000,537000,537000,14744,-6688,4093,8,1843.0
500108,Alex Johnston,5,463000,534000,534000,75,51,33,12,80,43,11,491414,11,4,43,567405,18,10,42,583781,25,10,49,51,75,469000,469000,485000,-42586,75991,16376,32,-1330.81
503639,Nat Butcher,5,532000,524000,524000,40,41,28,25,39,45,48,527999,48,41,45,520551,40,38,44,524775,36,27,44,,40,549000,537000,537000,3999,-7448,4224,-3,-1333.0
506156,Tom Gilbert,5,513000,520000,520000,36,33,48,27,51,39,42,520000,42,40,39,516204,45,21,35,504952,49,21,39,36,,523000,525000,520000,0,-3796,-11252,-3,-0.0
506482,David Fifita,5,500000,519000,519000,53,27,51,1,75,49,34,508798,34,22,49,534980,29,23,43,545221,31,23,45,27,53,516000,516000,510000,-10202,26182,10241,15,-680.13
502015,Connor Tracey,5,500000,518000,518000,30,33,32,25,80,44,51,529700,51,33,44,509922,48,31,40,502751,44,38,39,33,30,531000,541000,536000,11700,-19778,-7171,-7,-1671.43
504251,Taniela Paseka,5,500000,515000,515000,45,40,36,55,51,43,38,509756,38,32,43,519620,36,36,40,522693,37,43,39,40,45,518000,516000,513000,-5244,9864,3073,5,-1048.8
507062,Briton Nikora,5,555000,515000,515000,16,15,55,1,42,0,64,544627,64,1,0,515000,93,1,37,485199,81,1,40,15,16,579000,579000,559000,29627,-29627,-29801,-64,-462.92
505736,Morgan Knowles,5,550000,509000,509000,32,38,41,72,58,38,48,509000,48,3,38,498199,46,7,38,491932,45,10,38,32,,535000,526000,509000,0,-10801,-6267,-10,-0.0
506682,Bradman Best,5,584000,509000,509000,16,43,35,41,67,0,57,509000,57,1,0,509000,85,1,36,486408,75,1,40,16,,551000,542000,509000,0,0,-22592,-57,-0.0
504374,Reuben Cotter,5,569000,507000,507000,60,42,22,51,63,42,29,487142,29,7,42,520726,28,11,39,529048,30,7,43,42,60,544000,513000,494000,-19858,33584,8322,13,-1527.54
100004843,Sam Walker,5,570000,501000,501000,52,42,26,14,79,40,31,488420,31,29,40,509634,32,25,43,518842,29,25,40,,52,509000,495000,495000,-12580,21214,9208,9,-1397.78
100009148,Jye Gray,5,500000,499000,499000,6,34,68,17,51,0,56,546944,56,1,0,499000,85,1,37,477442,77,1,35,34,6,521000,521000,532000,47944,-47944,-21558,-56,-856.14
509455,Sunia Turuva,5,401000,495000,495000,80,35,46,1,82,43,7,447351,7,1,43,532402,10,2,43,557724,16,3,46,35,80,418000,433000,443000,-47649,85051,25322,36,-1323.58
503443,Reuben Garrick,5,551000,491000,491000,72,43,27,3,80,47,14,452064,14,2,47,525184,11,3,41,547679,16,8,38,43,72,503000,472000,459000,-38936,73120,22495,33,-1179.88
100004781,Tom Chester,5,250000,489000,489000,63,50,23,7,78,44,11,468379,11,4,44,523596,17,11,41,540494,20,7,48,50,63,393000,393000,436000,-20621,55217,16898,33,-624.88
508254,Taine Tuaupiki,5,439000,486000,486000,29,41,39,42,76,39,40,501171,40,47,39,484269,40,43,38,481328,40,47,39,41,29,462000,478000,490000,15171,-16902,-2941,-1,-15171.0
504101,Moses Suli,5,462000,485000,485000,20,46,51,40,76,0,41,507003,41,1,0,485000,72,1,35,477483,68,1,0,46,20,475000,475000,494000,22003,-22003,-7517,-41,-536.66
503450,Tevita Tatola,5,463000,484000,484000,33,31,45,60,50,38,41,493801,41,37,38,479293,41,41,39,477247,39,21,32,31,33,493000,493000,492000,9801,-14508,-2046,-3,-3267.0
502072,Jesse Ramien,5,479000,482000,482000,15,37,32,37,73,0,59,482000,59,1,0,482000,82,1,38,459576,69,1,39,15,,522000,516000,482000,0,0,-22424,-59,-0.0
508629,Jake Simpkin,5,509000,477000,477000,47,27,37,47,53,34,38,468428,38,40,34,472227,38,47,37,471971,37,42,40,27,47,513000,502000,481000,-8572,3799,-256,-4,2143.0
506567,Kobe Hetherington,5,461000,467000,467000,47,26,63,24,54,38,27,454908,27,17,38,477699,27,24,35,482560,34,43,36,26,47,440000,456000,455000,-12092,22791,4861,11,-1099.27
505361,Sitili Tupouniua,5,414000,466000,466000,55,32,47,14,44,38,20,448167,20,13,38,484241,23,33,30,486415,33,38,38,32,55,417000,433000,441000,-17833,36074,2174,18,-990.72
507833,Peter Mamouzelos,5,540000,462000,462000,36,31,31,59,57,34,42,464872,42,23,34,452801,40,23,32,445512,41,21,32,31,36,500000,500000,478000,2872,-12071,-7289,-8,-359.0
504411,Bailey Simonsson,5,468000,458000,458000,45,46,40,52,73,0,23,458000,23,4,0,458000,54,12,38,473891,50,19,38,45,,431000,440000,458000,0,0,15891,-23,-0.0
100011191,Lehi Hopoate,5,496000,456000,456000,38,51,46,1,80,34,25,459730,25,35,34,465293,27,30,39,475533,30,47,32,51,38,448000,434000,444000,3730,5563,10240,9,414.44
504065,Sam McIntyre,5,458000,455000,455000,9,41,17,13,61,0,58,455000,58,1,0,455000,81,1,33,427573,68,1,29,9,,497000,492000,455000,0,0,-27427,-58,-0.0
505414,Mitch Kenny,5,521000,454000,454000,50,19,34,33,72,34,33,437648,33,47,34,454882,35,44,37,457059,32,40,35,,50,482000,455000,455000,-16352,17234,2177,1,-16352.0
100004865,Jack Howarth,5,452000,451000,451000,48,10,31,35,65,35,38,437865,38,41,35,446987,38,44,36,445069,34,47,35,,48,484000,458000,458000,-13135,9122,-1918,-3,4378.33
100008414,Fletcher Hunt,5,280000,450000,450000,40,45,42,15,80,40,22,450825,22,8,40,468629,23,15,36,477710,27,15,40,45,40,347000,385000,423000,825,17804,9081,18,45.83
501351,Josh Addo-Carr,5,493000,449000,449000,44,28,45,26,82,36,26,443956,26,21,36,458180,29,40,32,458052,34,44,36,28,44,448000,448000,442000,-5044,14224,-128,10,-504.4
501781,Lindsay Collins,5,463000,446000,446000,22,40,27,58,40,34,45,463517,45,10,34,434114,42,21,35,428740,39,32,35,,22,467000,465000,465000,17517,-29403,-5374,-11,-1592.45
500646,Luke Brooks,5,437000,442000,442000,34,24,34,35,80,42,38,453220,38,39,42,445893,33,44,35,446660,31,36,36,24,34,449000,458000,450000,11220,-7327,767,4,2805.0
500002,Daniel Tupou,5,486000,439000,439000,45,45,20,37,80,35,25,429121,25,17,35,449182,26,25,33,454174,28,31,33,,45,434000,429000,429000,-9879,20061,4992,10,-987.9
100004649,Selwyn Cobbo,5,454000,439000,439000,21,34,48,33,79,32,40,439000,40,26,32,429815,41,23,32,422005,43,26,35,21,,447000,452000,439000,0,-9185,-7810,-8,-0.0
500265,Kodi Nikorima,5,495000,435000,435000,29,31,46,2,80,32,37,435000,37,39,32,429551,37,48,36,429551,36,39,31,29,,452000,444000,435000,0,-5449,0,-5,-0.0
510220,Xavier Savage,5,316000,427000,427000,18,49,33,1,77,0,35,427000,35,2,0,427000,62,5,34,424736,55,8,30,18,,395000,427000,427000,0,0,-2264,-35,-0.0
100010109,Klese Haas,5,430000,423000,423000,38,35,28,39,36,0,28,427539,28,2,0,423000,56,1,0,423000,77,1,33,38,,417000,417000,423000,4539,-4539,0,-28,-162.11
504301,Jaeman Salmon,5,360000,420000,420000,37,40,31,45,52,33,26,419690,26,23,33,426142,27,42,29,425886,32,30,37,40,37,390000,397000,410000,-310,6452,-256,7,-44.29
505864,Bailey Hayward,5,375000,418000,418000,27,51,23,30,73,33,31,425429,31,44,33,419845,30,44,32,420996,31,41,34,51,27,401000,398000,415000,7429,-5584,1151,2,3714.5
500611,Cody Walker,5,347000,410000,410000,54,36,22,30,80,38,18,388929,18,6,38,430830,14,5,36,448627,16,2,42,36,54,383000,383000,385000,-21071,41901,17797,20,-1053.55
502487,Marcelo Montoya,5,386000,409000,409000,7,27,44,33,80,35,49,439478,49,12,35,393609,44,12,30,382476,42,20,32,27,7,411000,433000,437000,30478,-45869,-11133,-14,-2177.0
100006683,Josiah Karapani,5,505000,406000,406000,51,21,28,18,80,30,26,384865,26,40,30,409688,26,38,31,413266,27,43,30,,51,435000,404000,404000,-21135,24823,3578,4,-5283.75
500751,Jake Trbojevic,5,443000,405000,405000,21,37,24,53,46,0,38,422915,38,1,0,405000,62,1,36,402061,50,8,36,37,21,436000,424000,420000,17915,-17915,-2939,-38,-471.45
500257,Ben Hunt,5,463000,402000,402000,21,16,43,36,54,0,45,402000,45,1,0,402000,66,1,34,389564,55,4,36,21,,449000,428000,402000,0,0,-12436,-45,-0.0
509762,Sean Russell,5,364000,401000,401000,16,45,26,31,63,0,38,401000,38,1,0,401000,60,1,26,387213,57,1,29,16,,398000,412000,401000,0,0,-13787,-38,-0.0
504363,Kyle Flanagan,5,533000,395000,395000,27,15,19,27,74,28,48,403096,48,4,28,372312,43,5,24,356341,42,1,0,,27,478000,432000,432000,8096,-30784,-15971,-20,-404.8
100004194,Fonua Pole,5,397000,392000,392000,37,30,30,30,36,30,24,385246,24,27,30,398262,27,31,32,401333,27,24,34,30,37,382000,383000,384000,-6754,13016,3071,6,-1125.67
505537,Nick Meaney,5,529000,389000,389000,35,14,16,11,80,31,43,387749,43,23,31,375244,36,38,31,372687,30,50,30,14,35,467000,467000,417000,-1251,-12505,-2557,-12,104.25
500339,Jack Wighton,5,401000,384000,384000,37,17,24,25,80,31,33,378373,33,44,31,381196,31,44,33,383627,26,33,32,17,37,411000,411000,391000,-5627,2823,2431,-2,2813.5
100013336,Demitric Vaimauga,5,434000,382000,382000,47,31,29,48,39,31,16,368797,16,9,31,396945,18,18,28,403469,23,26,30,31,47,375000,375000,366000,-13203,28148,6524,15,-880.2
500729,Clinton Gutherson,5,503000,379000,379000,25,7,36,20,80,0,45,379000,45,1,0,379000,64,1,28,361126,55,1,0,25,,449000,409000,379000,0,0,-17874,-45,-0.0
500601,Kurt Mann,5,389000,373000,373000,14,39,31,22,39,31,36,393621,36,31,31,367686,32,38,29,365382,32,42,30,39,14,384000,379000,386000,20621,-25935,-2304,-5,-4124.2
509297,Sione Fainu,5,354000,364000,364000,23,36,20,40,29,30,29,369893,29,46,30,364231,29,50,29,363975,27,46,28,36,23,363000,361000,367000,5893,-5662,-256,1,5893.0
504371,Gehamat Shibasaki,5,560000,363000,363000,18,24,30,1,72,21,43,381484,43,10,21,339677,42,19,27,329687,39,32,31,24,18,481000,435000,397000,18484,-41807,-9990,-22,-840.18
501290,Hame Sele,5,325000,358000,358000,45,23,23,48,30,31,18,339378,18,12,31,371479,18,16,29,379410,19,4,0,23,45,342000,345000,342000,-18622,32101,7931,13,-1432.46
100013671,Tanner Stowers-Smith,5,340000,355000,355000,17,34,41,54,36,0,27,370914,27,1,0,355000,50,1,27,354359,47,1,28,34,17,328000,341000,357000,15914,-15914,-641,-27,-589.41
100007566,Alec MacDonald,5,367000,351000,351000,34,37,30,9,44,30,13,346028,13,7,30,368339,17,19,27,374478,21,27,28,37,34,323000,321000,333000,-4972,22311,6139,17,-292.47
100013780,Heamasi Makasini,5,250000,345000,345000,23,29,29,68,82,29,26,357094,26,28,29,348053,26,12,32,353171,23,6,31,29,23,296000,322000,340000,12094,-9041,5118,3,4031.33
509524,Jonah Pezet,5,400000,343000,343000,16,27,26,10,73,0,34,343000,34,1,0,343000,54,1,25,333431,48,1,23,16,,365000,359000,343000,0,0,-9569,-34,-0.0
500598,Felise Kaufusi,5,351000,332000,332000,25,27,20,24,35,28,28,332000,28,50,28,332514,26,41,28,334948,23,37,26,25,,340000,336000,332000,0,514,2434,0,
500600,Matthew Lodge,5,378000,319000,319000,17,16,33,25,24,27,33,332078,33,32,27,312057,30,41,27,310648,27,50,27,,17,350000,337000,337000,13078,-20021,-1409,-6,-2179.67
100018554,Moses Leo,5,250000,319000,319000,12,11,16,1,72,27,46,342360,46,17,27,298005,38,31,28,292124,29,46,27,,12,361000,349000,349000,23360,-44355,-5881,-19,-1229.47
100006424,Sam Tuivaiti,5,290000,312000,312000,11,29,23,33,30,0,30,329915,30,1,0,312000,50,1,25,305758,42,4,24,29,11,305000,314000,323000,17915,-17915,-6242,-30,-597.17
504609,Alex Seyfarth,5,517000,300000,300000,10,14,17,1,17,19,44,315363,44,5,19,272766,40,12,22,260216,34,17,19,14,10,443000,393000,345000,15363,-42597,-12550,-25,-614.52
100008234,Salesi Foketi,5,393000,272000,272000,8,13,33,1,25,23,33,287061,33,27,23,261034,29,31,21,255526,27,38,22,,8,319000,299000,299000,15061,-26027,-5508,-10,-1506.1
500136,Royce Hunt,5,250000,270000,270000,21,24,31,1,24,22,15,275271,15,21,22,276717,17,32,21,278888,19,37,22,24,21,239000,251000,263000,5271,1446,2171,7,753.0
100001622,Jayden Campbell,4,766000,837000,837000,89,53,71,59,80,75,48,805483,48,9,75,864529,47,1,0,864529,104,2,62,53,89,783000,806000,810000,-31517,59046,0,27,-1167.3
100001560,Trent Loiero,4,619000,613000,613000,39,50,44,39,65,47,53,623605,53,33,47,605753,53,28,45,598077,53,28,45,50,39,625000,625000,625000,10605,-17852,-7676,-6,-1767.5
100006482,Fletcher Sharpe,4,717000,599000,599000,27,49,35,1,80,38,67,626378,67,7,38,567861,67,13,45,551984,61,20,44,49,27,701000,666000,640000,27378,-58517,-15877,-29,-944.07
100008243,Robert Toia,4,552000,572000,572000,37,57,58,53,79,44,40,585730,40,40,44,575523,42,47,43,575395,46,45,44,,37,547000,568000,568000,13730,-10207,-128,4,3432.5
500086,Adam Reynolds,4,639000,552000,552000,18,46,65,7,60,0,58,532404,58,1,0,552000,86,1,40,531883,80,1,38,18,,591000,585000,552000,-19596,19596,-20117,-58,337.86
504372,Enari Tuala,4,458000,550000,550000,54,54,52,34,80,39,24,537364,24,15,39,566088,33,25,43,572359,38,27,47,54,54,464000,486000,517000,-12636,28724,6271,15,-842.4
100006093,Isaiah Iongi,4,496000,544000,544000,21,24,67,27,68,0,58,544000,58,1,0,544000,92,1,39,523691,83,1,44,,,567000,544000,544000,0,0,-20309,-58,-0.0
100002172,Max Plath,4,560000,518000,518000,43,46,27,25,66,45,40,518000,40,38,45,522387,35,36,41,526736,35,40,39,43,,532000,522000,518000,0,4387,4349,5,0.0
500872,Brian Kelly,4,505000,516000,516000,20,42,60,41,82,39,48,543507,48,29,39,505555,48,31,40,498521,48,33,41,42,20,500000,518000,532000,27507,-37952,-7034,-9,-3056.33
508062,Stephen Crichton,4,523000,495000,495000,19,32,47,47,68,0,54,495000,54,1,0,495000,82,1,38,477317,71,1,37,19,,529000,523000,495000,0,0,-17683,-54,-0.0
501559,Charnze Nicoll-Klokstad,4,481000,484000,484000,37,40,32,31,73,0,38,484234,38,1,0,484000,69,5,40,485731,58,15,40,37,,486000,486000,484000,234,-234,1731,-38,-6.16
507615,Teig Wilton,4,536000,482000,482000,31,51,41,42,80,0,38,493009,38,1,0,482000,66,2,42,486363,57,4,37,51,31,506000,486000,488000,11009,-11009,4363,-38,-289.71
506153,Ethan Bullemor,4,499000,464000,464000,48,30,31,59,36,38,33,453340,33,23,38,468955,31,28,35,471644,32,28,36,30,48,481000,481000,463000,-10660,15615,2689,5,-2132.0
504315,Thomas Flegler,4,500000,461000,461000,27,38,20,40,34,32,46,461000,46,9,32,445628,47,9,33,434494,44,19,35,27,,493000,481000,461000,0,-15372,-11134,-14,-0.0
504294,Campbell Graham,4,440000,455000,455000,45,20,42,57,80,39,33,445837,33,25,39,460771,31,41,33,460132,34,45,35,20,45,463000,463000,453000,-9163,14934,-639,6,-1527.17
504125,Liam Martin,4,494000,440000,440000,26,32,20,50,46,0,46,454796,46,1,0,440000,70,1,31,423707,61,1,32,32,26,498000,481000,463000,14796,-14796,-16293,-46,-321.65
503449,Jacob Liddle,4,510000,432000,432000,49,17,35,24,36,39,33,416906,33,32,39,437894,26,41,29,438662,31,1,0,17,49,489000,471000,437000,-15094,20988,768,6,-2515.67
504678,Egan Butcher,4,440000,400000,400000,2,31,37,28,29,32,52,375526,52,4,32,378419,47,6,29,364579,44,7,27,,,436000,400000,400000,-24474,2893,-13840,-20,1223.7
100006296,Ali Leiataua,4,364000,397000,397000,30,40,50,1,80,33,22,398045,22,21,33,408527,22,19,34,417745,26,25,35,,30,384000,384000,384000,1045,10482,9218,11,95.0
500973,Josh Papalii,4,477000,390000,390000,15,24,44,31,40,32,45,412414,45,15,32,376098,38,41,35,375842,33,41,30,24,15,438000,438000,420000,22414,-36316,-256,-13,-1724.15
503341,Corey Waddell,4,423000,388000,388000,42,38,25,22,52,38,21,379661,21,11,38,405621,15,11,32,419048,18,12,34,38,42,405000,383000,378000,-8339,25960,13427,17,-490.53
506446,Lachlan Hubner,4,475000,382000,382000,29,32,12,21,36,30,37,387612,37,26,30,374062,32,29,26,368565,32,32,27,32,29,427000,427000,401000,5612,-13550,-5497,-7,-801.71
503440,Blake Lawrie,4,335000,381000,381000,35,19,51,18,38,33,23,380748,23,16,33,390502,23,24,30,394208,27,1,0,19,35,336000,363000,371000,-252,9754,3706,10,-25.2
504377,Thomas Mikaele,4,353000,374000,374000,54,46,20,8,44,30,5,344865,5,3,30,400201,9,4,33,419411,12,13,27,46,54,342000,325000,336000,-29135,55336,19210,25,-1165.4
502522,Marata Niukore,4,365000,366000,366000,37,17,20,21,38,30,29,359731,29,46,30,366904,28,43,30,367928,25,24,33,17,37,380000,381000,367000,-6269,7173,1024,1,-6269.0
100011335,Luke Laulilii,4,250000,354000,354000,22,33,21,8,78,30,25,354000,25,34,30,358634,28,26,36,365541,20,17,32,22,,320000,346000,354000,0,4634,6907,5,0.0
503964,Ray Stone,4,406000,352000,352000,11,26,20,17,28,28,43,352000,43,7,28,335459,39,10,26,325608,35,22,27,11,,395000,381000,352000,0,-16541,-9851,-15,-0.0
510696,Setu Tu,4,230000,351000,351000,53,42,16,29,80,35,-1,327866,-1,1,35,388373,2,1,35,413702,3,41,0,,53,302000,302000,302000,-23134,60507,25329,36,-642.61
506220,Harrison Graham,4,300000,349000,349000,25,33,42,10,32,31,21,354930,21,22,31,359818,20,14,34,371590,19,18,31,33,25,299000,317000,338000,5930,4888,11772,10,593.0
503533,Josh Kerr,4,379000,346000,346000,29,18,29,58,24,29,30,344610,30,45,29,344184,27,45,26,343032,27,1,0,,,354000,346000,346000,-1390,-426,-1152,-1,1390.0
100002660,Brad Schneider,4,335000,336000,336000,2,20,34,1,31,24,44,336000,44,14,24,314541,44,24,31,306594,35,30,25,,,364000,336000,336000,0,-21459,-7947,-20,-0.0
508026,Adam Pompey,4,391000,333000,333000,21,7,18,1,77,24,42,317213,42,11,24,313711,40,15,25,302704,34,21,22,21,,393000,362000,333000,-15787,-3502,-11007,-18,877.06
504265,Sean Keppie,4,403000,322000,322000,28,17,30,25,39,26,29,318807,29,39,26,318341,25,50,25,319108,25,39,28,17,28,359000,359000,335000,-3193,-466,767,-3,1064.33
506555,Kai O'Donnell,4,277000,320000,320000,36,27,17,1,62,23,16,306075,16,29,23,327451,21,29,28,333342,19,38,23,27,36,298000,298000,304000,-13925,21376,5891,7,-1989.29
509527,Thomas Cant,4,440000,320000,320000,21,15,19,14,27,22,39,327576,39,9,22,302108,35,17,23,293784,32,24,23,,21,386000,349000,349000,7576,-25468,-8324,-17,-445.65
508408,Samuel Hughes,4,425000,317000,317000,36,15,8,26,22,24,29,304617,29,33,24,311129,26,36,22,308441,25,43,23,15,36,371000,371000,331000,-12383,6512,-2688,-5,2476.6
510228,Brendan Piakura,4,313000,308000,308000,28,22,23,8,69,28,22,307579,22,35,28,313914,19,28,28,321330,17,47,16,22,28,312000,311000,307000,-421,6335,7416,6,-70.17
500168,Bronson Garlick,4,367000,290000,290000,22,14,9,11,24,19,33,281459,33,16,19,274802,32,23,22,267644,27,21,16,22,,312000,312000,290000,-8541,-6657,-7158,-14,610.07
502756,Soni Luke,4,318000,285000,285000,72,4,12,1,35,23,-1,225905,-1,7,23,310505,1,12,20,324211,7,15,24,,72,284000,250000,250000,-59095,84600,13706,24,-2462.29
500901,Tui Kamikamica,4,255000,282000,282000,14,21,30,23,33,22,25,282000,25,35,22,278608,25,50,25,278608,23,50,23,,,286000,282000,282000,0,-3392,0,-3,-0.0
507670,Jason Saab,4,347000,279000,279000,21,27,4,2,77,30,26,290188,26,36,30,282301,16,32,21,285365,16,39,19,,21,310000,292000,292000,11188,-7887,3064,4,2797.0
502695,Jack Cogger,4,420000,269000,269000,2,17,4,1,16,14,46,295613,46,3,14,234427,43,11,23,221752,32,14,14,17,2,360000,360000,318000,26613,-61186,-12675,-32,-831.66
504307,Brandon Wakeham,4,350000,267000,267000,17,15,11,3,31,24,31,282530,31,33,24,258540,24,35,18,253050,23,42,26,15,17,341000,317000,290000,15530,-23990,-5490,-7,-2218.57
505631,Matt Doorey,4,297000,253000,253000,19,23,15,48,29,0,22,253000,22,1,0,253000,35,4,21,251921,30,11,20,,,259000,253000,253000,0,0,-1079,-22,-0.0
100004407,Joash Papalii,4,318000,246000,246000,23,29,11,2,67,18,17,245991,17,47,18,246734,15,30,22,253254,14,28,22,29,23,292000,260000,248000,-9,743,6520,1,-9.0
507928,Jayden Sullivan,4,277000,230000,230000,3,6,24,3,32,18,40,245136,40,11,18,212939,35,14,15,201857,33,25,21,,3,253000,253000,253000,15136,-32197,-11082,-22,-688.0
503944,Reece Robson,3,579000,583000,583000,55,40,49,52,77,46,39,577720,39,27,46,589275,40,27,47,593878,41,36,45,,55,581000,577000,577000,-5280,11555,4603,7,-754.29
500619,Jack De Belin,3,614000,549000,549000,24,25,49,34,37,40,65,569425,65,4,40,520811,62,7,42,505854,56,12,40,,24,592000,592000,592000,20425,-48614,-14957,-25,-817.0
100006687,Harry Hayes,3,523000,524000,524000,45,32,48,64,43,43,40,520206,40,40,43,527004,39,40,36,523035,44,33,39,,45,525000,525000,525000,-3794,6798,-3969,3,-1264.67
505701,Jock Madden,3,350000,504000,504000,54,68,56,25,82,50,4,494888,4,1,50,553354,7,1,51,587674,12,1,53,68,54,350000,380000,442000,-9112,58466,34320,46,-198.09
100006585,Jamie Humphreys,3,526000,490000,490000,40,33,33,46,76,38,42,486037,42,41,38,485552,40,41,36,481711,40,43,37,33,40,515000,515000,500000,-3963,-485,-3841,-4,990.75
506851,Chanel Harris-Tavita,3,501000,445000,445000,40,0,45,21,54,31,47,431790,47,15,31,427414,46,16,31,415144,44,20,31,,40,470000,470000,470000,-13210,-4376,-12270,-16,825.62
100008396,Ryan Couchman,3,250000,433000,433000,52,59,58,1,54,46,-6,485463,-6,1,46,487977,-2,1,46,525238,4,41,0,,,433000,433000,433000,52463,2514,37261,52,1008.9
100013303,Jeral Skelton,3,386000,418000,418000,26,18,59,12,75,33,36,426965,36,41,33,414512,37,44,35,413232,36,33,30,,26,424000,424000,424000,8965,-12453,-1280,-3,-2988.33
504712,Josh Curran,3,566000,412000,412000,2,22,11,1,13,0,71,412000,71,1,0,412000,84,1,28,366276,69,2,30,,,481000,412000,412000,0,0,-45724,-71,-0.0
507924,Max Feagai,3,426000,384000,384000,33,24,21,43,80,30,34,384000,34,36,30,378916,32,1,0,378916,54,1,27,,,384000,384000,384000,0,-5084,0,-4,-0.0
510366,Oryn Keeley,3,373000,380000,380000,30,27,34,11,32,33,29,380000,29,38,33,383934,27,33,33,389179,25,30,32,,,380000,380000,380000,0,3934,5245,4,0.0
100006533,Blake Steep,3,423000,375000,375000,18,23,26,43,23,27,43,358938,43,12,27,357550,41,10,24,343714,41,9,23,,,375000,375000,375000,-16062,-1388,-13836,-16,1003.88
504006,Fetalaiga Pauga,3,350000,374000,374000,22,28,41,28,80,30,31,374000,31,46,30,373043,31,50,31,373299,31,46,30,,,374000,374000,374000,0,-957,256,-1,-0.0
100006434,Charlie Guymer,3,415000,373000,373000,41,45,-1,10,48,29,22,359552,22,30,29,380204,21,33,27,383784,22,30,29,45,41,377000,377000,366000,-13448,20652,3580,7,-1921.14
510612,Zac Laybutt,3,373000,344000,344000,34,5,34,1,61,25,31,336231,31,30,25,337147,31,24,23,329851,32,39,29,5,34,373000,377000,354000,-7769,916,-7296,-6,1294.83
507925,Mathew Feagai,3,477000,335000,335000,17,2,9,1,40,19,54,339125,54,3,19,296657,50,2,13,266224,49,1,0,,17,389000,389000,389000,4125,-42468,-30433,-35,-117.86
505676,Luca Moretti,3,373000,332000,332000,20,27,17,31,23,23,34,343829,34,17,23,320702,33,22,24,313786,31,27,24,27,20,373000,359000,347000,11829,-23127,-6916,-11,-1075.36
508071,Aublix Tawha,3,411000,322000,322000,20,17,8,17,24,20,41,304005,41,3,20,299541,39,7,22,286874,34,13,21,,,352000,322000,322000,-17995,-4464,-12667,-21,856.9
100006631,Latu Fainu,3,377000,302000,302000,8,16,17,1,22,0,43,338000,43,1,0,302000,56,3,25,282361,44,9,21,16,8,377000,362000,338000,36000,-36000,-19639,-43,-837.21
509560,Manaia Waitere,3,250000,291000,291000,2,55,20,1,43,25,21,320505,21,42,25,295212,21,42,25,298414,21,42,25,55,2,250000,250000,287000,29505,-25293,3202,4,7376.25
509444,Davvy Moale,3,361000,286000,286000,21,7,14,13,23,23,36,283957,36,11,23,272227,30,15,19,263516,28,28,22,7,21,346000,346000,312000,-2043,-11730,-8711,-13,157.15
504830,Freddy Lussick,3,250000,278000,278000,55,26,10,1,34,29,-3,309248,-3,2,29,311929,-4,2,28,337027,-2,2,29,55,,239000,239000,278000,31248,2681,25098,32,976.5
100010604,Oliver Pascoe,3,275000,275000,275000,50,17,25,0,30,29,0,247205,0,2,29,305919,-1,47,0,305919,23,33,29,17,50,230000,237000,240000,-27795,58714,0,29,-958.45
100011324,Siulagi Tuimalatu-Brown,3,250000,230000,230000,-1,9,1,1,54,13,88,230000,88,1,13,202355,82,1,13,190075,76,1,13,-1,,230000,230000,230000,0,-27645,-12280,-75,-0.0
504870,Kalyn Ponga,2,600000,649000,649000,36,80,,21,54,0,45,649000,45,2,0,649000,88,3,49,653426,82,10,55,,,649000,649000,649000,0,0,4426,-45,-0.0
500441,Euan Aitken,2,610000,600000,600000,33,50,,62,56,44,56,600000,56,22,44,587155,56,20,43,576135,57,20,44,,,600000,600000,600000,0,-12845,-11020,-12,-0.0
504296,Luke Metcalf,2,666000,581000,581000,29,20,,18,78,0,73,581000,73,1,0,581000,101,1,34,538584,93,1,43,29,,666000,630000,581000,0,0,-42416,-73,-0.0
507648,J'maine Hopgood,2,597000,560000,560000,10,49,,41,32,0,67,560000,67,1,0,560000,97,1,44,534817,82,1,46,,,560000,560000,560000,0,0,-25183,-67,-0.0
501267,Mitchell Barnett,2,587000,548000,548000,32,34,,38,44,0,56,548000,56,1,0,548000,87,1,43,533274,74,1,43,,,572000,548000,548000,0,0,-14726,-56,-0.0
504121,Jarome Luai,2,486000,529000,529000,32,66,,29,73,0,34,529000,34,1,0,529000,70,4,48,544080,60,47,61,,,529000,529000,529000,0,0,15080,-34,-0.0
505626,Dylan Brown,2,486000,492000,492000,44,37,,27,61,0,35,492000,35,1,0,492000,66,4,39,496503,59,12,41,,,492000,492000,492000,0,0,4503,-35,-0.0
507922,Will Penisini,2,416000,442000,442000,53,36,,47,80,42,18,428583,18,4,42,466626,16,4,39,484406,18,6,39,,53,420000,420000,420000,-13417,38043,17780,24,-559.04
504714,Bronson Xerri,2,425000,430000,430000,35,36,,1,85,33,31,426800,31,44,33,432060,32,50,32,431292,34,38,30,,35,428000,428000,428000,-3200,5260,-768,2,-1600.0
100010528,Ativalu Lisati,2,285000,427000,427000,67,74,,1,80,0,-18,427000,-18,17,0,427000,24,9,50,499662,18,3,53,,,427000,427000,427000,0,0,72662,18,0.0
500264,Francis Molo,2,424000,414000,414000,34,28,,68,33,32,34,414000,34,39,32,412386,33,39,31,410336,34,24,29,34,,424000,417000,414000,0,-1614,-2050,-2,-0.0
509599,Hugo Savala,2,411000,411000,411000,45,9,,37,62,40,35,399855,35,38,40,415512,27,26,38,425740,22,21,36,,45,450000,421000,421000,-11145,15657,10228,5,-2229.0
505889,Jesse Arthars,2,353000,410000,410000,42,53,,1,80,38,11,398687,11,5,38,438198,12,10,33,452898,19,13,38,53,42,353000,353000,379000,-11313,39511,14700,27,-419.0
509128,Billy Smith,2,410000,410000,410000,13,44,,1,61,0,40,410000,40,1,0,410000,64,1,31,400308,57,4,33,,,423000,410000,410000,0,0,-9692,-40,-0.0
100012312,Lyhkan King-Togia,2,445000,378000,378000,32,0,,3,50,25,45,378000,45,7,25,356396,43,6,22,338487,43,1,0,32,,445000,406000,378000,0,-21604,-17909,-20,-0.0
509484,Tyrell Sloan,2,359000,374000,374000,51,24,,1,80,35,15,353695,15,7,35,395380,13,7,34,412147,14,16,0,,51,359000,354000,354000,-20305,41685,16767,20,-1015.25
507987,Grant Anderson,2,420000,371000,371000,14,18,,43,52,0,47,371000,47,1,0,371000,65,1,19,340483,62,1,22,,,402000,371000,371000,0,0,-30517,-47,-0.0
100007527,Benaiah Ioelu,2,327000,342000,342000,21,36,,16,37,29,26,344909,26,39,29,345639,25,46,26,346409,27,46,26,,,342000,342000,342000,2909,730,770,3,969.67
500170,Jack Gosiewski,2,332000,319000,319000,5,31,,1,43,24,37,319000,37,19,24,304983,35,19,22,294228,34,32,27,,,319000,319000,319000,0,-14017,-10755,-13,-0.0
504842,Sean O'Sullivan,2,350000,309000,309000,11,15,,1,29,23,40,309000,40,17,23,290730,36,25,24,281637,32,23,19,11,,350000,336000,309000,0,-18270,-9093,-17,-0.0
500647,Nathan Brown,2,351000,298000,298000,10,8,,1,18,25,43,298000,43,6,25,278721,36,11,22,268351,31,36,27,,,298000,298000,298000,0,-19279,-10370,-18,-0.0
500213,Braden Hamlin-Uele,2,332000,297000,297000,15,13,,1,17,0,36,297000,36,1,0,297000,51,1,23,283271,43,4,24,,,318000,297000,297000,0,0,-13729,-36,-0.0
509558,Jordan Samrani,2,311000,295000,295000,22,17,,1,60,0,27,295000,27,2,0,295000,44,6,23,290272,38,7,19,,,295000,295000,295000,0,0,-4728,-27,-0.0
507945,Lipoi Hopoi,2,300000,262000,262000,17,7,,3,30,19,31,250053,31,10,19,248780,29,5,14,235619,30,12,19,17,,300000,281000,262000,-11947,-1273,-13161,-12,995.58
510935,Tukimihia Simpkins,2,250000,257000,257000,11,29,,32,24,0,22,257000,22,1,0,257000,38,1,0,257000,50,1,23,,,257000,257000,257000,0,0,0,-22,-0.0
503336,Jack Hetherington,2,250000,249000,249000,17,21,,53,28,19,20,247546,20,46,19,247307,20,50,20,246923,20,46,19,17,,252000,252000,249000,-1454,-239,-384,-1,1454.0
100006826,Faaletino Tavana,2,246000,246000,246000,29,21,,0,78,0,10,261947,10,1,0,246000,28,23,25,261644,22,23,25,29,,230000,233000,246000,15947,-15947,15644,-10,-1594.7
504144,Kalani Going,2,250000,230000,230000,15,9,,0,22,18,28,230000,28,1,18,222369,26,2,18,219252,23,9,18,,,230000,230000,230000,0,-7631,-3117,-10,-0.0
100006112,Paul Bryan,2,230000,230000,230000,3,15,,0,15,19,36,217518,36,4,19,217311,32,9,19,212707,27,21,19,,,245000,230000,230000,-12482,-207,-4604,-17,734.24
100006754,Wilson De Courcey,2,230000,230000,230000,0,11,,0,41,14,61,227548,61,1,14,209635,58,1,14,197673,55,1,14,11,0,230000,230000,230000,-2452,-17913,-11962,-47,52.17
100011203,Simione Laiafi,2,230000,230000,230000,21,11,,0,16,20,28,227489,28,5,20,232490,25,16,20,237454,23,27,20,,21,230000,230000,230000,-2511,5001,4964,-8,313.88
507807,Taylan May,1,610000,564000,564000,5,,,1,16,0,75,564000,75,1,0,564000,103,1,30,515669,97,1,25,,,564000,564000,564000,0,0,-48331,-75,-0.0
509757,Matthew Timoko,1,554000,530000,530000,21,,,28,20,33,57,499566,57,7,33,503679,60,4,31,477688,63,1,27,,,530000,530000,530000,-30434,4113,-25991,-24,1268.08
100005899,Kurt Donoghoe,1,560000,517000,517000,6,,,30,29,26,67,517000,67,1,26,472311,72,1,32,438026,69,1,27,6,,560000,560000,517000,0,-44689,-34285,-41,-0.0
508480,Trai Fuller,1,550000,507000,507000,3,,,1,9,33,69,507000,69,4,33,468792,67,2,25,431883,70,4,35,,,507000,507000,507000,0,-38208,-36909,-36,-0.0
503920,Victor Radley,1,499000,494000,494000,37,,,38,48,41,39,499237,39,44,41,495100,37,41,40,497274,36,41,39,,37,499000,499000,499000,5237,-4137,2174,2,2618.5
504666,Mawene Hiroti,1,500000,491000,491000,33,,,1,80,0,42,494862,42,2,0,491000,72,4,37,484961,64,6,34,,33,500000,500000,500000,3862,-3862,-6039,-42,-91.95
500992,Kurt Capewell,1,426000,442000,442000,48,,,21,80,0,24,442000,24,2,0,442000,54,12,40,459348,45,25,37,,,442000,442000,442000,0,0,17348,-24,-0.0
501179,Siosiua Taukeiaho,1,462000,431000,431000,7,,,40,14,0,55,431000,55,1,0,431000,77,1,26,400076,71,1,28,,,431000,431000,431000,0,0,-30924,-55,-0.0
505612,Harrison Edwards,1,447000,421000,421000,11,,,29,13,26,50,395080,50,2,26,394934,51,3,28,374970,49,3,26,,,421000,421000,421000,-25920,-146,-19964,-24,1080.0
508479,Tyson Gamble,1,403000,418000,418000,47,,,8,80,38,21,436334,21,11,38,435999,19,9,38,451872,19,10,37,,,418000,418000,418000,18334,-335,15873,17,1078.47
100008673,Morgan Gannon,1,450000,409000,409000,-1,,,0,5,20,58,368288,58,1,20,368138,61,1,20,332297,62,1,20,,,409000,409000,409000,-40712,-150,-35841,-38,1071.37
100001619,Alofiana Khan-Pereira,1,407000,392000,392000,20,,,1,80,31,39,409532,39,35,31,383244,36,40,31,378896,34,42,38,,20,407000,407000,407000,17532,-26288,-4348,-8,-2191.5
505560,Spencer Leniu,1,403000,381000,381000,13,,,22,30,22,43,402712,43,3,22,358406,46,2,23,338324,46,1,21,,13,403000,403000,403000,21712,-44306,-20082,-21,-1033.9
100006239,Ashton Ward,1,400000,381000,381000,14,,,1,41,0,42,381000,42,2,0,381000,63,2,24,361368,58,4,24,,,381000,381000,381000,0,0,-19632,-42,-0.0
100000346,Clayton Faulalo,1,374000,358000,358000,16,,,1,80,22,37,339421,37,17,22,341447,39,16,23,326613,40,13,22,16,,374000,374000,358000,-18579,2026,-14834,-15,1238.6
100011655,Jacob Halangahu,1,350000,343000,343000,22,,,18,22,41,31,350032,31,26,41,354062,18,16,33,367507,15,16,0,22,,350000,350000,343000,7032,4030,13445,10,703.2
100011291,Hayden Buchanan,1,334000,334000,334000,13,,,35,80,0,37,334000,37,1,0,334000,55,1,22,318534,50,1,0,,,350000,334000,334000,0,0,-15466,-37,-0.0
503419,Brandon Smith,1,300000,302000,302000,27,,,47,43,27,20,301808,20,21,27,308432,18,15,27,315849,17,1,40,,27,300000,300000,300000,-192,6624,7417,7,-27.43
100007888,Thomas Duffy,1,250000,302000,302000,70,,,1,80,48,-14,251741,-14,1,48,367419,-24,1,53,435895,-34,1,36,,70,250000,250000,250000,-50259,115678,68476,62,-810.63
100012912,Jed Stuart,1,300000,286000,286000,12,,,5,80,16,30,294344,30,9,16,270439,33,4,15,253688,36,2,14,,12,300000,300000,300000,8344,-23905,-16751,-14,-596.0
504007,Patrick Herbert,1,284000,284000,284000,53,,,0,80,38,-3,255974,-3,1,38,327020,-10,1,38,368297,-13,1,38,,53,250000,250000,250000,-28026,71046,41277,41,-683.56
100006630,Josh Feledy,1,269000,269000,269000,9,,,38,33,21,30,269000,30,7,21,258705,28,12,21,252959,25,25,21,9,,285000,285000,269000,0,-10295,-5746,-9,-0.0
100000365,Ronald Volkman,1,250000,261000,261000,31,,,59,80,30,12,258176,12,1,30,280338,6,1,31,302739,2,1,30,,31,250000,250000,250000,-2824,22162,22401,18,-156.89
100020440,Apa Twidle,1,260000,260000,260000,47,,,0,26,36,-1,260000,-1,1,36,299411,-9,1,36,338676,-13,1,36,47,,,230000,260000,0,39411,39265,37,0.0
505142,Josh Rogers,1,250000,256000,256000,27,,,44,25,29,14,261394,14,4,29,271368,8,1,29,289876,4,1,29,,27,250000,250000,250000,5394,9974,18508,15,359.6
100006264,Luke Hanson,1,252000,252000,252000,39,,,0,80,33,4,283107,4,1,33,282707,-3,1,33,314617,-7,1,33,,,252000,252000,252000,31107,-400,31910,29,1072.66
100006817,Joe Roddy,1,250000,251000,251000,21,,,0,16,35,18,268954,18,24,35,268620,6,11,35,295649,-3,6,35,,,250000,251000,251000,17954,-334,27029,17,1056.12
100015592,David Fale,1,250000,250000,250000,21,,,0,80,30,18,250000,18,20,30,262316,10,8,30,280706,4,39,0,21,,250000,250000,250000,0,12316,18390,12,0.0
501280,Jake Turpin,1,267000,247000,247000,4,,,1,20,16,31,270533,31,21,16,230406,30,25,17,218535,29,28,18,,4,267000,267000,267000,23533,-40127,-11871,-15,-1568.87
507815,Hohepa Puru,1,250000,244000,244000,14,,,15,16,0,23,234401,23,1,0,244000,37,1,14,234224,36,1,16,,,244000,244000,244000,-9599,9599,-9776,-23,417.35
100011256,Cody Hopwood,1,250000,244000,244000,15,,,0,25,27,22,248073,22,34,27,248982,15,17,27,260485,9,7,27,,,250000,244000,244000,4073,909,11503,5,814.6
100012039,Kaiden Lahrs,1,250000,243000,243000,14,,,26,17,12,23,232429,23,1,12,231365,27,1,12,217153,31,1,12,,,243000,243000,243000,-10571,-1064,-14212,-11,961.0
504376,Tristan Hope,1,250000,242000,242000,13,,,1,20,18,24,237265,24,36,18,236051,23,36,17,230672,23,38,18,,,242000,242000,242000,-4735,-1214,-5379,-6,789.17
505633,Luke Sommerton,1,250000,242000,242000,12,,,22,28,15,24,242000,24,23,15,231955,26,2,0,231955,39,7,21,,,242000,242000,242000,0,-10045,0,-9,-0.0
510488,Moala Graham-Taufa,1,250000,240000,240000,11,,,25,80,22,25,240000,25,40,22,236850,21,47,22,238772,17,34,22,,,240000,240000,240000,0,-3150,1922,-3,-0.0
100006539,Araz Nanva,1,238000,238000,238000,27,,,0,80,27,11,236528,11,4,27,254052,6,1,27,272189,3,1,27,,27,,230000,230000,-1472,17524,18137,16,-92.0
100009156,Blake Mozer,1,250000,238000,238000,10,,,2,10,0,25,253801,25,1,0,238000,38,4,19,230986,32,7,16,,10,250000,250000,250000,15801,-15801,-7014,-25,-632.04
506618,Brent Woolf,1,230000,230000,230000,15,,,0,25,22,23,230000,23,46,22,232344,19,37,22,238448,16,25,22,,,230000,230000,230000,0,2344,6104,-1,-0.0
100006510,Thomas Fletcher,1,250000,230000,230000,0,,,1,12,39,34,222513,34,39,39,237518,13,27,24,249407,9,20,24,,,230000,230000,230000,-7487,15005,11889,5,-1497.4
100006928,Preston Conn,1,230000,230000,230000,5,,,0,7,18,40,220623,40,1,18,220568,36,2,18,216749,33,4,18,,,230000,230000,230000,-9377,-55,-3819,-22,426.23
100007651,Adam Christensen,1,230000,230000,230000,10,,,0,21,20,32,,32,8,20,226700,28,1,0,226700,41,1,20,,10,,,230000,,,0,-12,
100009124,Angus Hinchey,1,230000,230000,230000,5,,,0,5,18,39,230000,39,1,18,220437,36,2,18,216620,33,4,18,,,230000,230000,230000,0,-9563,-3817,-21,-0.0
100013721,Francis Manuleleua,1,230000,230000,230000,11,,,0,11,20,30,227561,30,12,20,227450,27,21,20,229178,24,32,20,,,230000,230000,230000,-2439,-111,1728,-10,243.9
100019558,Antonio Verhoeven,1,230000,230000,230000,7,,,0,41,18,37,230000,37,1,18,222144,34,3,18,219029,31,6,18,7,,,230000,230000,0,-7856,-3115,-19,-0.0
100010807,Matty Nicholson,0,680000,680000,680000,,,,45,0,56,53,680000,53,42,56,683102,51,42,48,679771,55,34,49,,,680000,680000,680000,0,3102,-3331,3,0.0
500180,Cameron McInnes,0,647000,647000,647000,,,,39,0,0,51,647000,51,1,0,647000,91,1,49,645434,82,1,49,,,647000,647000,647000,0,0,-1566,-51,-0.0
502214,John Bateman,0,625000,625000,625000,,,,76,0,50,49,625000,49,45,50,626346,48,37,51,629549,46,25,52,,,625000,625000,625000,0,1346,3203,1,0.0
502511,Jeremy Marshall-King,0,620000,620000,620000,,,,36,0,0,48,620000,48,1,0,620000,87,1,52,623911,75,3,48,,,620000,620000,620000,0,0,3911,-48,-0.0
100006243,Dylan Egan,0,616000,616000,616000,,,,4,0,0,48,616000,48,2,0,616000,87,2,39,606359,84,1,0,,,616000,616000,616000,0,0,-9641,-48,-0.0
503571,Daniel Saifiti,0,615000,615000,615000,,,,39,0,0,48,615000,48,1,0,615000,86,1,46,612894,78,1,39,,,615000,615000,615000,0,0,-2106,-48,-0.0
100007572,Leo Thompson,0,610000,610000,610000,,,,60,0,0,48,610000,48,1,0,610000,86,1,45,607256,78,1,47,,,610000,610000,610000,0,0,-2744,-48,-0.0
500149,Jai Arrow,0,573000,573000,573000,,,,72,0,0,45,573000,45,1,0,573000,81,1,41,569078,75,1,42,,,573000,573000,573000,0,0,-3922,-45,-0.0
503524,Jaimin Jolliffe,0,551000,551000,551000,,,,54,0,0,43,551000,43,1,0,551000,77,1,0,551000,103,1,47,,,551000,551000,551000,0,0,0,-43,-0.0
504788,Shawn Blore,0,547000,547000,547000,,,,37,0,38,43,547000,43,34,38,542047,46,31,40,535898,48,28,41,,,547000,547000,547000,0,-4953,-6149,-5,-0.0
500128,Adam Elliott,0,538000,538000,538000,,,,41,0,0,42,538000,42,1,0,538000,76,1,39,534746,70,2,40,,,538000,538000,538000,0,0,-3254,-42,-0.0
506086,Ronaldo Mulitalo,0,514000,514000,514000,,,,18,0,0,40,514000,40,1,0,514000,72,9,50,524496,56,33,49,,,514000,514000,514000,0,0,10496,-40,-0.0
100007929,Liam Henry,0,513000,513000,513000,,,,54,0,44,40,513000,40,32,44,517193,37,17,45,525264,34,24,40,,,513000,513000,513000,0,4193,8071,4,0.0
100001634,Xavier Coates,0,501000,501000,501000,,,,8,0,0,39,501000,39,2,0,501000,70,6,41,502972,61,8,35,,,501000,501000,501000,0,0,1972,-39,-0.0
509281,Starford To'a,0,490000,490000,490000,,,,34,0,36,38,490000,38,45,36,487598,40,35,34,481449,43,20,30,,,490000,490000,490000,0,-2402,-6149,-2,-0.0
509467,Izack Tago,0,466000,466000,466000,,,,18,0,47,36,468994,36,24,47,477351,28,18,42,490675,26,12,44,,,466000,466000,466000,2994,8357,13324,11,272.18
504669,Dean Hawkins,0,462000,462000,462000,,,,1,0,34,36,462000,36,45,34,459798,38,42,35,457236,38,37,33,,,462000,462000,462000,0,-2202,-2562,-2,-0.0
507645,Daine Laurie,0,453000,453000,453000,,,,25,0,30,35,448528,35,40,30,447241,40,32,31,438914,42,42,38,,,453000,453000,453000,-4472,-1287,-8327,-5,894.4
100006109,Jeremiah Nanai,0,453000,453000,453000,,,,49,0,0,35,453000,35,1,0,453000,64,1,33,450444,58,4,34,,,453000,453000,453000,0,0,-2556,-35,-0.0
100017017,Tevita Naufahu,0,450000,450000,450000,,,,1,0,50,35,450000,35,29,50,465821,23,16,50,492084,14,14,43,,,450000,450000,450000,0,15821,26263,15,0.0
100007619,James Schiller,0,421000,421000,421000,,,,16,0,34,33,424590,33,47,34,422261,32,36,37,427514,29,29,37,,,421000,421000,421000,3590,-2329,5253,1,3590.0
100006643,Viliami Vailea,0,416000,416000,416000,,,,28,0,35,33,416000,33,44,35,418675,31,50,31,418803,32,36,37,,,416000,416000,416000,0,2675,128,2,0.0
100007515,Jack Bostock,0,406000,406000,406000,,,,1,0,0,32,406000,32,6,0,406000,57,17,37,411627,46,27,33,,,406000,406000,406000,0,0,5627,-32,-0.0
504190,Billy Walters,0,388000,388000,388000,,,,38,0,0,30,388000,30,1,0,388000,55,4,37,395231,43,17,33,,,388000,388000,388000,0,0,7231,-30,-0.0
100007686,Robert Derby,0,384000,384000,384000,,,,10,0,33,30,377740,30,42,33,387284,28,42,25,384081,32,37,27,,,384000,384000,384000,-6260,9544,-3203,3,-2086.67
504075,Brodie Jones,0,377000,377000,377000,,,,2,0,26,29,377000,29,42,26,373322,32,29,24,365123,36,22,25,,,377000,377000,377000,0,-3678,-8199,-3,-0.0
100008221,Tyrone Munro,0,369000,369000,369000,,,,14,0,35,29,369000,29,32,35,375627,24,29,31,382289,23,41,26,,,369000,369000,369000,0,6627,6662,6,0.0
506255,Jaxson Paulo,0,350000,350000,350000,,,,17,0,38,27,350000,27,21,38,361409,19,12,35,377039,15,21,26,,,350000,350000,350000,0,11409,15630,11,0.0
100006946,Kyle McCarthy,0,350000,350000,350000,,,,57,0,37,27,350000,27,10,37,360384,20,4,34,374220,16,1,34,,,350000,350000,350000,0,10384,13836,10,0.0
100014137,Loko Pasifiki Tonga,0,350000,350000,350000,,,,34,0,32,27,350000,27,29,32,355003,24,33,28,358975,24,1,0,,,350000,350000,350000,0,5003,3972,5,0.0
100015584,Eddie Ieremia-Toeava,0,350000,350000,350000,,,,32,0,36,27,357279,27,22,36,359231,20,15,32,370249,18,9,34,,,350000,350000,350000,7279,1952,11018,9,808.78
500889,Zach Dockar-Clay,0,347000,347000,347000,,,,1,0,15,27,347000,27,24,15,334118,37,17,21,319257,39,16,22,,,347000,347000,347000,0,-12882,-14861,-12,-0.0
509548,Caleb Navale,0,342000,342000,342000,,,,16,0,0,27,342000,27,1,0,342000,48,5,29,344496,41,10,26,,,342000,342000,342000,0,0,2496,-27,-0.0
100006263,Luron Patea,0,326000,326000,326000,,,,1,0,19,25,326000,25,32,19,319132,31,32,25,314136,30,24,21,,,326000,326000,326000,0,-6868,-4996,-6,-0.0
503322,Matthew Eisenhuth,0,325000,325000,325000,,,,15,0,36,25,325000,25,20,36,336297,17,22,27,345393,18,27,26,,,325000,325000,325000,0,11297,9096,11,0.0
500617,Jack Bird,0,322000,322000,322000,,,,14,0,28,25,322000,25,38,28,325023,23,18,32,334375,18,9,31,,,322000,322000,322000,0,3023,9352,3,0.0
506548,Isaiah Tass,0,313000,313000,313000,,,,10,0,0,24,313000,24,2,0,313000,44,11,30,319002,35,30,29,,,313000,313000,313000,0,0,6002,-24,-0.0
500907,Ryan Matterson,0,300000,300000,300000,,,,41,0,42,23,300000,23,6,42,319899,9,1,40,350518,-1,1,42,,,300000,300000,300000,0,19899,30619,19,0.0
507814,Mavrik Geyer,0,300000,300000,300000,,,,1,0,24,23,300000,23,47,24,300682,23,39,27,304910,20,24,30,,,300000,300000,300000,0,682,4228,1,0.0
509842,Edward Kosi,0,300000,300000,300000,,,,29,0,23,23,299620,23,50,23,299529,24,46,23,298760,24,23,31,,,300000,300000,300000,-380,-91,-769,0,
100003896,Jack Cole,0,300000,300000,300000,,,,1,0,30,23,300000,23,34,30,307087,18,25,30,318617,14,15,32,,,300000,300000,300000,0,7087,11530,7,0.0
100004188,Sione Finau,0,300000,300000,300000,,,,1,0,31,23,300000,23,27,31,308112,17,23,27,317208,16,21,27,,,300000,300000,300000,0,8112,9096,8,0.0
100009053,Josiah Pahulu,0,300000,300000,300000,,,,31,0,24,23,300000,23,44,24,300682,23,37,25,302732,22,37,20,,,300000,300000,300000,0,682,2050,1,0.0
100013980,Jethro Rinakama,0,300000,300000,300000,,,,21,0,26,23,302925,23,39,26,302690,21,31,26,307301,20,28,26,,,,,300000,2925,-235,4611,3,975.0
505642,Tommy Talau,0,286000,286000,286000,,,,1,0,25,22,288938,22,41,25,288897,20,38,24,292484,19,32,25,,,286000,286000,286000,2938,-41,3587,3,979.33
501744,Bunty Afoa,0,280000,280000,280000,,,,30,0,24,22,282358,22,40,24,282346,20,24,26,288239,17,36,20,,,280000,280000,280000,2358,-12,5893,2,1179.0
100004168,Tony Sukkar,0,276000,276000,276000,,,,1,0,16,22,267959,22,29,16,270062,26,20,17,261350,29,8,14,,,276000,276000,276000,-8041,2103,-8712,-6,1340.17
100006697,Rocco Berry,0,272000,272000,272000,,,,6,0,0,21,272000,21,5,0,272000,38,5,17,267502,37,10,21,,,272000,272000,272000,0,0,-4498,-21,-0.0
509778,Tony Francis,0,269000,269000,269000,,,,1,0,25,21,269000,21,35,25,273265,18,4,0,273265,35,5,18,,,269000,269000,269000,0,4265,0,4,0.0
505987,Jaiyden Hunt,0,265000,265000,265000,,,,1,0,24,21,270790,21,40,24,268526,18,33,23,273266,17,40,20,,,265000,265000,265000,5790,-2264,4740,3,1930.0
509851,Fletcher Baker,0,260000,260000,260000,,,,12,0,34,20,260000,20,11,34,274644,9,9,24,288094,9,6,27,,,260000,260000,260000,0,14644,13450,14,0.0
500150,Jayden Berrell,0,250000,250000,250000,,,,0,0,0,20,247365,20,1,0,250000,35,1,17,247257,33,2,17,,,250000,250000,250000,-2635,2635,-2743,-20,131.75
500171,Brock Gray,0,250000,250000,250000,,,,1,0,0,20,250000,20,4,0,250000,35,1,0,250000,47,1,16,,,250000,250000,250000,0,0,0,-20,-0.0
500478,Delouise Hoeter,0,250000,250000,250000,,,,45,0,0,20,250000,20,3,0,250000,35,50,35,266474,19,17,29,,,250000,250000,250000,0,0,16474,-20,-0.0
501293,Te Maire Martin,0,250000,250000,250000,,,,1,0,0,20,250000,20,11,0,250000,35,27,25,255841,27,38,22,,,250000,250000,250000,0,0,5841,-20,-0.0
501462,Marion Seve,0,250000,250000,250000,,,,1,0,0,20,250000,20,10,0,250000,35,37,30,261221,23,33,16,,,250000,250000,250000,0,0,11221,-20,-0.0
502409,Karl Lawton,0,250000,250000,250000,,,,1,0,0,20,250000,20,9,0,250000,35,13,18,248410,33,32,26,,,250000,250000,250000,0,0,-1590,-20,-0.0
504670,Daniel Suluka-Fifita,0,250000,250000,250000,,,,1,0,14,20,250000,20,27,14,244054,24,21,16,236495,26,10,13,,,250000,250000,250000,0,-5946,-7559,-6,-0.0
504711,Sione Fonua,0,250000,250000,250000,,,,0,0,18,20,250000,20,42,18,248410,21,38,18,245720,22,34,18,,,250000,250000,250000,0,-1590,-2690,-2,-0.0
504787,Jake Tago,0,250000,250000,250000,,,,19,0,23,20,250000,20,36,23,253663,17,27,22,258788,16,20,23,,,250000,250000,250000,0,3663,5125,3,0.0
504952,Lazarus Vaalepu,0,250000,250000,250000,,,,1,0,19,20,247365,20,47,19,249435,20,38,16,245335,23,41,20,,,250000,250000,250000,-2635,2070,-4100,-1,2635.0
505578,Aaron Schoupp,0,250000,250000,250000,,,,1,0,24,20,250000,20,36,24,254816,16,33,11,248795,24,24,16,,,250000,250000,250000,0,4816,-6021,4,0.0
505828,Hayze Perham,0,250000,250000,250000,,,,9,0,27,20,267829,20,29,27,258019,14,6,33,277620,4,7,22,,,250000,250000,250000,17829,-9810,19601,7,2547.0
506375,Blake Wilson,0,250000,250000,250000,,,,20,0,23,20,250000,20,43,23,253663,17,23,30,267243,9,21,23,,,250000,250000,250000,0,3663,13580,3,0.0
507765,Junior Tupou,0,250000,250000,250000,,,,22,0,0,20,250000,20,8,0,250000,35,29,27,258019,25,39,21,,,250000,250000,250000,0,0,8019,-20,-0.0
508307,Peter Hola,0,250000,250000,250000,,,,41,0,15,20,250000,20,4,15,245207,23,1,15,237264,26,1,15,,,250000,250000,250000,0,-4793,-7943,-5,-0.0
508341,Trent Toelau,0,250000,250000,250000,,,,22,0,13,20,244148,20,14,13,243029,25,3,13,231499,29,3,17,,,250000,250000,250000,-5852,-1119,-11530,-7,836.0
509404,Cody Ramsey,0,250000,250000,250000,,,,0,0,25,20,255989,20,30,25,255841,15,15,25,265449,12,9,25,,,250000,250000,250000,5989,-148,9608,5,1197.8
509561,Kade Dykes,0,250000,250000,250000,,,,0,0,25,20,250000,20,30,25,255841,15,15,25,265449,12,9,25,,,250000,250000,250000,0,5841,9608,5,0.0
509635,Toni Mataele,0,250000,250000,250000,,,,0,0,23,20,250000,20,38,23,253663,17,27,23,259812,15,21,23,,,250000,250000,250000,0,3663,6149,3,0.0
509779,Asu Kepaoa,0,250000,250000,250000,,,,1,0,28,20,250000,20,28,28,259043,13,19,25,270829,10,17,23,,,250000,250000,250000,0,9043,11786,8,0.0
509843,Tom Ale,0,250000,250000,250000,,,,49,0,18,20,250000,20,38,18,248410,21,38,23,251100,18,50,18,,,250000,250000,250000,0,-1590,2690,-2,-0.0
509864,Tuku Hau Tapuha,0,250000,250000,250000,,,,35,0,0,20,249553,20,1,0,250000,35,1,20,250460,31,1,16,,,250000,250000,250000,-447,447,460,-20,22.35
100000336,Taylor Losalu,0,250000,250000,250000,,,,37,0,21,20,250000,20,44,21,251613,18,24,23,256353,16,16,23,,,250000,250000,250000,0,1613,4740,1,0.0
100003233,Allan Fitzgibbon,0,250000,250000,250000,,,,1,0,18,20,250000,20,44,18,248410,21,5,0,248410,36,14,22,,,250000,250000,250000,0,-1590,0,-2,-0.0
100003968,Chris Vea'ila,0,250000,250000,250000,,,,0,0,0,20,259206,20,3,0,250000,35,25,28,259043,25,39,28,,,250000,250000,250000,9206,-9206,9043,-20,-460.3
100004119,Michael Asomua,0,250000,250000,250000,,,,0,0,22,20,250000,20,42,22,252638,18,34,22,256994,16,27,22,,,250000,250000,250000,0,2638,4356,2,0.0
100004271,Tom Rodwell,0,250000,250000,250000,,,,0,0,32,20,250000,20,11,32,263271,10,1,32,285306,2,1,32,,,250000,250000,250000,0,13271,22035,12,0.0
100006251,Liam Ison,0,250000,250000,250000,,,,0,0,0,20,250000,20,2,0,250000,35,42,33,264424,21,11,33,,,250000,250000,250000,0,0,14424,-20,-0.0
100006286,Zyon Maiu'u,0,250000,250000,250000,,,,0,0,21,20,250000,20,46,21,251613,18,38,21,254175,18,38,21,,,250000,250000,250000,0,1613,2562,1,0.0
100006574,Jesse McLean,0,250000,250000,250000,,,,40,0,25,20,250000,20,26,25,255841,15,10,25,265449,12,5,25,,,250000,250000,250000,0,5841,9608,5,0.0
100006657,Heath Mason,0,250000,250000,250000,,,,1,0,19,20,250000,20,48,19,249435,20,37,14,243157,24,19,8,,,250000,250000,250000,0,-565,-6278,-1,-0.0
100006660,Kit Laulilii,0,250000,250000,250000,,,,0,0,20,20,250000,20,50,20,250460,19,44,20,251357,19,44,20,,,250000,250000,250000,0,460,897,0,
100006861,Jaylan De Groot,0,250000,250000,250000,,,,1,0,14,20,248524,20,28,14,244054,24,1,0,244054,39,2,18,,,250000,250000,250000,-1476,-4470,0,-6,246.0
100006888,Jack Todd,0,250000,250000,250000,,,,1,0,19,20,250000,20,47,19,249435,20,47,19,248538,20,47,19,,,250000,250000,250000,0,-565,-897,-1,-0.0
100007297,Chevy Stewart,0,250000,250000,250000,,,,1,0,22,20,252771,20,44,22,252638,18,38,22,256994,16,33,22,,,250000,250000,250000,2771,-133,4356,2,1385.5
100008613,Teancum Brown,0,250000,250000,250000,,,,0,0,26,20,,20,27,26,256959,14,11,26,268359,10,5,26,,,,,250000,,,11400,6,
100008874,De La Salle Va'a,0,250000,250000,250000,,,,0,0,19,20,250000,20,39,19,249435,20,39,19,248538,20,39,19,,,250000,250000,250000,0,-565,-897,-1,-0.0
100009035,Riley Jones,0,250000,250000,250000,,,,0,0,0,20,248524,20,2,0,250000,35,4,18,248410,33,6,18,,,250000,250000,250000,-1476,1476,-1590,-20,73.8
100009134,Benjamin Te Kura,0,250000,250000,250000,,,,21,0,0,20,250000,20,1,0,250000,35,2,19,249435,32,6,20,,,250000,250000,250000,0,0,-565,-20,-0.0
100009139,Liam Le Blanc,0,250000,250000,250000,,,,1,0,21,20,251741,20,47,21,251613,18,37,22,255328,17,23,26,,,250000,250000,250000,1741,-128,3715,1,1741.0
100009202,Owen Pattie,0,250000,250000,250000,,,,1,0,19,20,252771,20,46,19,249435,20,41,18,247513,21,41,19,,,250000,250000,250000,2771,-3336,-1922,-1,-2771.0
100010520,Ethan King,0,250000,250000,250000,,,,0,0,23,20,250000,20,41,23,253780,17,32,23,259929,15,27,23,,,250000,250000,250000,0,3780,6149,3,0.0
100010840,Will Pryce,0,250000,250000,250000,,,,1,0,30,20,250000,20,32,30,261221,11,22,28,277491,7,23,23,,,250000,250000,250000,0,11221,16270,10,0.0
100010891,Josh Patston,0,250000,250000,250000,,,,15,0,20,20,255989,20,50,20,250460,19,2,0,250460,35,13,24,,,250000,250000,250000,5989,-5529,0,0,
100011250,Matthew Arthur,0,250000,250000,250000,,,,26,0,14,20,250000,20,13,14,244054,24,7,16,236495,26,2,15,,,250000,250000,250000,0,-5946,-7559,-6,-0.0
100011351,Joey Walsh,0,250000,250000,250000,,,,0,0,21,20,251741,20,46,21,251613,18,38,21,254175,18,38,21,,,250000,250000,250000,1741,-128,2562,1,1741.0
100011659,Finau Latu,0,250000,250000,250000,,,,0,0,26,20,250000,20,27,26,256866,14,11,26,268268,11,6,26,,,250000,250000,250000,0,6866,11402,6,0.0
100011683,Jaxen Edgar,0,250000,250000,250000,,,,0,0,17,20,250000,20,38,17,247257,22,30,17,242773,23,27,17,,,250000,250000,250000,0,-2743,-4484,-3,-0.0
100014185,Elijah Salesa-Leaumoana,0,250000,250000,250000,,,,51,0,19,20,248524,20,41,19,249435,20,50,20,249563,20,32,18,,,250000,250000,250000,-1476,911,128,-1,1476.0
100015074,Sebastian Su'a,0,250000,250000,250000,,,,0,0,17,20,250000,20,38,17,247257,22,30,17,242773,23,27,17,,,250000,250000,250000,0,-2743,-4484,-3,-0.0
100019560,Nathan Lawson,0,250000,250000,250000,,,,32,0,24,20,250000,20,31,24,254816,16,17,24,262759,13,6,0,,,250000,250000,250000,0,4816,7943,4,0.0
505684,Jensen Taumoepeau,0,230000,230000,230000,,,,0,0,24,18,236546,18,25,24,236487,13,7,0,236487,29,29,24,,,230000,230000,230000,6546,-59,0,6,1091.0
509464,Niwhai Puru,0,230000,230000,230000,,,,0,0,0,18,230000,18,2,0,230000,32,25,26,238546,22,33,26,,,230000,230000,230000,0,0,8546,-18,-0.0
509567,Solome Saukuru,0,230000,230000,230000,,,,0,0,25,18,230000,18,22,25,237522,12,7,25,249949,8,3,25,,,230000,230000,230000,0,7522,12427,7,0.0
509614,Joseph O'Neill,0,230000,230000,230000,,,,0,0,26,18,230000,18,19,26,238546,12,6,26,252767,7,2,26,,,230000,230000,230000,0,8546,14221,8,0.0
510485,Latrell Siegwalt,0,230000,230000,230000,,,,0,0,24,18,236546,18,25,24,236487,13,11,24,247120,10,6,24,,,230000,230000,230000,6546,-59,10633,6,1091.0
510558,Myles Martin,0,230000,230000,230000,,,,0,0,25,18,230000,18,22,25,237522,12,7,25,249949,8,3,25,,,230000,230000,230000,0,7522,12427,7,0.0
100003974,Lachlan Crouch,0,230000,230000,230000,,,,0,0,25,18,230000,18,22,25,237522,12,7,25,249949,8,3,25,,,230000,230000,230000,0,7522,12427,7,0.0
100004077,Liam Sutton,0,230000,230000,230000,,,,0,0,26,18,230000,18,19,26,238546,12,6,26,252767,7,2,26,,,230000,230000,230000,0,8546,14221,8,0.0
100006237,James Walsh,0,230000,230000,230000,,,,0,0,25,18,230000,18,22,25,237522,12,7,25,249949,8,3,25,,,230000,230000,230000,0,7522,12427,7,0.0
100006259,Billy Scott,0,230000,230000,230000,,,,0,0,25,18,230000,18,22,25,237522,12,7,25,249949,8,3,25,,,230000,230000,230000,0,7522,12427,7,0.0
100006318,Jett Liu,0,230000,230000,230000,,,,0,0,25,18,237704,18,22,25,237512,12,9,0,237512,28,37,25,,,230000,230000,230000,7704,-192,0,7,1100.57
100006509,Vena Patuki-Case,0,230000,230000,230000,,,,0,0,25,18,230000,18,22,25,237522,12,7,25,249949,8,3,25,,,230000,230000,230000,0,7522,12427,7,0.0
100006535,Jake Elliott,0,230000,230000,230000,,,,0,0,25,18,230000,18,22,25,237522,12,7,25,249949,8,3,25,,,230000,230000,230000,0,7522,12427,7,0.0
100006651,William Craig,0,230000,230000,230000,,,,0,0,24,18,230000,18,25,24,236497,13,11,24,247130,10,6,24,,,230000,230000,230000,0,6497,10633,6,0.0
100006760,Jett Cleary,0,230000,230000,230000,,,,0,0,26,18,230000,18,19,26,238533,12,6,26,252753,7,2,26,,,230000,230000,230000,0,8533,14220,8,0.0
100006785,Jake Clydsdale,0,230000,230000,230000,,,,0,0,25,18,230000,18,22,25,237522,12,7,25,249949,8,3,25,,,230000,230000,230000,0,7522,12427,7,0.0
100006845,Richard Penisini,0,230000,230000,230000,,,,0,0,24,18,230000,18,25,24,236497,13,11,24,247130,10,6,24,,,230000,230000,230000,0,6497,10633,6,0.0
100007234,Patrick Young,0,230000,230000,230000,,,,0,0,25,18,230000,18,22,25,237522,12,7,25,249949,8,3,25,,,230000,230000,230000,0,7522,12427,7,0.0
100007304,Navren Willett,0,230000,230000,230000,,,,0,0,24,18,230000,18,25,24,236497,13,11,24,247130,10,6,24,,,230000,230000,230000,0,6497,10633,6,0.0
100007790,Jonah Glover,0,230000,230000,230000,,,,0,0,0,18,230000,18,2,0,230000,32,25,26,238546,22,33,26,,,230000,230000,230000,0,0,8546,-18,-0.0
100008447,Logan Spinks,0,230000,230000,230000,,,,0,0,25,18,230000,18,22,25,237495,12,7,25,249921,8,3,25,,,,230000,230000,0,7495,12426,7,0.0
100008768,Zac Herdegen,0,230000,230000,230000,,,,0,0,26,18,230000,18,19,26,238546,12,6,26,252767,7,2,26,,,230000,230000,230000,0,8546,14221,8,0.0
100008997,Mason Kira,0,230000,230000,230000,,,,0,0,25,18,230000,18,22,25,237522,12,7,25,249949,8,3,25,,,230000,230000,230000,0,7522,12427,7,0.0
100009103,Haizyn Mellars,0,230000,230000,230000,,,,0,0,24,18,230000,18,25,24,236497,13,11,24,247130,10,6,24,,,230000,230000,230000,0,6497,10633,6,0.0
100009111,Jack Underhill,0,230000,230000,230000,,,,0,0,25,18,230000,18,22,25,237496,12,7,25,249922,8,3,25,,,230000,230000,230000,0,7496,12426,7,0.0
100009160,Va'a Semu,0,230000,230000,230000,,,,0,0,25,18,237688,18,22,25,237496,12,7,25,249922,8,3,25,,,230000,230000,230000,7688,-192,12426,7,1098.29
100009673,Lewis Symonds,0,230000,230000,230000,,,,0,0,25,18,230000,18,22,25,237522,12,7,25,249949,8,3,25,,,230000,230000,230000,0,7522,12427,7,0.0
100010945,Wil Sullivan,0,230000,230000,230000,,,,0,0,25,18,230000,18,22,25,237522,12,7,25,249949,8,3,25,,,230000,230000,230000,0,7522,12427,7,0.0
100011050,Zane Harrison,0,230000,230000,230000,,,,0,0,26,18,238743,18,19,26,238546,12,9,0,238546,28,41,26,,,230000,230000,230000,8743,-197,0,8,1092.88
100011237,Michael Gabrael,0,230000,230000,230000,,,,0,0,0,18,230000,18,2,0,230000,32,19,24,236497,24,50,24,,,230000,230000,230000,0,0,6497,-18,-0.0
100011247,Jye Linnane,0,230000,230000,230000,,,,0,0,26,18,230000,18,19,26,238546,12,6,26,252767,7,2,26,,,230000,230000,230000,0,8546,14221,8,0.0
100011249,Mitchell Woods,0,230000,230000,230000,,,,0,0,0,18,230000,18,2,0,230000,32,25,26,238546,22,33,26,,,230000,230000,230000,0,0,8546,-18,-0.0
100011254,Lorenzo Talataina,0,230000,230000,230000,,,,0,0,26,18,,18,19,26,238643,12,6,26,252862,7,2,26,,,,,230000,,,14219,8,
100011297,Kade Reed,0,230000,230000,230000,,,,0,0,26,18,238716,18,19,26,238648,12,6,26,252867,7,22,0,,,,230000,230000,8716,-68,14219,8,1089.5
100011328,Jonathan Sua,0,230000,230000,230000,,,,0,0,28,18,230000,18,13,28,240724,10,2,28,258404,4,1,28,,,230000,230000,230000,0,10724,17680,10,0.0
100011333,Toby Rodwell,0,230000,230000,230000,,,,0,0,26,18,230000,18,19,26,238546,12,6,26,252767,7,2,26,,,230000,230000,230000,0,8546,14221,8,0.0
100011390,Max McCarthy,0,230000,230000,230000,,,,0,0,24,18,230000,18,25,24,236497,13,11,24,247130,10,6,24,,,230000,230000,230000,0,6497,10633,6,0.0
100011721,Zaidas Muagututia,0,230000,230000,230000,,,,0,0,25,18,230000,18,22,25,237522,12,7,25,249949,8,3,25,,,230000,230000,230000,0,7522,12427,7,0.0
100011844,Coby Black,0,230000,230000,230000,,,,0,0,26,18,230000,18,19,26,238546,12,6,26,252767,7,2,26,,,230000,230000,230000,0,8546,14221,8,0.0
100011878,Mason Barber,0,230000,230000,230000,,,,0,0,24,18,236523,18,25,24,236465,13,11,24,247097,10,6,24,,,,,230000,6523,-58,10632,6,1087.17
100011973,Brian Pouniu,0,230000,230000,230000,,,,0,0,25,18,230000,18,22,25,237522,12,7,25,249949,8,3,25,,,230000,230000,230000,0,7522,12427,7,0.0
100012106,Gabriel Satrick,0,230000,230000,230000,,,,0,0,25,18,230000,18,22,25,237522,12,7,25,249949,8,3,25,,,230000,230000,230000,0,7522,12427,7,0.0
100012114,LJ Nonu,0,230000,230000,230000,,,,0,0,24,18,230000,18,25,24,236497,13,11,24,247130,10,6,24,,,230000,230000,230000,0,6497,10633,6,0.0
100013672,Kayliss Fatialofa,0,230000,230000,230000,,,,0,0,25,18,230000,18,22,25,237522,12,7,25,249949,8,3,25,,,230000,230000,230000,0,7522,12427,7,0.0
100013692,Hugo Peel,0,230000,230000,230000,,,,0,0,24,18,236546,18,25,24,236487,13,11,24,247120,10,6,24,,,230000,230000,230000,6546,-59,10633,6,1091.0
100013788,Onitoni Large,0,230000,230000,230000,,,,0,0,26,18,230000,18,19,26,238546,12,6,26,252767,7,2,26,,,230000,230000,230000,0,8546,14221,8,0.0
100014592,Elijah Rasmussen,0,230000,230000,230000,,,,0,0,25,18,230000,18,22,25,237522,12,7,25,249949,8,3,25,,,230000,230000,230000,0,7522,12427,7,0.0
