player_id,name,games_played,start_price,current_price,exact_price_r25,recent_s1,recent_s2,recent_s3,consistency,last_3_tog_avg,proj_score_fc,break_even_fc,proj_price_r26,be_r26,be_pct_r26,proj_score_r26,proj_price_r27,be_r27,be_pct_r27,proj_score_r27,proj_price_r28,be_r28,be_pct_r28,proj_score_r28,score_r24,score_r25,price_r23,price_r24,price_r25,delta_r25_to_r26,delta_r26_to_r27,delta_r27_to_r28,score_vs_be_r26,implied_ppp_r26
100001946,Heilum Luki,22,300000,649000,649000,31,73,57,53,77,0,54,649000,98,1,49,640745,91,1,52,632845,,,,31,,624000,653000,649000,0,-8255,-7900,-49,-0.0
100003925,Ethan Sanders,22,350000,642000,642000,43,46,43,21,80,49,58,629852,64,1,0,629852,100,1,49,615261,,,,43,,631000,646000,642000,-12148,0,-14591,-64,189.81
500555,Joseph Tapine,22,726000,618000,618000,85,46,49,41,51,50,26,639169,31,1,0,639169,77,2,50,650717,,,,85,,587000,582000,618000,21169,0,11548,-31,-682.87
100004109,Ata Mariota,22,368000,536000,536000,43,42,48,79,58,37,41,529885,48,1,0,529885,82,1,37,517729,,,,43,,524000,531000,536000,-6115,0,-12156,-48,127.4
100008940,Jaxon Purdue,22,468000,523000,523000,56,58,30,53,77,0,25,523000,64,4,41,537190,60,5,38,538284,,,,56,,481000,497000,523000,0,14190,1094,-23,-0.0
504087,Scott Drinkwater,22,635000,516000,516000,47,48,32,40,80,0,36,516000,71,7,47,523818,59,19,45,530861,,,,47,,517000,513000,516000,0,7818,7043,-24,-0.0
507846,Kaeo Weekes,22,467000,506000,506000,34,51,58,27,80,39,36,507073,39,1,0,507073,75,1,40,505493,,,,34,,467000,493000,506000,1073,0,-1580,-39,-27.51
100008071,Dominic Young,22,440000,483000,483000,16,85,48,1,80,41,28,493638,31,40,36,493759,40,2,0,493759,,,,16,,421000,471000,483000,10638,121,0,5,2127.6
504298,Mat Croker,22,500000,472000,472000,21,40,23,29,49,37,50,455761,51,11,37,442767,46,1,0,442767,,,,21,,486000,489000,472000,-16239,-12994,0,-14,1159.93
500405,Coen Hess,22,462000,367000,367000,30,30,36,46,42,0,28,367000,51,2,32,369353,45,9,33,373967,,,,30,,371000,368000,367000,0,2353,4614,-19,-0.0
504072,Tom Starling,22,571000,303000,303000,39,31,12,10,28,29,12,319050,12,19,0,319050,34,50,34,335951,,,,39,,291000,285000,303000,16050,0,16901,-12,-1337.5
100006297,Sualauvi Faalogo,21,467000,761000,761000,60,72,80,51,77,54,55,756979,61,37,55,749076,70,8,46,724759,,,,,,756000,761000,761000,-4021,-7903,-24317,-6,670.17
502363,Jack Williams,21,634000,727000,727000,55,63,50,54,80,52,59,716964,66,20,56,705777,66,12,52,694103,,,,55,,698000,719000,727000,-10036,-11187,-11674,-10,1003.6
100006241,Hamish Stewart,21,442000,717000,717000,64,64,50,74,80,55,53,714944,55,29,50,706319,62,12,51,694170,,,,64,,710000,710000,717000,-2056,-8625,-12149,-5,411.2
504174,Keaon Koloamatangi,21,704000,707000,707000,66,59,51,68,77,54,51,706284,55,50,55,703489,57,47,56,700450,,,,66,,703000,700000,707000,-716,-2795,-3039,0,
505628,Stefano Utoikamanu,21,575000,690000,690000,53,45,82,54,53,53,53,687281,59,29,53,679137,63,12,50,665766,,,,,,687000,690000,690000,-2719,-8144,-13371,-6,453.17
100007336,Lachlan Galvin,21,535000,649000,649000,56,63,46,67,80,52,46,651363,47,35,51,651120,50,38,53,650391,,,,56,,639000,641000,649000,2363,-243,-729,4,590.75
506314,Beau Fermor,21,672000,648000,648000,82,49,49,58,80,52,30,667004,37,8,53,675630,41,19,51,675994,,,,82,,609000,613000,648000,19004,8626,364,16,1187.75
506018,Corey Horsburgh,21,664000,640000,640000,37,70,55,60,64,52,52,636931,52,1,0,636931,95,1,48,630371,,,,,,644000,640000,640000,-3069,0,-6560,-52,59.02
505555,Lindsay Smith,21,670000,609000,609000,69,58,34,40,56,46,35,616653,39,29,47,619568,43,37,48,618961,,,,69,,594000,592000,609000,7653,2915,-607,8,956.62
100004373,Siua Wong,21,570000,603000,603000,61,51,39,66,79,48,40,607711,43,31,48,608804,44,31,49,609290,,,,61,,593000,590000,603000,4711,1093,486,5,942.2
100006390,Naufahu Whyte,21,638000,603000,603000,43,55,46,77,48,47,51,596703,52,27,45,588922,54,19,44,579925,,,,43,,604000,607000,603000,-6297,-7781,-8997,-7,899.57
100009209,Keano Kini,21,600000,600000,600000,41,29,48,39,80,42,65,573904,66,7,41,552396,65,10,43,539030,,,,41,,666000,632000,600000,-26096,-21508,-13366,-25,1043.84
100004833,Xavier Willison,21,468000,596000,596000,65,56,3,10,43,42,45,590004,49,38,42,581860,48,46,50,584291,,,,65,,610000,592000,596000,-5996,-8144,2431,-7,856.57
100007927,Thomas Jenkins,21,504000,578000,578000,27,59,56,19,80,40,56,558805,57,25,43,546541,59,33,50,542412,,,,27,,598000,600000,578000,-19195,-12264,-4129,-14,1371.07
503685,Erin Clark,21,734000,576000,576000,40,44,53,68,52,46,50,569264,51,43,49,566832,48,50,48,566589,,,,40,,586000,584000,576000,-6736,-2432,-243,-2,3368.0
500024,Daly Cherry-Evans,21,666000,569000,569000,75,32,36,50,80,51,33,584418,32,6,50,595956,30,4,50,605915,,,,75,,562000,548000,569000,15418,11538,9959,18,856.56
507949,Connelly Lemuelu,21,449000,566000,566000,15,58,40,45,69,0,62,566000,97,1,44,544369,84,1,39,524081,,,,15,,593000,597000,566000,0,-21631,-20288,-53,-0.0
504301,Jaeman Salmon,21,360000,556000,556000,38,29,71,43,50,38,50,540439,55,7,38,523679,60,4,39,507284,,,,38,,569000,567000,556000,-15561,-16760,-16395,-17,915.35
100013815,Cooper Clarke,21,230000,556000,556000,49,35,47,54,61,41,43,551308,49,27,41,541708,51,29,44,535875,,,,,,552000,556000,556000,-4692,-9600,-5833,-8,586.5
502014,Jamayne Isaako,21,481000,554000,554000,69,37,33,48,80,43,32,562522,37,32,46,566896,36,34,44,568475,,,,69,,554000,538000,554000,8522,4374,1579,9,946.89
505894,Jake Clifford,21,561000,543000,543000,24,48,33,38,80,0,62,543000,91,1,44,521911,77,3,47,515348,,,,24,,597000,578000,543000,0,-21089,-6563,-47,-0.0
504597,Phoenix Crossland,21,498000,539000,539000,36,40,51,27,71,41,47,530161,50,21,40,519713,51,1,0,519713,,,,36,,545000,545000,539000,-8839,-10448,0,-10,883.9
504321,Braydon Trindall,21,416000,538000,538000,8,40,51,26,56,0,69,538000,99,1,42,507886,85,1,39,485788,,,,8,,598000,586000,538000,0,-30114,-22098,-57,-0.0
100004194,Fonua Pole,21,397000,518000,518000,58,60,39,48,51,39,20,534350,27,11,39,539207,35,27,41,536779,,,,58,,484000,484000,518000,16350,4857,-2428,12,1362.5
508629,Jake Simpkin,21,509000,515000,515000,46,36,32,49,56,32,43,501486,51,18,40,491524,48,18,37,483871,,,,46,,517000,514000,515000,-13514,-9962,-7653,-11,1228.55
500845,Valentine Holmes,21,643000,513000,513000,31,54,69,1,76,39,35,515233,39,46,37,510247,48,33,40,500397,,,,31,,482000,509000,513000,2233,-4986,-9850,-2,-1116.5
501247,Josh King,21,505000,510000,510000,33,23,59,27,60,40,51,496041,50,20,39,485115,50,16,37,475160,,,,,,528000,510000,510000,-13959,-10926,-9955,-11,1269.0
504325,Greg Marzhew,21,527000,506000,506000,49,25,70,12,80,45,32,516511,33,33,43,521495,37,5,0,521495,,,,49,,481000,489000,506000,10511,4984,0,10,1051.1
505918,Phillip Sami,21,513000,491000,491000,30,64,23,29,80,37,39,486689,41,36,36,480132,43,36,38,475275,,,,30,,493000,496000,491000,-4311,-6557,-4857,-5,862.2
506278,Moeaki Fotuaika,21,566000,491000,491000,21,37,39,26,47,37,57,467872,54,13,39,455972,49,22,39,451479,,,,21,,545000,525000,491000,-23128,-11900,-4493,-15,1541.87
503450,Tevita Tatola,21,463000,485000,485000,32,49,43,52,53,38,36,484655,40,41,38,480767,42,41,40,477851,,,,32,,461000,481000,485000,-345,-3888,-2916,-2,172.5
100004042,Paul Alamoti,21,517000,479000,479000,38,17,32,15,75,42,53,465393,46,30,37,457006,43,43,40,457614,,,,38,,542000,507000,479000,-13607,-8387,608,-9,1511.89
500751,Jake Trbojevic,21,443000,477000,477000,42,33,32,72,66,44,41,477697,36,30,40,479886,34,10,44,487426,,,,42,,494000,481000,477000,697,2189,7540,4,174.25
504123,Wayde Egan,21,584000,460000,460000,33,23,50,44,59,39,44,452725,41,44,39,450053,39,47,40,451267,,,,33,,484000,473000,460000,-7275,-2672,1214,-2,3637.5
505413,Billy Burns,21,438000,459000,459000,40,50,20,29,52,31,34,453872,38,50,38,452657,36,50,36,451928,,,,40,,464000,458000,459000,-5128,-1215,-729,0,
100004781,Tom Chester,21,250000,446000,446000,34,43,20,38,80,0,36,446000,66,9,44,451622,50,23,38,454900,,,,34,,449000,448000,446000,0,5622,3278,-22,-0.0
100006658,Tallyn Da Silva,21,250000,444000,444000,54,30,38,59,63,32,24,449763,30,47,31,447212,36,25,28,436159,,,,54,,428000,426000,444000,5763,-2551,-11053,1,5763.0
500301,Jason Taumalolo,21,439000,439000,439000,19,44,31,62,38,0,45,439000,71,1,39,430253,58,1,39,429282,,,,19,,456000,456000,439000,0,-8747,-971,-32,-0.0
500043,Dane Gagai,21,532000,429000,429000,38,33,40,65,67,0,32,429000,60,13,38,432985,52,1,0,432985,,,,38,,433000,427000,429000,0,3985,0,-22,-0.0
505864,Bailey Hayward,21,375000,417000,417000,45,41,23,51,74,34,26,423566,26,19,35,429280,27,28,33,430982,,,,45,,409000,405000,417000,6566,5714,1702,9,729.56
501461,Moses Leota,21,501000,415000,415000,46,32,33,60,39,32,27,417667,27,20,34,421065,29,28,34,422157,,,,46,,417000,407000,415000,2667,3398,1092,7,381.0
504279,William Kennedy,21,421000,398000,398000,43,16,23,28,80,33,37,391869,33,38,37,395270,26,35,31,398428,,,,43,,435000,407000,398000,-6131,3401,3158,4,-1532.75
500852,Scott Sorensen,21,495000,396000,396000,21,38,30,54,39,31,37,387043,37,26,32,381826,35,35,32,379642,,,,21,,403000,407000,396000,-8957,-5217,-2184,-5,1791.4
100004869,Griffin Neame,21,475000,303000,303000,29,19,28,57,40,0,24,303000,43,1,28,305619,36,3,26,309266,,,,29,,309000,302000,303000,0,2619,3647,-15,-0.0
509455,Sunia Turuva,21,401000,274000,274000,22,23,15,27,77,31,24,279053,16,17,32,292266,8,13,27,304631,,,,22,,280000,280000,274000,5053,13213,12365,16,315.81
508065,Terrell May,20,930000,784000,784000,67,63,50,66,61,63,65,778202,64,39,67,778809,59,29,65,782332,,,,67,,792000,792000,784000,-5798,607,3523,3,-1932.67
508300,Herbie Farnworth,20,800000,692000,692000,29,52,82,43,80,57,68,677123,67,30,57,667037,66,24,53,657072,,,,29,,718000,717000,692000,-14877,-10086,-9965,-10,1487.7
505976,Isaiah Papali'i,20,607000,669000,669000,66,51,69,65,74,54,40,679861,45,33,50,678889,53,43,51,671115,,,,66,,640000,649000,669000,10861,-972,-7774,5,2172.2
100007811,Kulikefu Finefeuiaki,20,484000,639000,639000,46,46,63,50,80,46,54,628144,60,26,52,620484,58,13,44,608082,,,,46,,631000,642000,639000,-10856,-7660,-12402,-8,1357.0
100006482,Fletcher Sharpe,20,717000,638000,638000,67,55,80,52,80,53,28,660695,34,12,51,669326,44,1,0,669326,,,,67,,570000,599000,638000,22695,8631,0,17,1335.0
505985,Zac Hosking,20,648000,616000,616000,49,58,52,46,80,49,49,612342,47,1,0,612342,88,1,47,610277,,,,49,,627000,623000,616000,-3658,0,-2065,-47,77.83
100012134,Jacob Laban,20,335000,592000,592000,63,58,75,27,77,37,23,603948,38,48,39,599449,53,21,36,577441,,,,63,,527000,556000,592000,11948,-4499,-22008,1,11948.0
503639,Nat Butcher,20,532000,588000,588000,43,42,47,56,48,48,52,581325,52,40,49,577193,49,43,47,575248,,,,43,,587000,592000,588000,-6675,-4132,-1945,-3,2225.0
507915,Trey Mooney,20,450000,580000,580000,57,38,49,55,53,46,41,582500,44,50,44,578611,47,1,0,578611,,,,57,,574000,572000,580000,2500,-3889,0,0,
500611,Cody Walker,20,347000,478000,478000,49,55,41,44,80,42,24,494498,23,4,44,509814,25,10,40,515041,,,,49,,439000,453000,478000,16498,15316,5227,21,785.62
510238,Thomas Hazelton,20,457000,456000,456000,37,33,26,41,36,42,40,456011,36,50,36,453580,35,42,37,454066,,,,37,,451000,456000,456000,11,-2431,486,0,
504251,Taniela Paseka,20,500000,450000,450000,18,33,24,44,46,0,58,450000,80,1,36,425801,66,1,40,418265,,,,,,488000,450000,450000,0,-24199,-7536,-44,-0.0
509397,Matt Burton,20,549000,448000,448000,40,25,40,35,80,42,40,447820,33,29,42,454992,29,21,42,464595,,,,40,,471000,453000,448000,-180,7172,9603,9,-20.0
503443,Reuben Garrick,20,551000,446000,446000,38,16,22,21,80,39,46,436309,43,37,38,431327,36,47,37,434000,,,,38,,498000,464000,446000,-9691,-4982,2673,-5,1938.2
500532,Dallin Watene-Zelezniak,20,309000,437000,437000,31,29,41,35,80,34,37,430935,40,40,36,425958,38,43,35,423045,,,,31,,437000,439000,437000,-6065,-4977,-2913,-4,1516.25
100011191,Lehi Hopoate,20,496000,425000,425000,34,28,35,36,80,27,40,409826,42,39,38,406790,37,41,40,412133,,,,34,,449000,436000,425000,-15174,-3036,5343,-4,3793.5
506156,Tom Gilbert,20,513000,423000,423000,34,26,25,43,35,36,40,417179,38,43,36,414748,33,36,37,418638,,,,34,,456000,434000,423000,-5821,-2431,3890,-2,2910.5
501600,Damien Cook,20,629000,422000,422000,12,33,28,13,40,41,57,403555,43,50,43,405742,32,35,40,416068,,,,12,,463000,463000,422000,-18445,2187,10326,0,
500622,Tyson Frizell,20,479000,421000,421000,35,39,35,69,42,37,31,424245,28,6,40,432747,26,1,0,432747,,,,35,,414000,418000,421000,3245,8502,0,12,270.42
503327,Connor Watson,20,622000,410000,410000,23,26,29,41,29,37,47,398011,40,40,36,395337,34,45,36,399227,,,,23,,453000,434000,410000,-11989,-2674,3890,-4,2997.25
100010109,Klese Haas,20,430000,386000,386000,35,24,31,29,31,29,35,378385,33,46,34,378993,30,42,32,380816,,,,35,,423000,396000,386000,-7615,608,1823,1,-7615.0
504609,Alex Seyfarth,20,517000,382000,382000,51,28,17,1,39,29,24,385574,24,35,31,389951,24,33,32,393964,,,,51,,375000,375000,382000,3574,4377,4013,7,510.57
506446,Lachlan Hubner,20,475000,367000,367000,17,28,46,33,35,29,35,359482,35,22,27,351464,37,19,28,343932,,,,17,,365000,374000,367000,-7518,-8018,-7532,-8,939.75
509297,Sione Fainu,20,354000,367000,367000,28,21,20,40,44,31,40,356170,35,29,30,352043,31,37,28,351072,,,,28,,387000,387000,367000,-10830,-4127,-971,-5,2166.0
505736,Morgan Knowles,20,550000,357000,357000,33,10,40,29,41,30,33,352145,30,40,33,353967,27,43,29,355182,,,,33,,395000,368000,357000,-4855,1822,1215,3,-1618.33
504573,Ben Talty,20,320000,353000,353000,19,24,26,60,33,29,38,341594,36,27,28,334432,33,38,29,332975,,,,,,370000,353000,353000,-11406,-7162,-1457,-8,1425.75
507670,Jason Saab,20,347000,338000,338000,22,9,12,5,80,29,44,320709,39,24,28,311726,31,38,36,321194,,,,22,,391000,363000,338000,-17291,-8983,9468,-11,1571.91
500083,Dylan Walker,20,448000,334000,334000,20,25,32,55,42,30,31,331245,28,38,31,332823,25,27,31,337435,,,,20,,340000,340000,334000,-2755,1578,4612,3,-918.33
100006166,Morgan Smithies,20,487000,317000,317000,2,38,29,24,31,0,36,317000,54,1,0,317000,68,1,32,310761,,,,2,,333000,337000,317000,0,0,-6239,-54,-0.0
501351,Josh Addo-Carr,20,493000,302000,302000,43,20,21,19,80,30,16,314800,11,8,28,327188,11,3,34,342126,,,,43,,315000,295000,302000,12800,12388,14938,17,752.94
100014512,Cooper Bai,20,250000,230000,230000,22,8,16,4,27,21,28,229713,25,41,22,233483,21,44,23,241651,,,,22,,244000,230000,230000,-287,3770,8168,-3,95.67
100011308,Toby Couchman,19,691000,753000,753000,51,21,77,42,51,54,82,721342,85,7,57,697638,80,8,53,680863,,,,51,,785000,785000,753000,-31658,-23704,-16775,-28,1130.64
100001622,Jayden Campbell,19,766000,700000,700000,53,32,45,35,80,55,70,680714,72,17,55,664926,65,31,56,661283,,,,53,,741000,721000,700000,-19286,-15788,-3643,-17,1134.47
100004843,Sam Walker,19,570000,681000,681000,61,32,106,5,80,51,47,681918,54,50,54,679001,60,35,52,667820,,,,61,,660000,670000,681000,918,-2917,-11181,0,
509529,Tallis Duncan,19,551000,676000,676000,54,51,57,73,80,47,55,664614,62,19,49,651241,65,10,46,635559,,,,54,,683000,679000,676000,-11386,-13373,-15682,-13,875.85
501175,Jamal Fogarty,19,687000,606000,606000,27,47,57,49,80,50,65,587495,60,18,48,576685,58,32,52,574863,,,,27,,645000,636000,606000,-18505,-10810,-1822,-12,1542.08
100001736,Jordan Riki,19,611000,591000,591000,56,36,41,65,80,47,51,584589,49,50,49,583009,46,32,51,587141,,,,56,,610000,594000,591000,-6411,-1580,4132,0,
504374,Reuben Cotter,19,569000,541000,541000,72,48,37,45,66,0,21,541000,61,8,45,562795,57,17,46,575801,,,,72,,501000,507000,541000,0,21795,13006,-16,-0.0
507615,Teig Wilton,19,536000,541000,541000,59,55,25,36,75,42,31,550032,35,25,46,556477,35,27,45,560855,,,,59,,523000,521000,541000,9032,6445,4378,11,821.09
100006524,Ethan Strange,19,508000,509000,509000,30,29,63,30,80,40,48,498126,49,1,0,498126,81,1,40,489144,,,,30,,514000,518000,509000,-10874,0,-8982,-49,221.92
100004272,Jesse Colquhoun,19,347000,507000,507000,45,25,49,58,51,40,45,499267,44,10,32,486637,50,10,38,476921,,,,45,,531000,515000,507000,-7733,-12630,-9716,-12,644.42
100008220,Jojo Fifita,19,451000,503000,503000,45,47,22,20,80,38,40,498937,41,50,41,497357,39,50,39,496506,,,,45,,493000,496000,503000,-4063,-1580,-851,0,
505410,Brian To'o,19,533000,490000,490000,25,34,19,7,80,41,61,466632,53,26,40,456430,45,40,40,457037,,,,25,,551000,524000,490000,-23368,-10202,607,-13,1797.54
508649,KL Iro,19,628000,485000,485000,27,10,72,21,62,45,55,472635,47,35,41,467411,45,40,41,465588,,,,27,,512000,512000,485000,-12365,-5224,-1823,-6,2060.83
509579,Sandon Smith,19,439000,481000,481000,30,44,57,40,80,37,37,478551,40,37,36,472962,45,1,0,472962,,,,30,,455000,476000,481000,-2449,-5589,0,-4,612.25
504377,Thomas Mikaele,19,353000,469000,469000,44,59,28,43,44,0,25,469000,58,5,37,478679,54,10,37,482686,,,,44,,437000,451000,469000,0,9679,4007,-21,-0.0
100009453,Arama Hau,19,250000,449000,449000,29,40,39,12,62,36,41,441892,39,42,35,437761,39,40,34,432780,,,,,,449000,449000,449000,-7108,-4131,-4981,-4,1777.0
502015,Connor Tracey,19,500000,441000,441000,26,26,30,34,80,34,46,425546,47,24,37,416445,41,36,36,415110,,,,26,,464000,457000,441000,-15454,-9101,-1335,-10,1545.4
100008234,Salesi Foketi,19,393000,421000,421000,56,53,58,1,80,35,-2,456335,7,6,32,470311,22,29,31,464721,,,,56,,312000,363000,421000,35335,13976,-5590,25,1413.4
505648,Kurtis Morrin,19,250000,419000,419000,41,20,20,37,42,31,39,408390,40,21,31,399768,37,30,31,395761,,,,41,,452000,429000,419000,-10610,-8622,-4007,-9,1178.89
100006848,Blaize Talagi,19,435000,415000,415000,7,43,24,10,59,32,52,392358,48,15,32,379122,44,22,32,373536,,,,7,,452000,452000,415000,-22642,-13236,-5586,-16,1415.12
505460,Reed Mahoney,19,489000,409000,409000,60,10,21,23,38,0,29,409000,54,15,36,413651,44,32,36,420571,,,,60,,407000,407000,409000,0,4651,6920,-18,-0.0
100004534,Ezra Mam,19,475000,409000,409000,8,66,28,1,80,31,30,408448,37,41,33,402129,38,41,34,398240,,,,8,,355000,402000,409000,-552,-6319,-3889,-4,138.0
500872,Brian Kelly,19,505000,392000,392000,51,7,28,12,77,35,28,396545,27,32,34,399456,24,35,30,400669,,,,51,,424000,392000,392000,4545,2911,1213,7,649.29
100006683,Josiah Karapani,19,505000,372000,372000,3,21,31,1,80,28,57,340993,51,7,29,324344,45,19,32,321671,,,,3,,430000,413000,372000,-31007,-16649,-2673,-22,1409.41
506259,AJ Brimson,19,542000,369000,369000,25,32,25,66,77,32,32,366691,31,40,34,368513,26,24,34,374343,,,,25,,370000,373000,369000,-2309,1822,5830,3,-769.67
502490,Nicholas Hynes,18,700000,895000,895000,56,38,105,21,80,69,86,873561,92,16,70,852542,89,16,67,836261,,,,56,,913000,918000,895000,-21439,-21019,-16281,-22,974.5
504120,Nathan Cleary,18,900000,878000,878000,57,71,90,50,80,60,71,862858,84,20,68,846211,85,21,70,834546,,,,57,,879000,885000,878000,-15142,-16647,-11665,-16,946.38
508033,Haumole Olakau'atu,18,608000,770000,770000,52,59,55,67,80,62,73,755034,71,22,58,741905,70,19,55,729870,,,,52,,804000,791000,770000,-14966,-13129,-12035,-13,1151.23
506513,Tino Fa'asuamaleaui,18,668000,677000,677000,63,68,43,58,70,55,45,683815,47,20,58,690746,46,27,54,692570,,,,63,,647000,659000,677000,6815,6931,1824,11,619.55
100001560,Trent Loiero,18,619000,629000,629000,45,62,53,54,65,49,49,625648,51,40,48,620787,54,43,52,617749,,,,,,628000,629000,629000,-3352,-4861,-3038,-3,1117.33
505904,Harry Grant,18,645000,622000,622000,6,58,48,25,54,0,81,622000,115,1,51,589383,96,1,46,566991,,,,,,622000,622000,622000,0,-32617,-22392,-64,-0.0
100010604,Oliver Pascoe,18,608000,608000,608000,44,28,36,40,66,45,67,582569,66,12,45,564337,61,18,45,556193,,,,44,,656000,634000,608000,-25431,-18232,-8144,-21,1211.0
100008243,Robert Toia,18,552000,599000,599000,46,42,60,67,80,46,48,594383,52,39,49,589884,52,25,45,582831,,,,46,,597000,599000,599000,-4617,-4499,-7053,-3,1539.0
503340,Dylan Edwards,18,614000,582000,582000,31,46,52,61,80,46,61,564045,57,31,49,557849,52,43,49,557485,,,,31,,610000,610000,582000,-17955,-6196,-364,-8,2244.38
100004700,Daniel Atkinson,18,450000,567000,567000,42,37,57,66,80,43,49,558187,52,8,34,539954,60,9,43,526704,,,,42,,575000,575000,567000,-8813,-18233,-13250,-18,489.61
506040,Braidon Burns,18,570000,554000,554000,59,41,29,51,80,0,42,554000,77,1,45,554445,66,3,42,553108,,,,59,,580000,555000,554000,0,445,-1337,-32,-0.0
500108,Alex Johnston,18,463000,536000,536000,38,78,31,10,80,43,32,544685,35,30,44,548941,38,45,40,545293,,,,38,,498000,521000,536000,8685,4256,-3648,9,965.0
502580,James Fisher-Harris,18,582000,532000,532000,32,50,36,58,52,45,49,525298,46,42,44,521897,44,46,45,522990,,,,32,,553000,547000,532000,-6702,-3401,1093,-2,3351.0
506851,Chanel Harris-Tavita,18,501000,521000,521000,49,35,63,41,80,38,30,526082,39,47,40,522440,44,35,39,513698,,,,49,,474000,498000,521000,5082,-3642,-8742,1,5082.0
507850,Ben Trbojevic,18,504000,520000,520000,21,5,38,10,43,0,78,520000,104,1,40,479802,85,1,39,454261,,,,,,520000,520000,520000,0,-40198,-25541,-64,-0.0
500449,Addin Fonua-Blake,18,661000,509000,509000,22,57,42,33,42,43,49,500266,44,39,41,496381,44,43,42,494439,,,,,,531000,509000,509000,-8734,-3885,-1942,-3,2911.33
509634,Tolutau Koula,18,515000,508000,508000,19,43,28,45,77,34,61,478398,61,9,39,460419,55,8,32,446327,,,,19,,562000,544000,508000,-29602,-17979,-14092,-22,1345.55
504830,Freddy Lussick,18,250000,501000,501000,40,52,46,51,76,41,30,508949,34,38,38,507977,40,47,39,502877,,,,40,,469000,487000,501000,7949,-972,-5100,4,1987.25
100008236,Jermaine McEwen,18,412000,489000,489000,63,40,19,30,74,37,27,495774,31,21,41,501480,30,1,0,501480,,,,63,,488000,474000,489000,6774,5706,0,10,677.4
100010997,Will Warbrick,18,426000,452000,452000,0,34,48,1,63,0,54,452000,86,1,40,435989,71,3,35,418365,,,,,,452000,452000,452000,0,-16011,-17624,-46,-0.0
100006296,Ali Leiataua,18,364000,442000,442000,49,18,59,10,80,37,26,450020,29,27,37,453905,32,33,38,454755,,,,49,,414000,424000,442000,8020,3885,850,8,1002.5
100001349,Chris Randall,18,487000,428000,428000,29,33,34,38,39,38,38,426274,36,39,39,427853,31,20,40,434413,,,,29,,431000,432000,428000,-1726,1579,6560,3,-575.33
508009,Kotoni Staggs,18,573000,426000,426000,22,8,38,12,80,36,57,401627,50,17,37,392038,41,36,36,392766,,,,22,,488000,460000,426000,-24373,-9589,728,-13,1874.85
506492,Cory Paix,18,409000,421000,421000,26,21,43,40,48,0,41,421000,69,1,32,409550,62,1,36,402619,,,,,,421000,421000,421000,0,-11450,-6931,-37,-0.0
500265,Kodi Nikorima,18,495000,399000,399000,56,18,38,32,80,33,19,410917,22,33,29,413348,28,33,35,415415,,,,56,,403000,382000,399000,11917,2431,2067,7,1702.43
100013674,Leka Halasima,18,498000,398000,398000,39,58,38,30,80,34,10,420110,15,9,37,434793,19,20,33,437584,,,,39,,330000,365000,398000,22110,14683,2791,22,1005.0
510696,Setu Tu,18,230000,396000,396000,45,29,26,43,70,38,28,403686,21,7,37,415209,19,8,34,422851,,,,,,393000,396000,396000,7686,11523,7642,16,480.38
504363,Kyle Flanagan,18,533000,382000,382000,24,45,44,38,80,29,23,386077,28,34,33,388142,30,44,32,386685,,,,24,,345000,370000,382000,4077,2065,-1457,5,815.4
100006687,Harry Hayes,18,523000,376000,376000,31,44,22,45,30,35,27,382013,22,10,34,390270,21,12,32,395249,,,,31,,373000,374000,376000,6013,8257,4979,12,501.08
100012669,Jahream Bula,18,499000,361000,361000,46,24,30,50,80,29,17,370428,21,12,35,380381,18,9,34,388998,,,,46,,344000,344000,361000,9428,9953,8617,14,673.43
100008487,Billy Phillips,18,250000,304000,304000,30,18,5,1,32,22,33,291192,30,31,23,286086,26,44,24,286694,,,,30,,365000,327000,304000,-12808,-5106,608,-7,1829.71
504175,Siosifa Talakai,18,344000,279000,279000,16,17,43,4,25,25,24,278361,23,42,26,280671,22,39,26,282981,,,,16,,283000,283000,279000,-639,2310,2310,3,-213.0
510612,Zac Laybutt,18,373000,249000,249000,48,27,8,1,80,0,0,249000,19,31,26,273899,15,19,27,295539,,,,48,,231000,230000,249000,0,24899,21640,7,0.0
500598,Felise Kaufusi,18,351000,239000,239000,12,17,32,12,20,24,22,240042,18,24,23,243445,17,11,26,250494,,,,12,,240000,243000,239000,1042,3403,7049,5,208.4
509563,Samuel Healey,18,350000,230000,230000,11,14,20,3,22,20,35,221708,30,22,18,219181,29,42,26,227140,,,,11,,245000,236000,230000,-8292,-2527,7959,-12,691.0
100008216,Joe Chan,18,311000,230000,230000,25,16,17,1,51,25,38,244239,31,32,21,258541,30,30,19,267205,,,,,,230000,230000,230000,14239,14302,8664,-10,-1423.9
100008396,Ryan Couchman,17,250000,858000,858000,58,84,97,54,63,59,56,856750,73,47,71,851160,75,27,61,834025,,,,58,,778000,832000,858000,-1250,-5590,-17135,-2,625.0
507878,Jacob Preston,17,720000,667000,667000,63,59,74,26,80,56,32,688126,40,17,57,696266,45,27,56,696509,,,,63,,586000,628000,667000,21126,8140,243,17,1242.71
500534,Isaah Yeo,17,738000,655000,655000,21,80,49,42,59,0,63,655000,104,1,53,641491,92,1,53,632745,,,,,,676000,655000,655000,0,-13509,-8746,-51,-0.0
504274,Blayke Brailey,17,686000,619000,619000,28,46,68,61,80,47,63,600014,64,12,51,589195,61,12,48,581051,,,,28,,640000,641000,619000,-18986,-10819,-8144,-13,1460.46
504397,Max King,17,643000,602000,602000,47,41,41,57,54,47,57,589319,55,36,51,585186,50,43,48,584700,,,,47,,643000,618000,602000,-12681,-4133,-486,-4,3170.25
503944,Reece Robson,17,579000,567000,567000,51,40,46,65,80,47,43,568446,44,31,49,570511,41,22,49,574520,,,,51,,558000,560000,567000,1446,2065,4009,5,289.2
100006258,Isaiya Katoa,17,706000,565000,565000,49,52,48,28,80,45,47,560373,41,47,42,559766,46,44,44,556122,,,,49,,586000,571000,565000,-4627,-607,-3644,1,-4627.0
508062,Stephen Crichton,17,523000,547000,547000,46,36,67,42,80,42,39,546888,43,43,41,541785,49,28,42,533523,,,,46,,541000,544000,547000,-112,-5103,-8262,-2,56.0
100004133,Jacob Kiraz,17,664000,528000,528000,32,49,28,20,80,48,50,523021,45,46,43,519500,42,42,46,523021,,,,32,,550000,542000,528000,-4979,-3521,3521,-2,2489.5
509757,Matthew Timoko,17,554000,526000,526000,32,38,60,38,80,41,47,517292,48,1,0,517292,82,1,38,506715,,,,32,,535000,535000,526000,-8708,0,-10577,-48,181.42
504372,Enari Tuala,17,458000,502000,502000,50,21,36,48,80,40,44,495709,44,40,41,491822,40,47,41,492308,,,,50,,529000,507000,502000,-6291,-3887,486,-3,2097.0
100018452,Mark Nawaqanitawase,17,612000,484000,484000,41,19,80,1,80,46,39,489423,32,34,41,494773,37,39,43,496354,,,,41,,496000,487000,484000,5423,5350,1581,9,602.56
504460,Oregon Kaufusi,17,435000,465000,465000,45,39,46,3,38,34,24,472541,34,50,34,468895,39,41,36,462453,,,,45,,418000,444000,465000,7541,-3646,-6442,0,
509599,Hugo Savala,17,438000,438000,438000,34,38,45,46,80,38,32,441851,31,34,36,443795,33,37,37,444038,,,,34,,432000,436000,438000,3851,1944,243,5,770.2
500729,Clinton Gutherson,17,503000,429000,429000,52,60,44,20,80,0,3,429000,39,47,38,461585,40,41,37,478928,,,,,,385000,429000,429000,0,32585,17343,-1,-0.0
504121,Jarome Luai,17,486000,428000,428000,34,26,27,1,80,38,44,420065,37,48,36,418971,33,48,34,419943,,,,34,,446000,446000,428000,-7935,-1094,972,-1,7935.0
505537,Nick Meaney,17,529000,424000,424000,39,35,56,24,80,36,25,432873,25,22,36,439303,29,26,38,441729,,,,,,409000,424000,424000,8873,6430,2426,11,806.64
508254,Taine Tuaupiki,17,439000,407000,407000,23,8,38,14,58,28,53,380001,51,10,33,366030,44,28,36,365666,,,,23,,445000,445000,407000,-26999,-13971,-364,-18,1499.94
506567,Kobe Hetherington,17,461000,402000,402000,25,47,48,10,48,0,23,402000,54,7,34,411487,51,12,35,415620,,,,,,402000,402000,402000,0,9487,4133,-20,-0.0
500264,Francis Molo,17,424000,397000,397000,33,22,34,44,28,29,37,387317,38,15,29,379172,38,21,31,374796,,,,33,,417000,405000,397000,-9683,-8145,-4376,-9,1075.89
100013336,Demitric Vaimauga,17,434000,366000,366000,42,27,40,51,35,35,17,382275,17,3,31,391029,21,15,29,391515,,,,,,366000,366000,366000,16275,8754,486,14,1162.5
505560,Spencer Leniu,17,403000,345000,345000,27,19,19,19,28,27,36,334350,34,31,28,329002,30,43,28,329002,,,,27,,379000,361000,345000,-10650,-5348,0,-6,1775.0
508443,Murray Taulagi,17,508000,338000,338000,33,21,14,40,80,0,33,338000,51,8,32,335562,39,30,32,341398,,,,33,,386000,352000,338000,0,-2438,5836,-19,-0.0
500619,Jack De Belin,17,614000,300000,300000,19,39,13,40,32,33,24,306610,16,8,31,317759,12,4,30,329151,,,,,,305000,300000,300000,6610,11149,11392,15,440.67
500601,Kurt Mann,17,389000,289000,289000,32,34,3,11,30,25,16,295701,16,13,28,304066,13,10,27,312916,,,,32,,286000,282000,289000,6701,8365,8850,12,558.42
510220,Xavier Savage,17,316000,288000,288000,40,7,18,1,80,28,20,293852,17,11,0,293852,35,24,25,299071,,,,40,,315000,288000,288000,5852,0,5219,-17,-344.24
503533,Josh Kerr,17,379000,275000,275000,34,18,16,41,16,24,17,280429,16,13,24,285036,15,4,27,292432,,,,,,275000,275000,275000,5429,4607,7396,8,678.62
505582,Dylan Lucas,16,723000,789000,789000,16,63,76,38,62,0,97,789000,142,1,56,745172,128,1,0,745172,,,,,,789000,789000,789000,0,-43828,0,-86,-0.0
504176,Cameron Murray,16,725000,684000,684000,72,50,69,54,67,56,43,693732,43,42,46,690088,56,45,54,682679,,,,72,,664000,666000,684000,9732,-3644,-7409,3,3244.0
501459,Cameron Munster,16,639000,653000,653000,28,58,57,39,80,52,69,632495,65,18,52,621079,62,24,52,615128,,,,,,679000,653000,653000,-20505,-11416,-5951,-13,1577.31
500826,Jahrome Hughes,16,635000,618000,618000,64,47,31,51,77,0,47,618000,87,2,52,620932,74,6,47,619837,,,,,,618000,618000,618000,0,2932,-1095,-35,-0.0
510216,Reece Walsh,16,654000,606000,606000,6,62,44,10,56,0,77,606000,110,1,51,577088,91,4,47,559460,,,,6,,631000,645000,606000,0,-28912,-17628,-59,-0.0
500485,Mitchell Moses,16,589000,597000,597000,67,57,36,54,80,51,30,615449,33,12,50,624560,36,24,46,625167,,,,67,,566000,571000,597000,18449,9111,607,17,1085.24
100001936,Hamiso Tabuai-Fidow,16,617000,591000,591000,32,50,40,44,80,50,57,580676,56,20,44,568288,55,36,50,565859,,,,32,,595000,604000,591000,-10324,-12388,-2429,-12,860.33
500663,James Tedesco,16,684000,590000,590000,51,67,45,28,67,0,35,590000,77,9,51,604276,69,16,50,612547,,,,,,590000,590000,590000,0,14276,8271,-26,-0.0
100007572,Leo Thompson,16,610000,586000,586000,36,58,50,64,58,51,47,587026,46,43,44,581678,50,39,47,576817,,,,36,,580000,589000,586000,1026,-5348,-4861,-2,-513.0
500109,Apisai Koroisau,16,583000,557000,557000,75,34,44,45,73,46,29,571901,31,9,46,581014,34,15,46,584781,,,,75,,536000,536000,557000,14901,9113,3767,15,993.4
100002172,Max Plath,16,560000,543000,543000,34,59,49,38,59,49,39,550619,38,28,47,554751,39,32,46,556209,,,,34,,524000,540000,543000,7619,4132,1458,9,846.56
507965,Kitione Kautoga,16,554000,536000,536000,36,45,31,52,80,42,54,521506,50,23,41,513001,48,50,48,515796,,,,36,,580000,559000,536000,-14494,-8505,2795,-9,1610.44
100004649,Selwyn Cobbo,16,454000,533000,533000,31,31,55,33,80,40,56,513689,55,13,39,499602,55,18,42,491830,,,,31,,573000,559000,533000,-19311,-14087,-7772,-16,1206.94
507062,Briton Nikora,16,555000,520000,520000,56,35,42,35,80,46,34,529629,33,25,45,536801,33,30,42,539354,,,,56,,512000,509000,520000,9629,7172,2553,12,802.42
100013671,Tanner Stowers-Smith,16,340000,479000,479000,32,25,52,53,40,38,47,467303,46,14,35,456740,47,12,35,447392,,,,32,,496000,491000,479000,-11697,-10563,-9348,-11,1063.36
506628,Kelma Tuilagi,16,495000,453000,453000,21,51,36,33,45,37,42,446115,40,41,37,442713,39,35,44,447816,,,,,,453000,453000,453000,-6885,-3402,5103,-3,2295.0
503523,Jacob Saifiti,16,451000,441000,441000,9,39,39,34,41,0,52,441000,78,1,38,425459,65,1,0,425459,,,,,,441000,441000,441000,0,-15541,0,-40,-0.0
100000365,Ronald Volkman,16,250000,428000,428000,34,43,28,6,80,34,35,425225,33,44,31,421699,36,39,32,416957,,,,34,,458000,440000,428000,-2775,-3526,-4742,-2,1387.5
100004865,Jack Howarth,16,452000,418000,418000,18,28,34,52,77,0,48,418000,73,1,31,398833,64,1,27,380831,,,,,,418000,418000,418000,0,-19167,-18002,-42,-0.0
503964,Ray Stone,16,406000,392000,392000,35,39,40,56,40,33,21,402096,24,11,35,408899,25,19,33,410478,,,,35,,374000,374000,392000,10096,6803,1579,11,917.82
100007566,Alec MacDonald,16,367000,387000,387000,28,25,39,54,44,30,31,383873,35,34,31,378648,35,30,30,374152,,,,,,387000,387000,387000,-3127,-5225,-4496,-4,781.75
506153,Ethan Bullemor,16,499000,385000,385000,17,63,27,7,57,0,24,385000,53,5,33,392097,48,12,34,396595,,,,,,385000,385000,385000,0,7097,4498,-20,-0.0
504426,Emre Guler,16,440000,383000,383000,30,41,30,53,37,33,26,388220,26,33,30,389192,29,25,35,392107,,,,30,,377000,379000,383000,5220,972,2915,4,1305.0
500647,Nathan Brown,16,351000,368000,368000,49,30,32,49,50,35,14,387658,13,4,32,399932,17,2,39,412570,,,,49,,343000,344000,368000,19658,12274,12638,19,1034.63
504315,Thomas Flegler,16,500000,364000,364000,30,13,46,25,30,30,31,360543,31,44,29,356781,32,35,37,361392,,,,30,,379000,370000,364000,-3457,-3762,4611,-2,1728.5
100008414,Fletcher Hunt,16,280000,342000,342000,45,30,30,1,80,32,14,358736,12,15,31,371847,15,20,0,371847,,,,45,,316000,321000,342000,16736,13111,0,19,880.84
502016,Jayden Brailey,16,445000,327000,327000,7,34,11,1,34,26,40,311478,38,1,0,311478,54,5,30,305278,,,,,,327000,327000,327000,-15522,0,-6200,-38,408.47
502756,Soni Luke,16,318000,304000,304000,20,38,37,1,53,0,14,304000,39,19,24,312171,38,22,25,313870,,,,20,,252000,285000,304000,0,8171,1699,-15,-0.0
504371,Gehamat Shibasaki,16,560000,273000,273000,16,-2,30,1,49,19,36,254127,36,26,26,247210,28,35,22,246239,,,,16,,316000,296000,273000,-18873,-6917,-971,-10,1887.3
502532,Alex Twal,15,570000,730000,730000,60,51,41,54,58,0,71,730000,113,1,50,706201,103,1,57,693427,,,,,,730000,730000,730000,0,-23799,-12774,-63,-0.0
505626,Dylan Brown,15,486000,695000,695000,41,60,72,49,71,0,59,695000,106,1,56,689613,96,1,0,689613,,,,,,695000,695000,695000,0,-5387,0,-50,-0.0
506603,Patrick Carrigan,15,684000,656000,656000,67,42,52,55,72,52,48,657591,50,32,55,659293,49,21,58,665129,,,,67,,661000,646000,656000,1591,1702,5836,5,318.2
505361,Sitili Tupouniua,15,414000,575000,575000,6,40,53,24,55,0,75,575000,109,1,44,540824,94,1,40,512392,,,,,,619000,575000,575000,0,-34176,-28432,-65,-0.0
500441,Euan Aitken,15,610000,561000,561000,51,43,61,18,72,45,44,558849,40,45,42,558849,46,36,40,550343,,,,51,,567000,567000,561000,-2151,0,-8506,2,-1075.5
507680,Tyran Wishart,15,398000,558000,558000,37,55,74,1,73,40,31,564166,44,48,43,558703,50,28,38,542678,,,,,,526000,558000,558000,6166,-5463,-16025,-1,-6166.0
100014137,Loko Pasifiki Tonga,15,350000,552000,552000,52,52,40,58,52,42,33,558496,40,47,41,555214,45,40,42,549379,,,,52,,521000,535000,552000,6496,-3282,-5835,1,6496.0
504294,Campbell Graham,15,440000,527000,527000,52,58,57,44,80,42,22,544935,28,19,38,547852,40,30,46,546637,,,,52,,493000,493000,527000,17935,2917,-1215,10,1793.5
500646,Luke Brooks,15,437000,489000,489000,19,39,45,50,68,0,53,489000,83,1,39,472970,72,1,36,459231,,,,,,489000,489000,489000,0,-16030,-13739,-44,-0.0
503922,Sione Katoa,15,468000,475000,475000,24,45,22,21,80,37,52,457949,49,21,37,448221,45,23,34,441898,,,,24,,502000,496000,475000,-17051,-9728,-6323,-12,1420.92
503920,Victor Radley,15,499000,473000,473000,35,31,31,45,58,42,44,468460,41,43,39,464817,38,43,40,466638,,,,35,,482000,480000,473000,-4540,-3643,1821,-2,2270.0
504712,Josh Curran,15,566000,457000,457000,20,35,21,5,32,33,54,432532,54,15,34,416027,48,24,34,409109,,,,20,,490000,490000,457000,-24468,-16505,-6918,-20,1223.4
100011678,Casey McLean,15,480000,432000,432000,26,46,2,21,74,0,50,432000,70,1,36,416440,56,8,36,412793,,,,,,432000,432000,432000,0,-15560,-3647,-34,-0.0
509484,Tyrell Sloan,15,359000,391000,391000,40,39,38,21,80,32,14,406935,21,13,36,415185,22,14,36,420402,,,,40,,329000,360000,391000,15935,8250,5217,15,1062.33
100006585,Jamie Humphreys,15,526000,384000,384000,13,26,39,16,43,0,46,384000,67,1,27,362599,61,1,26,346343,,,,,,416000,384000,384000,0,-21401,-16256,-40,-0.0
100013751,Savelio Tamale,15,468000,358000,358000,59,-4,49,1,64,32,21,366936,17,18,0,366936,45,31,36,381759,,,,59,,351000,351000,358000,8936,0,14823,-17,-525.65
100012912,Jed Stuart,15,300000,347000,347000,25,49,17,1,80,29,20,354008,23,3,0,354008,47,3,24,351700,,,,25,,293000,328000,347000,7008,0,-2308,-23,-304.7
500339,Jack Wighton,15,401000,342000,342000,28,38,23,20,70,30,21,349618,22,18,33,356907,20,18,31,362981,,,,28,,312000,330000,342000,7618,7289,6074,11,692.55
502695,Jack Cogger,15,420000,342000,342000,15,25,30,1,78,30,38,331829,34,28,25,323813,34,25,24,316768,,,,15,,355000,355000,342000,-10171,-8016,-7045,-9,1130.11
505676,Luca Moretti,15,373000,332000,332000,30,36,19,40,34,26,20,336945,23,31,29,339862,22,29,29,343022,,,,30,,315000,321000,332000,4945,2917,3160,6,824.17
504148,Sebastian Kris,15,421000,330000,330000,18,15,21,1,69,28,47,309449,36,1,0,309449,53,4,26,302402,,,,,,330000,330000,330000,-20551,0,-7047,-36,570.86
100007650,Deine Mariner,15,421000,330000,330000,24,33,24,2,73,39,26,341454,16,21,27,347773,19,24,29,352148,,,,24,,332000,333000,330000,11454,6319,4375,11,1041.27
501781,Lindsay Collins,15,463000,327000,327000,39,15,17,21,30,30,23,332042,22,18,31,337744,17,8,31,346721,,,,39,,334000,321000,327000,5042,5702,8977,9,560.22
507925,Mathew Feagai,15,477000,324000,324000,42,8,6,1,58,23,28,316794,30,42,26,312424,25,46,27,315216,,,,42,,348000,323000,324000,-7206,-4370,2792,-4,1801.5
509762,Sean Russell,15,364000,317000,317000,16,25,23,26,58,29,30,313950,29,46,28,311766,25,35,29,314921,,,,16,,322000,322000,317000,-3050,-2184,3155,-1,3050.0
500257,Ben Hunt,15,463000,305000,305000,31,17,9,30,51,33,26,309860,20,17,31,317864,13,6,31,330719,,,,,,305000,305000,305000,4860,8004,12855,11,441.82
500600,Matthew Lodge,15,378000,305000,305000,21,10,24,35,20,0,34,305000,53,1,26,295422,43,2,26,290681,,,,,,305000,305000,305000,0,-9578,-4741,-27,-0.0
504300,Payne Haas,14,950000,744000,744000,68,56,60,49,72,63,57,746244,54,25,64,751589,52,16,67,760457,,,,68,,753000,744000,744000,2244,5345,8868,10,224.4
505811,Adam Doueihi,14,557000,737000,737000,65,92,51,36,80,57,41,749735,47,37,54,750221,56,44,59,745726,,,,65,,708000,708000,737000,12735,486,-4495,7,1819.29
505423,Jackson Ford,14,625000,699000,699000,22,57,49,32,60,0,88,699000,124,1,53,661590,108,1,51,637479,,,,,,699000,699000,699000,0,-37410,-24111,-71,-0.0
504074,Hudson Young,14,766000,649000,649000,35,17,56,36,63,0,83,649000,119,1,0,649000,140,1,50,613074,,,,,,649000,649000,649000,0,0,-35926,-119,-0.0
100000129,Simi Sasagi,14,374000,589000,589000,68,75,43,18,76,0,20,589000,63,1,0,589000,101,1,44,610842,,,,,,551000,589000,589000,0,0,21842,-63,-0.0
500180,Cameron McInnes,14,647000,528000,528000,24,40,57,38,42,43,54,514249,52,35,46,509390,48,40,44,507811,,,,24,,543000,547000,528000,-13751,-4859,-1579,-6,2291.83
100009148,Jye Gray,14,500000,513000,513000,68,30,36,11,71,39,26,523591,33,37,38,523348,37,30,45,526019,,,,,,487000,513000,513000,10591,-243,2671,5,2118.2
509558,Jordan Samrani,14,311000,478000,478000,39,46,44,49,80,35,33,477683,37,45,35,473189,42,25,31,460922,,,,39,,449000,469000,478000,-317,-4494,-12267,-2,158.5
500086,Adam Reynolds,14,639000,451000,451000,-2,34,42,1,51,0,65,451000,89,1,37,420373,74,4,41,407848,,,,,,451000,451000,451000,0,-30627,-12525,-52,-0.0
502072,Jesse Ramien,14,479000,435000,435000,31,28,31,15,75,0,37,435000,69,1,37,432508,58,5,37,428256,,,,,,438000,435000,435000,0,-2492,-4252,-32,-0.0
501271,Luke Garner,14,510000,420000,420000,32,52,32,48,62,31,25,423819,31,28,38,428562,30,31,36,431116,,,,,,420000,420000,420000,3819,4743,2554,7,545.57
500687,Junior Paulo,14,593000,419000,419000,36,34,17,58,42,37,38,415828,33,31,37,418255,28,27,33,420925,,,,36,,445000,428000,419000,-3172,2427,2670,4,-793.0
100001619,Alofiana Khan-Pereira,14,407000,402000,402000,35,20,53,1,80,30,33,397360,34,50,34,396874,34,48,33,395172,,,,35,,406000,403000,402000,-4640,-486,-1702,0,
100018554,Moses Leo,14,250000,402000,402000,47,29,36,1,76,34,28,406036,23,31,33,413085,26,36,33,415516,,,,,,399000,402000,402000,4036,7049,2431,10,403.6
507645,Daine Laurie,14,453000,391000,391000,34,11,11,1,24,28,43,373947,45,1,0,373947,62,4,35,365815,,,,34,,442000,411000,391000,-17053,0,-8132,-45,378.96
100006424,Sam Tuivaiti,14,290000,390000,390000,25,42,35,38,44,32,29,390689,29,42,31,389355,31,50,31,386445,,,,,,385000,390000,390000,689,-1334,-2910,2,344.5
506220,Harrison Graham,14,300000,383000,383000,39,17,47,24,36,29,25,384424,29,43,27,379090,34,1,0,379090,,,,,,380000,383000,383000,1424,-5334,0,-2,-712.0
504065,Sam McIntyre,14,458000,371000,371000,20,17,39,4,43,0,41,371000,63,1,30,357746,54,4,31,350827,,,,,,371000,371000,371000,0,-13254,-6919,-33,-0.0
504265,Sean Keppie,14,403000,369000,369000,31,38,24,41,41,30,30,367986,27,42,29,368837,28,50,28,367013,,,,31,,375000,369000,369000,-1014,851,-1824,2,-507.0
500459,Luciano Leilua,14,430000,363000,363000,10,22,19,1,21,31,53,338564,44,24,32,330191,35,45,33,334196,,,,,,363000,363000,363000,-24436,-8373,4005,-12,2036.33
509527,Thomas Cant,14,440000,359000,359000,37,29,16,1,37,29,26,360250,26,47,27,358429,27,3,0,358429,,,,37,,359000,356000,359000,1250,-1821,0,1,1250.0
504307,Brandon Wakeham,14,350000,343000,343000,34,41,25,17,58,34,17,358480,14,14,29,368077,18,24,28,370628,,,,34,,319000,328000,343000,15480,9597,2551,15,1032.0
100013780,Heamasi Makasini,14,250000,308000,308000,23,20,43,20,76,26,20,312264,23,29,28,314453,23,50,23,311048,,,,,,308000,308000,308000,4264,2189,-3405,5,852.8
504870,Kalyn Ponga,13,600000,681000,681000,62,41,60,44,80,55,55,677392,55,43,58,677757,53,1,0,677757,,,,62,,696000,681000,681000,-3608,365,0,3,-1202.67
100006243,Dylan Egan,13,616000,608000,608000,39,63,43,60,80,46,53,598157,53,43,50,594391,51,48,50,593419,,,,39,,615000,617000,608000,-9843,-3766,-972,-3,3281.0
506482,David Fifita,13,500000,592000,592000,54,64,45,53,80,53,32,610502,34,19,50,619249,37,28,48,620585,,,,54,,545000,569000,592000,18502,8747,1336,16,1156.38
510577,Samuela Fainu,13,517000,581000,581000,66,36,49,68,80,49,38,589310,38,17,48,594900,39,25,46,595508,,,,66,,571000,571000,581000,8310,5590,608,10,831.0
501559,Charnze Nicoll-Klokstad,13,481000,570000,570000,45,50,55,33,77,45,41,571943,44,47,45,569755,47,42,44,564042,,,,45,,546000,560000,570000,1943,-2188,-5713,1,1943.0
504125,Liam Martin,13,494000,567000,567000,43,30,52,24,67,45,50,559420,53,21,42,547383,54,24,44,539966,,,,43,,565000,567000,567000,-7580,-12037,-7417,-11,689.09
502511,Jeremy Marshall-King,13,620000,535000,535000,59,43,37,51,70,46,35,543573,33,32,39,545275,39,35,44,545761,,,,59,,547000,528000,535000,8573,1702,486,6,1428.83
100009202,Owen Pattie,13,250000,533000,533000,57,25,55,16,59,34,35,528941,46,1,0,528941,81,1,33,513516,,,,57,,501000,514000,533000,-4059,0,-15425,-46,88.24
503240,Angus Crichton,13,638000,529000,529000,65,37,26,45,78,0,33,529000,70,1,45,539436,59,13,46,547593,,,,,,529000,529000,529000,0,10436,8157,-25,-0.0
100006093,Isaiah Iongi,13,496000,518000,518000,13,33,53,13,64,0,67,518000,94,1,41,488928,81,1,44,476419,,,,,,556000,518000,518000,0,-29072,-12509,-53,-0.0
100005899,Kurt Donoghoe,13,560000,493000,493000,28,49,43,49,38,0,43,493000,74,1,36,483267,69,1,34,471607,,,,,,501000,493000,493000,0,-9733,-11660,-38,-0.0
100006239,Ashton Ward,13,400000,465000,465000,15,12,57,19,62,0,58,465000,87,1,29,432830,80,1,34,407955,,,,,,498000,465000,465000,0,-32170,-24875,-58,-0.0
100002660,Brad Schneider,13,335000,461000,461000,38,40,43,10,80,38,30,467212,34,48,33,462595,39,29,30,450687,,,,,,461000,461000,461000,6212,-4617,-11908,-1,-6212.0
503449,Jacob Liddle,13,510000,442000,442000,39,69,18,10,56,37,20,456981,23,13,41,469489,22,17,37,474954,,,,39,,381000,417000,442000,14981,12508,5465,18,832.28
508026,Adam Pompey,13,391000,411000,411000,20,25,50,10,80,30,43,396665,44,29,35,389732,41,29,32,384502,,,,,,411000,411000,411000,-14335,-6933,-5230,-9,1592.78
504326,Toby Rudolf,13,345000,409000,409000,24,33,42,41,42,39,34,412301,32,37,36,413760,31,50,31,410964,,,,,,409000,409000,409000,3301,1459,-2796,4,825.25
500002,Daniel Tupou,13,486000,407000,407000,7,48,49,11,68,0,44,407000,65,1,32,392968,61,2,31,385673,,,,,,407000,407000,407000,0,-14032,-7295,-33,-0.0
100004407,Joash Papalii,13,318000,391000,391000,36,17,37,38,74,32,35,386097,33,37,29,381113,35,12,20,367133,,,,,,391000,391000,391000,-4903,-4984,-13980,-4,1225.75
503419,Brandon Smith,13,300000,375000,375000,45,39,13,6,53,32,18,386688,20,8,38,400169,15,8,33,409885,,,,45,,342000,351000,375000,11688,13481,9716,18,649.33
509467,Izack Tago,13,466000,357000,357000,46,43,27,17,64,34,12,377808,9,4,35,397264,11,7,33,407843,,,,46,,341000,336000,357000,20808,19456,10579,26,800.31
504714,Bronson Xerri,13,425000,330000,330000,19,21,14,9,51,30,42,316011,33,40,29,313343,26,45,28,316860,,,,19,,359000,359000,330000,-13989,-2668,3517,-4,3497.25
504079,Pasami Saulo,13,250000,295000,295000,17,15,33,43,27,22,31,284461,31,10,22,276556,31,1,0,276556,,,,,,295000,295000,295000,-10539,-7905,0,-9,1171.0
504678,Egan Butcher,13,440000,261000,261000,23,29,31,1,33,26,11,275355,11,15,26,285932,12,15,27,293834,,,,,,261000,261000,261000,14355,10577,7902,15,957.0
100008107,Kai Pearce-Paul,12,695000,646000,646000,7,59,57,24,57,0,82,646000,118,1,51,612988,102,1,53,594726,,,,,,646000,646000,646000,0,-33012,-18262,-67,-0.0
509128,Billy Smith,12,410000,611000,611000,31,67,43,53,80,47,53,602354,57,28,47,592140,57,26,46,583507,,,,31,,583000,614000,611000,-8646,-10214,-8633,-10,864.6
100007929,Liam Henry,12,513000,586000,586000,49,55,56,37,48,43,39,587021,45,47,44,583010,50,32,44,574624,,,,49,,568000,580000,586000,1021,-4011,-8386,-1,-1021.0
501267,Mitchell Barnett,12,587000,568000,568000,55,47,47,68,51,47,36,575974,38,24,46,578524,41,30,47,579010,,,,55,,548000,555000,568000,7974,2550,486,8,996.75
500448,Matthew Dufty,12,540000,540000,540000,69,36,50,1,80,42,23,556384,31,29,43,561361,36,43,40,556991,,,,69,,500000,509000,540000,16384,4977,-4370,12,1365.33
506682,Bradman Best,12,584000,536000,536000,41,41,31,29,80,0,50,536000,83,1,43,527011,71,1,0,527011,,,,,,536000,536000,536000,0,-8989,0,-40,-0.0
506086,Ronaldo Mulitalo,12,514000,518000,518000,43,24,64,22,80,44,39,521199,42,45,40,515971,45,47,44,513053,,,,43,,500000,511000,518000,3199,-5228,-2918,-2,-1599.5
500408,Viliame Kikau,12,628000,491000,491000,43,26,51,23,77,41,39,491255,40,42,43,492228,38,42,41,493201,,,,43,,500000,489000,491000,255,973,973,3,85.0
505701,Jock Madden,12,350000,440000,440000,38,14,42,8,61,37,47,427737,40,41,36,424459,37,48,38,426644,,,,,,440000,440000,440000,-12263,-3278,2185,-4,3065.75
100010891,Josh Patston,12,250000,389000,389000,16,57,32,15,48,0,27,389000,55,3,31,390626,51,3,28,385766,,,,16,,358000,384000,389000,0,1626,-4860,-24,-0.0
100011256,Cody Hopwood,12,250000,375000,375000,20,31,35,21,40,29,37,364883,36,30,30,359412,35,1,0,359412,,,,20,,375000,383000,375000,-10117,-5471,0,-6,1686.17
504101,Moses Suli,12,462000,357000,357000,53,32,16,17,80,32,15,372079,13,6,32,385671,14,6,33,395865,,,,53,,352000,338000,357000,15079,13592,10194,19,793.63
509559,Samuel Stonestreet,12,370000,346000,346000,32,25,28,46,80,35,25,354380,21,16,31,360828,20,31,25,360463,,,,,,346000,346000,346000,8380,6448,-365,10,838.0
510228,Brendan Piakura,12,313000,341000,341000,6,8,33,1,39,0,53,341000,69,1,29,315285,55,5,31,304950,,,,,,341000,341000,341000,0,-25715,-10335,-40,-0.0
504462,Sam Verrills,12,602000,266000,266000,13,19,10,4,23,29,32,260482,23,41,27,263508,16,28,27,273312,,,,,,292000,266000,266000,-5518,3026,9804,4,-1379.5
100011203,Simione Laiafi,12,230000,253000,253000,27,20,30,35,28,21,12,260931,14,13,21,264451,17,26,21,264330,,,,27,,230000,239000,253000,7931,3520,-121,7,1133.0
500136,Royce Hunt,12,250000,237000,237000,15,11,22,7,19,0,27,237000,39,3,20,228962,33,7,18,224106,,,,,,237000,237000,237000,0,-8038,-4856,-19,-0.0
100006631,Latu Fainu,12,377000,230000,230000,13,19,3,1,34,0,51,230000,62,1,14,219547,57,1,17,216058,,,,,,230000,230000,230000,0,-10453,-3489,-48,-0.0
506424,Tom Dearden,11,628000,742000,742000,62,70,53,54,80,0,53,742000,105,1,57,743959,96,1,55,736898,,,,,,742000,742000,742000,0,1959,-7061,-48,-0.0
501505,Tom Trbojevic,11,600000,534000,534000,20,53,49,26,61,0,53,534000,86,1,47,525296,73,5,44,520192,,,,,,534000,534000,534000,0,-8704,-5104,-39,-0.0
100007515,Jack Bostock,11,406000,501000,501000,47,33,50,60,80,41,35,504261,37,46,39,502804,40,44,37,496613,,,,47,,504000,497000,501000,3261,-1457,-6191,2,1630.5
510366,Oryn Keeley,11,373000,490000,490000,65,44,69,7,79,42,4,525606,15,9,37,536903,29,23,41,534838,,,,,,433000,490000,490000,35606,11297,-2065,22,1618.45
500992,Kurt Capewell,11,426000,467000,467000,26,51,13,24,73,36,45,455584,46,28,38,448414,40,41,37,447320,,,,26,,477000,481000,467000,-11416,-7170,-1094,-8,1427.0
100000346,Clayton Faulalo,11,374000,459000,459000,38,5,30,22,55,38,56,437650,50,15,32,422479,46,15,28,410464,,,,38,,489000,489000,459000,-21350,-15171,-12015,-18,1186.11
100011050,Zane Harrison,11,230000,442000,442000,29,26,36,37,78,0,43,442000,72,1,37,433430,60,2,37,427845,,,,,,442000,442000,442000,0,-8570,-5585,-35,-0.0
500170,Jack Gosiewski,11,332000,390000,390000,12,30,17,1,32,28,50,365652,49,8,27,347181,45,18,31,341591,,,,12,,419000,419000,390000,-24348,-18471,-5590,-22,1106.73
507815,Hohepa Puru,11,250000,301000,301000,21,5,37,1,36,23,35,286823,32,30,25,281242,29,38,25,279907,,,,21,,320000,320000,301000,-14177,-5581,-1335,-7,2025.29
500973,Josh Papalii,11,477000,286000,286000,26,30,20,24,31,31,19,296955,13,18,0,296955,34,42,31,311304,,,,26,,276000,279000,286000,10955,0,14349,-13,-842.69
500168,Bronson Garlick,11,367000,265000,265000,10,20,22,14,35,20,29,254399,30,23,21,246863,27,23,18,240664,,,,,,265000,265000,265000,-10601,-7536,-6199,-9,1177.89
507928,Jayden Sullivan,11,277000,230000,230000,51,18,14,1,61,21,25,267185,25,31,19,292130,31,18,20,305396,,,,51,,230000,230000,230000,37185,24945,13266,-6,-6197.5
506460,Tanah Boyd,10,500000,638000,638000,5,53,45,23,55,0,91,638000,123,1,52,597510,102,1,52,576906,,,,,,638000,638000,638000,0,-40490,-20604,-71,-0.0
501293,Te Maire Martin,10,250000,611000,611000,75,35,40,55,79,0,41,611000,81,5,45,613158,75,8,44,608900,,,,,,611000,611000,611000,0,2158,-4258,-36,-0.0
100006323,Noah Martin,10,250000,565000,565000,53,62,23,42,68,0,42,565000,76,1,0,565000,104,1,48,568896,,,,,,565000,565000,565000,0,0,3896,-76,-0.0
100010528,Ativalu Lisati,10,285000,562000,562000,40,43,36,43,72,0,55,562000,88,1,45,550111,76,6,46,544757,,,,,,562000,562000,562000,0,-11889,-5354,-43,-0.0
100013721,Francis Manuleleua,10,230000,556000,556000,36,72,54,1,80,45,26,572290,37,40,42,570103,45,2,0,570103,,,,36,,444000,519000,556000,16290,-2187,0,5,3258.0
500005,Roger Tuivasa-Sheck,10,559000,436000,436000,2,51,32,1,57,38,51,421434,47,29,38,413772,42,38,37,412921,,,,,,436000,436000,436000,-14566,-7662,-851,-9,1618.44
100013980,Jethro Rinakama,10,424000,424000,424000,14,18,47,15,67,0,55,424000,78,1,31,397603,69,1,34,383134,,,,14,,468000,455000,424000,0,-26397,-14469,-47,-0.0
509404,Cody Ramsey,10,250000,388000,388000,28,22,50,15,67,31,31,385995,34,41,31,382105,35,38,31,377728,,,,28,,371000,384000,388000,-2005,-3890,-4377,-3,668.33
507057,Preston Riki,10,372000,372000,372000,14,26,36,33,39,0,41,372000,64,1,31,359159,54,1,29,350056,,,,,,372000,372000,372000,0,-12841,-9103,-33,-0.0
505564,Lachlan Ilias,10,442000,366000,366000,62,0,31,1,54,32,21,375109,19,17,31,382516,20,17,32,388831,,,,62,,353000,353000,366000,9109,7407,6315,12,759.08
505889,Jesse Arthars,10,353000,328000,328000,16,24,29,1,80,35,32,328759,26,47,27,327545,25,45,27,327424,,,,,,328000,328000,328000,759,-1214,-121,1,759.0
504007,Patrick Herbert,10,318000,318000,318000,34,23,28,1,80,27,22,320606,20,32,27,325216,21,34,27,327763,,,,34,,316000,316000,318000,2606,4610,2547,7,372.29
508341,Trent Toelau,10,250000,308000,308000,9,29,32,1,54,23,27,302126,32,16,22,290977,33,21,25,284675,,,,,,312000,308000,308000,-5874,-11149,-6302,-10,587.4
504788,Shawn Blore,10,547000,303000,303000,42,7,17,1,40,28,26,303519,19,25,30,312375,14,21,27,321231,,,,,,314000,303000,303000,519,8856,8856,11,47.18
100011655,Jacob Halangahu,10,350000,300000,300000,20,28,32,7,33,20,20,298413,27,47,28,298170,24,47,25,297442,,,,20,,268000,291000,300000,-1587,-243,-728,1,-1587.0
505612,Harrison Edwards,10,447000,298000,298000,43,14,24,10,27,28,16,308748,14,13,29,320296,12,13,27,328319,,,,43,,287000,287000,298000,10748,11548,8023,15,716.53
100003898,Ryley Smith,10,473000,298000,298000,34,3,29,9,44,30,28,297404,20,22,29,304185,16,22,25,309271,,,,,,315000,298000,298000,-596,6781,5086,9,-66.22
503341,Corey Waddell,10,423000,292000,292000,37,14,9,1,60,27,23,294665,19,34,25,298065,17,29,25,303286,,,,37,,331000,298000,292000,2665,3400,5221,6,444.17
100013303,Jeral Skelton,10,386000,286000,286000,25,5,17,1,80,25,35,274336,28,42,25,271790,23,45,25,275548,,,,,,286000,286000,286000,-11664,-2546,3758,-3,3888.0
100009160,Va'a Semu,10,272000,272000,272000,35,35,21,27,32,24,4,290233,7,2,24,300897,11,9,22,303078,,,,,,247000,272000,272000,18233,10664,2181,17,1072.53
509444,Davvy Moale,10,361000,230000,230000,5,3,16,7,15,18,60,212374,54,1,17,203940,49,1,20,207120,,,,,,230000,230000,230000,-17626,-8434,3180,-37,476.38
502502,Latrell Mitchell,9,723000,906000,906000,38,81,87,49,78,0,87,906000,149,1,76,893402,129,1,61,867556,,,,,,906000,906000,906000,0,-12598,-25846,-73,-0.0
505643,Jake Averillo,9,481000,560000,560000,18,48,22,32,75,40,70,526761,69,2,40,502823,63,3,37,488241,,,,,,560000,560000,560000,-33239,-23938,-14582,-29,1146.17
100011351,Joey Walsh,9,250000,524000,524000,24,41,54,19,80,44,48,517196,50,31,42,508201,49,25,38,498477,,,,24,,506000,530000,524000,-6804,-8995,-9724,-8,850.5
507807,Taylan May,9,610000,519000,519000,9,33,48,1,59,0,75,519000,98,1,37,478491,86,2,39,456963,,,,,,519000,519000,519000,0,-40509,-21528,-61,-0.0
100015584,Eddie Ieremia-Toeava,9,350000,517000,517000,39,40,83,13,50,45,31,529320,33,29,42,532724,41,48,42,527375,,,,39,,452000,493000,517000,12320,3404,-5349,9,1368.89
504666,Mawene Hiroti,9,500000,431000,431000,28,50,43,48,80,42,28,442709,25,29,34,446476,31,41,35,444775,,,,28,,401000,423000,431000,11709,3767,-1701,9,1301.0
507922,Will Penisini,9,416000,416000,416000,34,39,27,41,80,36,32,418132,31,38,35,420198,30,41,33,420441,,,,34,,429000,418000,416000,2132,2066,243,4,533.0
509281,Starford To'a,9,490000,372000,372000,45,21,19,11,67,32,28,374087,25,13,43,389628,14,11,33,402255,,,,,,372000,372000,372000,2087,15541,12627,18,115.94
100008613,Teancum Brown,9,371000,371000,371000,40,43,31,27,43,34,12,390764,15,6,32,400836,19,9,34,406418,,,,40,,306000,339000,371000,19764,10072,5582,17,1162.59
507833,Peter Mamouzelos,9,540000,364000,364000,23,41,25,35,46,26,33,354276,32,28,25,347605,35,37,31,345543,,,,23,,376000,376000,364000,-9724,-6671,-2062,-7,1389.14
100007888,Thomas Duffy,9,250000,363000,363000,26,36,32,1,80,32,24,369046,26,32,33,372933,25,39,29,373054,,,,26,,337000,355000,363000,6046,3887,121,7,863.71
507987,Grant Anderson,9,420000,329000,329000,36,32,5,1,80,27,28,326946,23,39,26,329256,22,32,27,332904,,,,36,,350000,332000,329000,-2054,2310,3648,3,-684.67
100003194,Christian Tuipulotu,9,507000,307000,307000,30,45,12,1,62,25,18,312758,16,35,23,317014,20,35,27,320297,,,,,,307000,307000,307000,5758,4256,3283,7,822.57
503440,Blake Lawrie,9,335000,303000,303000,21,16,31,22,28,27,31,297106,27,50,27,297592,24,34,28,301604,,,,,,303000,303000,303000,-5894,486,4012,0,
502522,Marata Niukore,9,365000,270000,270000,15,15,29,7,31,24,29,263412,25,46,24,262319,23,46,24,264142,,,,,,270000,270000,270000,-6588,-1093,1823,-1,6588.0
503336,Jack Hetherington,9,250000,230000,230000,11,17,9,50,19,14,66,222625,65,1,18,223698,60,1,18,229831,,,,,,230000,230000,230000,-7375,1073,6133,-47,156.91
100006630,Josh Feledy,9,230000,230000,230000,2,20,8,1,47,15,53,210010,49,1,17,201974,44,1,15,198760,,,,,,234000,230000,230000,-19990,-8036,-3214,-32,624.69
100011324,Siulagi Tuimalatu-Brown,9,250000,230000,230000,9,-2,31,1,77,10,83,218990,87,1,11,207101,88,1,13,199865,,,,,,230000,230000,230000,-11010,-11889,-7236,-76,144.87
503528,Jaydn Su'A,8,633000,579000,579000,11,32,43,27,56,0,86,579000,113,1,43,533042,95,1,44,507618,,,,,,579000,579000,579000,0,-45958,-25424,-70,-0.0
100006109,Jeremiah Nanai,8,453000,512000,512000,40,52,46,37,80,0,34,512000,70,1,44,518964,62,2,40,519936,,,,,,512000,512000,512000,0,6964,972,-26,-0.0
510485,Latrell Siegwalt,8,489000,489000,489000,30,40,51,60,80,45,41,490565,38,24,44,493601,36,18,44,497851,,,,,,489000,489000,489000,1565,3036,4250,6,260.83
100011335,Luke Laulilii,8,250000,439000,439000,55,58,23,1,80,37,11,464681,17,9,37,477843,22,18,36,481621,,,,,,439000,439000,439000,25681,13162,3778,20,1284.05
100014118,Sialetili Faeamani,8,230000,386000,386000,22,53,44,32,80,30,22,393553,27,39,30,393919,33,39,30,388311,,,,,,386000,386000,386000,7553,366,-5608,3,2517.67
508408,Samuel Hughes,8,425000,372000,372000,32,21,45,19,34,0,27,372000,54,3,31,374871,49,6,30,374018,,,,,,372000,372000,372000,0,2871,-853,-23,-0.0
100006434,Charlie Guymer,8,415000,351000,351000,30,28,19,14,65,29,32,346977,29,47,30,347585,26,44,24,344787,,,,,,351000,351000,351000,-4023,608,-2798,1,-4023.0
502487,Marcelo Montoya,8,386000,311000,311000,35,14,17,16,80,24,31,302759,26,50,26,303245,23,44,25,305432,,,,,,311000,311000,311000,-8241,486,2187,0,
501744,Bunty Afoa,8,298000,298000,298000,23,9,27,36,28,24,33,287155,30,27,25,283032,26,40,28,286427,,,,23,,315000,315000,298000,-10845,-4123,3395,-5,2169.0
509560,Manaia Waitere,8,250000,291000,291000,12,53,11,1,75,28,20,297465,18,36,24,301113,19,38,24,302208,,,,,,291000,291000,291000,6465,3648,1095,6,1077.5
100006826,Faaletino Tavana,8,230000,230000,230000,2,14,-5,1,35,12,93,209170,91,1,12,196509,86,1,15,198590,,,,2,,230000,230000,230000,-20830,-12661,2081,-79,263.67
508480,Trai Fuller,7,550000,561000,561000,60,42,72,22,80,51,24,585668,28,13,49,598313,34,16,53,605973,,,,,,561000,561000,561000,24668,12645,7660,21,1174.67
100017017,Tevita Naufahu,7,450000,540000,540000,33,55,30,1,80,45,47,535885,47,47,49,536493,40,36,49,543544,,,,,,540000,540000,540000,-4115,608,7051,2,-2057.5
500406,Corey Jensen,7,407000,474000,474000,44,28,34,34,43,38,40,471809,41,34,37,467538,41,30,36,464121,,,,,,474000,474000,474000,-2191,-4271,-3417,-4,547.75
100004168,Tony Sukkar,7,276000,467000,467000,40,21,31,9,69,36,43,457464,46,28,37,448833,42,37,37,446402,,,,40,,470000,470000,467000,-9536,-8631,-2431,-9,1059.56
100006431,Saxon Pryke,7,371000,371000,371000,40,46,23,50,46,31,16,383942,18,3,34,395120,19,5,33,401681,,,,40,,336000,351000,371000,12942,11178,6561,16,808.88
509524,Jonah Pezet,7,400000,359000,359000,43,41,16,31,73,0,16,359000,41,15,29,370157,38,22,29,376347,,,,,,359000,359000,359000,0,11157,6190,-12,-0.0
100012312,Lyhkan King-Togia,7,445000,341000,341000,48,26,39,1,80,29,11,357224,12,9,31,370342,16,20,28,373500,,,,48,,316000,317000,341000,16224,13118,3158,19,853.89
506555,Kai O'Donnell,7,277000,313000,313000,12,32,19,1,40,0,32,313000,51,1,22,301015,46,5,24,291801,,,,12,,321000,324000,313000,0,-11985,-9214,-29,-0.0
100006861,Jaylan De Groot,7,250000,290000,290000,1,43,44,1,80,22,23,287726,26,43,24,284812,29,31,23,278742,,,,1,,253000,290000,290000,-2274,-2914,-6070,-2,1137.0
100009111,Jack Underhill,7,273000,273000,273000,15,28,14,29,24,22,28,265290,26,41,24,264439,22,50,22,265168,,,,,,273000,273000,273000,-7710,-851,729,-2,3855.0
508071,Aublix Tawha,7,411000,261000,261000,20,24,21,3,25,21,21,259025,20,50,20,257568,22,39,19,254291,,,,20,,264000,264000,261000,-1975,-1457,-3277,0,
507945,Lipoi Hopoi,7,300000,230000,230000,12,8,34,1,29,13,44,221201,46,1,15,214131,48,1,15,207333,,,,,,230000,230000,230000,-8799,-7070,-6798,-31,283.84
505414,Mitch Kenny,6,521000,429000,429000,12,50,19,18,51,0,51,429000,74,1,34,411191,63,2,34,402165,,,,,,429000,429000,429000,0,-17809,-9026,-40,-0.0
500128,Adam Elliott,6,538000,359000,359000,11,29,18,38,39,0,47,359000,65,1,30,340012,53,5,28,329801,,,,11,,414000,390000,359000,0,-18988,-10211,-35,-0.0
505987,Jaiyden Hunt,6,265000,339000,339000,39,42,45,17,75,31,4,364995,8,4,30,378963,15,22,25,376898,,,,39,,265000,300000,339000,25995,13968,-2065,22,1181.59
100003974,Lachlan Crouch,6,230000,316000,316000,34,30,29,72,33,30,15,329785,14,1,29,339753,16,1,0,339753,,,,34,,285000,298000,316000,13785,9968,0,15,919.0
509635,Toni Mataele,6,250000,280000,280000,25,14,29,38,23,25,21,282687,21,39,23,282322,22,39,24,282808,,,,,,280000,280000,280000,2687,-365,486,2,1343.5
505684,Jensen Taumoepeau,6,263000,263000,263000,12,26,18,34,77,0,24,263000,43,1,20,257635,38,1,20,251194,,,,,,263000,263000,263000,0,-5365,-6441,-23,-0.0
509842,Edward Kosi,6,300000,260000,260000,32,33,35,1,71,22,0,280135,6,3,26,293966,9,13,21,295665,,,,,,260000,260000,260000,20135,13831,1699,20,1006.75
100009139,Liam Le Blanc,6,250000,259000,259000,20,18,26,24,30,20,22,255330,22,47,21,253511,22,30,16,247085,,,,,,259000,259000,259000,-3670,-1819,-6426,-1,3670.0
504842,Sean O'Sullivan,6,350000,251000,251000,54,15,2,1,30,28,3,274920,-1,4,28,296544,-3,6,22,309300,,,,,,251000,251000,251000,23920,21624,12756,29,824.83
504411,Bailey Simonsson,5,468000,458000,458000,45,46,40,52,73,0,28,458000,59,4,36,465813,56,7,36,469598,,,,,,458000,458000,458000,0,7813,3785,-23,-0.0
502214,John Bateman,5,625000,435000,435000,31,14,31,33,37,0,53,435000,74,1,36,415221,61,2,36,407698,,,,31,,524000,472000,435000,0,-19779,-7523,-38,-0.0
501179,Siosiua Taukeiaho,5,462000,380000,380000,37,46,31,31,39,0,19,380000,46,8,32,392013,43,19,34,402005,,,,,,380000,380000,380000,0,12013,9992,-14,-0.0
501290,Hame Sele,5,325000,358000,358000,45,23,23,48,30,0,22,358000,47,4,28,363656,43,10,29,366461,,,,,,358000,358000,358000,0,5656,2805,-19,-0.0
504376,Tristan Hope,5,250000,348000,348000,9,36,37,1,44,40,30,357349,25,39,30,358444,26,48,25,353820,,,,,,348000,348000,348000,9349,1095,-4624,5,1869.8
100011328,Jonathan Sua,5,230000,275000,275000,19,12,29,34,80,23,26,271373,27,31,23,267841,25,40,27,271130,,,,,,275000,275000,275000,-3627,-3532,3289,-4,906.75
100006817,Joe Roddy,5,250000,274000,274000,37,20,21,1,41,24,11,285130,12,25,0,285130,33,32,25,293252,,,,37,,258000,258000,274000,11130,0,8122,-12,-927.5
100001537,Dean Ieremia,5,230000,230000,230000,14,18,18,77,80,0,28,230000,42,1,17,224678,38,1,17,220543,,,,,,230000,230000,230000,0,-5322,-4135,-25,-0.0
100006259,Billy Scott,5,230000,230000,230000,7,8,12,26,16,11,82,213600,82,1,10,199702,82,1,10,189775,,,,,,230000,230000,230000,-16400,-13898,-9927,-72,227.78
100009156,Blake Mozer,5,250000,230000,230000,39,14,12,11,24,19,10,242258,12,20,21,251418,12,20,21,258350,,,,39,,230000,230000,230000,12258,9160,6932,9,1362.0
504296,Luke Metcalf,4,666000,550000,550000,21,75,29,15,58,0,56,550000,85,1,35,526344,82,1,36,508605,,,,21,,581000,575000,550000,0,-23656,-17739,-50,-0.0
504190,Billy Walters,4,388000,382000,382000,39,60,24,10,47,30,14,396496,16,8,34,409012,20,10,37,417882,,,,39,,341000,358000,382000,14496,12516,8870,18,805.33
100004077,Liam Sutton,4,230000,375000,375000,52,37,51,60,80,0,1,375000,35,32,39,412670,32,21,39,437747,,,,,,375000,375000,375000,0,37670,25077,4,0.0
100007527,Benaiah Ioelu,4,327000,353000,353000,22,43,21,9,39,27,27,351882,29,50,29,350180,29,39,26,346534,,,,,,353000,353000,353000,-1118,-1702,-3646,0,
504006,Fetalaiga Pauga,4,350000,352000,352000,13,22,28,14,69,29,43,337185,41,15,29,328527,36,34,31,328893,,,,,,352000,352000,352000,-14815,-8658,366,-12,1234.58
100006263,Luron Patea,4,326000,323000,323000,23,8,27,1,19,26,35,311897,35,22,25,302913,32,32,26,300485,,,,23,,350000,337000,323000,-11103,-8984,-2428,-10,1110.3
505142,Josh Rogers,4,250000,318000,318000,31,22,45,41,32,31,15,331994,16,5,31,342319,17,7,30,348028,,,,,,318000,318000,318000,13994,10325,5709,15,932.93
100006107,John Radel,4,315000,315000,315000,36,46,16,35,33,31,6,338555,8,2,31,354237,9,2,31,364935,,,,,,315000,315000,315000,23555,15682,10698,23,1024.13
509494,Jackson Shereb,4,306000,306000,306000,13,37,56,1,50,29,16,316897,17,26,29,324665,21,33,29,326607,,,,,,306000,306000,306000,10897,7768,1942,12,908.08
504075,Brodie Jones,4,377000,285000,285000,10,5,36,1,19,0,41,285000,53,1,16,257744,51,1,0,257744,,,,,,319000,285000,285000,0,-27256,0,-37,-0.0
500901,Tui Kamikamica,4,255000,282000,282000,14,21,30,23,33,0,28,282000,46,1,24,277550,40,2,24,275234,,,,,,282000,282000,282000,0,-4450,-2316,-22,-0.0
100006657,Heath Mason,4,250000,273000,273000,7,28,23,1,47,21,28,264450,29,43,32,267970,19,40,15,263237,,,,7,,282000,282000,273000,-8550,3520,-4733,3,-2850.0
505828,Hayze Perham,4,250000,264000,264000,49,15,30,1,80,32,1,293503,-3,1,33,321300,-5,1,28,338294,,,,,,264000,264000,264000,29503,27797,16994,36,819.53
507765,Junior Tupou,4,250000,262000,262000,24,30,27,32,80,22,13,269749,14,23,20,272540,18,27,23,272904,,,,24,,250000,250000,262000,7749,2791,364,6,1291.5
505631,Matt Doorey,4,297000,253000,253000,19,23,15,48,29,0,24,253000,38,2,21,249061,33,5,20,248208,,,,,,253000,253000,253000,0,-3939,-853,-17,-0.0
501280,Jake Turpin,4,267000,252000,252000,5,30,35,1,37,22,24,248270,21,48,22,248391,22,48,21,246575,,,,,,262000,252000,252000,-3730,121,-1816,1,-3730.0
500150,Jayden Berrell,4,250000,235000,235000,3,28,15,1,26,17,26,223791,27,12,16,213850,27,9,14,204637,,,,,,235000,235000,235000,-11209,-9941,-9213,-11,1019.0
504144,Kalani Going,4,250000,230000,230000,29,14,15,22,26,17,27,233470,27,15,20,239570,26,18,20,245150,,,,,,230000,230000,230000,3470,6100,5580,-7,-495.71
100008846,Stanley Huen,4,230000,230000,230000,22,18,7,1,32,16,64,235368,61,1,16,243288,60,1,16,249465,,,,,,230000,230000,230000,5368,7920,6177,-45,-119.29
100010520,Ethan King,4,230000,230000,230000,6,3,4,1,14,0,80,230000,87,1,13,205880,79,1,11,189267,,,,,,230000,230000,230000,0,-24120,-16613,-74,-0.0
100011346,Josese Lanyon,4,230000,230000,230000,22,15,8,5,21,21,20,230775,18,37,21,232602,15,26,21,237595,,,,,,230000,230000,230000,775,1827,4993,3,258.33
100010807,Matty Nicholson,3,680000,552000,552000,47,41,7,25,50,44,60,533627,53,1,0,533627,80,1,36,519034,,,,47,,582000,582000,552000,-18373,0,-14593,-53,346.66
507924,Max Feagai,3,426000,384000,384000,33,24,21,43,80,28,39,372942,38,18,28,365134,37,16,26,358424,,,,,,384000,384000,384000,-11058,-7808,-6710,-10,1105.8
100006533,Blake Steep,3,423000,375000,375000,18,23,26,43,23,0,47,375000,67,1,23,350148,62,1,23,330363,,,,,,375000,375000,375000,0,-24852,-19785,-44,-0.0
509464,Niwhai Puru,3,230000,322000,322000,34,42,42,0,80,35,3,352303,4,1,35,374170,7,1,35,387898,,,,,,322000,322000,322000,30303,21867,13728,31,977.52
505642,Tommy Talau,3,286000,313000,313000,57,21,25,1,80,29,2,338232,4,1,31,356544,6,3,29,366610,,,,,,313000,313000,313000,25232,18312,10066,27,934.52
100006516,Ethan Roberts,3,301000,301000,301000,64,23,29,0,53,34,-9,342557,-8,1,34,372772,-5,2,34,392673,,,,,,301000,301000,301000,41557,30215,19901,42,989.45
100011683,Jaxen Edgar,3,250000,297000,297000,32,39,24,1,76,25,8,312175,12,17,25,319573,16,26,25,321150,,,,,,273000,297000,297000,15175,7398,1577,13,1167.31
100006539,Araz Nanva,3,282000,282000,282000,35,31,27,0,80,29,6,303690,6,1,29,319846,7,1,29,330779,,,,,,282000,282000,282000,21690,16156,10933,23,943.04
500213,Braden Hamlin-Uele,3,332000,272000,272000,16,15,13,1,15,21,34,256995,30,21,21,249244,26,30,20,246216,,,,,,297000,272000,272000,-15005,-7751,-3028,-9,1667.22
507814,Mavrik Geyer,3,300000,272000,272000,20,33,7,1,45,20,23,267896,23,38,19,263277,24,44,26,266073,,,,,,272000,272000,272000,-4104,-4619,2796,-4,1026.0
100011291,Hayden Buchanan,3,257000,257000,257000,-3,13,13,1,42,0,47,257000,56,1,16,223957,48,2,16,203189,,,,,,257000,257000,257000,0,-33043,-20768,-40,-0.0
100013682,Jared Haywood,3,254000,254000,254000,17,10,40,0,32,24,21,254959,20,38,24,257262,19,35,24,260050,,,,,,254000,254000,254000,959,2303,2788,4,239.75
100016063,Dayne Jennings,3,236000,236000,236000,-1,54,4,0,41,0,20,236000,35,29,21,235813,30,36,21,237149,,,,,,236000,236000,236000,0,-187,1336,-14,-0.0
505633,Luke Sommerton,3,250000,230000,230000,15,13,12,7,18,13,40,217435,41,1,13,206819,41,2,15,200790,,,,,,230000,230000,230000,-12565,-10616,-6029,-28,448.75
506375,Blake Wilson,3,250000,230000,230000,30,21,7,43,55,16,12,232086,14,33,21,236075,12,22,24,244174,,,,,,230000,230000,230000,2086,3989,8099,7,298.0
508306,Wiremu Greig,3,230000,230000,230000,8,9,13,16,11,0,57,230000,67,1,11,208926,64,1,12,193703,,,,,,230000,230000,230000,0,-21074,-15223,-56,-0.0
509864,Tuku Hau Tapuha,3,250000,230000,230000,9,14,17,36,15,16,37,216926,36,1,14,206258,36,1,16,200416,,,,,,230000,230000,230000,-13074,-10668,-5842,-22,594.27
100006510,Thomas Fletcher,3,250000,230000,230000,28,6,0,1,17,23,56,236277,47,5,19,246397,43,9,21,261063,,,,,,230000,230000,230000,6277,10120,14666,-28,-224.18
100009124,Angus Hinchey,3,230000,230000,230000,22,24,5,0,21,20,30,235123,28,17,20,241527,26,24,20,248193,,,,,,230000,230000,230000,5123,6404,6666,-8,-640.38
100013762,Alekolasimi Jones,3,230000,230000,230000,9,21,21,0,22,20,27,226073,25,19,20,225206,23,30,20,226444,,,,,,230000,230000,230000,-3927,-867,1238,-5,785.4
100019558,Antonio Verhoeven,3,230000,230000,230000,27,23,7,0,67,21,23,239571,21,50,21,248672,20,45,21,256747,,,,,,230000,230000,230000,9571,9101,8075,0,
507648,J'maine Hopgood,2,597000,560000,560000,10,49,,41,32,0,72,560000,103,1,46,532799,87,1,39,511565,,,,,,560000,560000,560000,0,-27201,-21234,-57,-0.0
100008673,Morgan Gannon,2,450000,346000,346000,0,-1,,0,4,15,67,291438,66,1,15,250377,63,1,15,224015,,,,,,409000,346000,346000,-54562,-41061,-26362,-51,1069.84
100003896,Jack Cole,2,300000,327000,327000,29,40,,1,80,29,15,338519,17,29,26,343003,21,36,27,342882,,,,,,312000,327000,327000,11519,4484,-121,9,1279.89
100014714,Hayden Watson,2,316000,316000,316000,61,46,,0,80,42,-16,372269,-18,1,42,417213,-17,1,42,448589,,,,,,256000,316000,316000,56269,44944,31376,60,937.82
100020440,Apa Twidle,2,287000,287000,287000,28,47,,0,46,33,4,314112,2,1,33,336930,2,1,33,353679,,,,28,,260000,260000,287000,27112,22818,16749,31,874.58
100015592,David Fale,2,250000,265000,265000,33,21,,0,71,0,13,265000,33,43,31,283270,23,25,31,302684,,,,,,265000,265000,265000,0,18270,19414,-2,-0.0
100004153,Jacob Webster,2,261000,261000,261000,28,32,,0,32,28,9,279315,7,1,28,295109,6,1,28,307137,,,,28,,230000,242000,261000,18315,15794,12028,21,872.14
100003907,Nicholas Lenaz,2,258000,258000,258000,40,14,,0,29,25,9,272476,8,6,25,284233,8,6,25,292718,,,,40,,242000,242000,258000,14476,11757,8485,17,851.53
510935,Tukimihia Simpkins,2,250000,257000,257000,11,29,,32,24,23,24,255692,22,45,23,256668,21,40,23,258987,,,,,,257000,257000,257000,-1308,976,2319,1,-1308.0
509851,Fletcher Baker,2,248000,248000,248000,17,17,,1,19,18,24,240632,24,30,18,234440,24,36,20,231890,,,,17,,260000,254000,248000,-7368,-6192,-2550,-6,1228.0
100004674,Charlie Murray,2,247000,247000,247000,7,28,,7,22,15,25,235415,28,13,19,227398,27,15,19,222782,,,,,,247000,247000,247000,-11585,-8017,-4616,-9,1287.22
510488,Moala Graham-Taufa,2,250000,230000,230000,7,11,,1,54,19,41,217175,36,12,19,212068,32,18,19,212834,,,,,,230000,230000,230000,-12825,-5107,766,-17,754.41
100006112,Paul Bryan,2,230000,230000,230000,3,15,,0,15,19,38,215826,34,6,19,209305,30,13,19,209054,,,,,,230000,230000,230000,-14174,-6521,-251,-15,944.93
100006318,Jett Liu,2,230000,230000,230000,12,13,,0,16,18,44,223585,41,1,18,221442,39,1,18,222514,,,,,,230000,230000,230000,-6415,-2143,1072,-23,278.91
100006754,Wilson De Courcey,2,230000,230000,230000,0,11,,0,41,14,64,208405,62,1,14,195005,59,1,0,195005,,,,,,230000,230000,230000,-21595,-13400,0,-48,449.9
100008712,Jed Reardon,2,230000,230000,230000,1,10,,0,9,15,67,210372,63,1,15,199506,60,1,15,196029,,,,,,230000,230000,230000,-19628,-10866,-3477,-48,408.92
100010074,Makaia Tafua,2,230000,230000,230000,13,10,,0,17,18,48,223111,45,1,18,221336,42,1,18,223384,,,,,,230000,230000,230000,-6889,-1775,2048,-27,255.15
100011297,Kade Reed,2,230000,230000,230000,37,6,,0,80,24,15,243128,11,20,24,256394,9,17,24,268296,,,,,,230000,230000,230000,13128,13266,11902,13,1009.85
100013692,Hugo Peel,2,230000,230000,230000,11,12,,0,80,18,45,221814,42,1,18,218743,39,1,18,219678,,,,,,230000,230000,230000,-8186,-3071,935,-24,341.08
100013858,Rex Bassingthwaighte,2,230000,230000,230000,-2,33,,0,43,20,27,222782,24,41,20,219491,22,45,20,219247,,,,,,230000,230000,230000,-7218,-3291,-244,-4,1804.5
100014185,Elijah Salesa-Leaumoana,2,250000,230000,230000,19,11,,48,26,16,22,222119,23,6,16,215337,23,1,0,215337,,,,,,230000,230000,230000,-7881,-6782,0,-7,1125.86
508479,Tyson Gamble,1,403000,418000,418000,47,,,8,80,38,24,432128,23,14,38,443965,24,4,0,443965,,,,,,418000,418000,418000,14128,11837,0,15,941.87
100007619,James Schiller,1,421000,402000,402000,19,,,8,80,0,43,402000,67,1,25,382475,64,1,0,382475,,,,,,402000,402000,402000,0,-19525,0,-42,-0.0
100007686,Robert Derby,1,384000,379000,379000,32,,,16,80,0,29,379000,54,5,30,378571,49,10,31,378084,,,,,,379000,379000,379000,0,-429,-487,-24,-0.0
500889,Zach Dockar-Clay,1,347000,340000,340000,23,,,1,36,22,31,329929,34,22,21,317029,38,22,25,308145,,,,,,340000,340000,340000,-10071,-12900,-8884,-13,774.69
100009053,Josiah Pahulu,1,300000,279000,279000,5,,,15,17,11,35,252294,41,1,15,228895,42,1,14,210467,,,,,,279000,279000,279000,-26706,-23399,-18428,-26,1027.15
508502,Gordon Chan Kum Tong,1,273000,273000,273000,17,,,1,12,22,25,267999,24,26,18,260720,27,17,18,252834,,,,,,273000,273000,273000,-5001,-7279,-7886,-6,833.5
100006223,Talanoa Penitani,1,272000,272000,272000,63,,,0,80,0,-11,272000,15,1,42,324811,3,1,42,374791,,,,,,272000,272000,272000,0,52811,49980,27,0.0
505672,Bayleigh Bentley-Hape,1,265000,265000,265000,36,,,1,80,26,9,280767,9,3,29,296939,7,6,23,304843,,,,,,265000,265000,265000,15767,16172,7904,20,788.35
100004050,Solomone Saukuru,1,263000,263000,263000,52,,,0,80,37,-4,303084,-10,1,37,341471,-13,1,37,372691,,,,52,,,230000,263000,40084,38387,31220,47,852.85
100006264,Luke Hanson,1,252000,252000,252000,39,,,0,80,33,6,279532,0,1,33,307876,-4,1,33,332555,,,,,,252000,252000,252000,27532,28344,24679,33,834.3
100015074,Sebastian Su'a,1,250000,251000,251000,24,,,0,31,19,17,251953,19,50,19,250739,20,47,19,248068,,,,,,251000,251000,251000,953,-1214,-2671,0,
505578,Aaron Schoupp,1,250000,248000,248000,20,,,1,21,17,19,244238,22,33,17,238533,24,40,21,236227,,,,,,248000,248000,248000,-3762,-5705,-2306,-5,752.4
100006877,Keagan Russell-Smith,1,247000,247000,247000,39,,,0,80,29,4,270821,1,1,29,293167,-1,1,29,311019,,,,,,247000,247000,247000,23821,22346,17852,28,850.75
100001565,Riley Price,1,246000,246000,246000,18,,,26,13,24,21,247985,17,21,24,252962,14,12,24,259517,,,,,,246000,246000,246000,1985,4977,6555,7,283.57
100011333,Toby Rodwell,1,230000,246000,246000,39,,,0,26,33,4,274075,-3,1,33,303098,-6,1,33,328356,,,,,,246000,246000,246000,28075,29023,25258,36,779.86
100015243,Javon Andrews,1,245000,245000,245000,35,,,0,80,32,7,268908,0,1,32,294622,-4,1,32,317668,,,,,,245000,245000,245000,23908,25714,23046,32,747.12
100012039,Kaiden Lahrs,1,250000,243000,243000,14,,,26,17,0,25,243000,39,1,12,230091,40,1,12,214589,,,,,,243000,243000,243000,0,-12909,-15502,-27,-0.0
100014541,Phillip Coates,1,242000,242000,242000,31,,,0,80,28,10,259326,6,1,28,277475,3,1,28,293553,,,,,,242000,242000,242000,17326,18149,16078,22,787.55
100000336,Taylor Losalu,1,250000,241000,241000,13,,,30,22,20,23,235488,22,34,19,231614,21,39,19,229435,,,,,,241000,241000,241000,-5512,-3874,-2179,-3,1837.33
100007297,Chevy Stewart,1,250000,237000,237000,9,,,1,17,18,27,227026,26,2,0,227026,39,3,14,215839,,,,,,237000,237000,237000,-9974,0,-11187,-26,383.62
508307,Peter Hola,1,250000,232000,232000,4,,,20,13,6,31,206598,38,1,6,178669,43,1,0,178669,,,,,,232000,232000,232000,-25402,-27929,0,-32,793.81
509493,Joshua Coric,1,232000,232000,232000,23,,,0,34,25,15,241181,11,7,25,252481,8,4,25,263659,,,,,,232000,232000,232000,9181,11300,11178,14,655.79
100016039,Toby Winter,1,232000,232000,232000,22,,,0,40,25,15,240247,11,7,25,250908,8,20,0,250908,,,,22,,230000,230000,232000,8247,10661,0,14,589.07
506618,Brent Woolf,1,230000,230000,230000,15,,,0,25,22,24,230544,21,46,22,234630,18,33,22,240573,,,,,,230000,230000,230000,544,4086,5943,1,544.0
509846,Luke Gale,1,230000,230000,230000,12,,,0,52,21,31,227710,27,25,21,229607,24,37,21,234159,,,,,,230000,230000,230000,-2290,1897,4552,-6,381.67
100006509,Vena Patuki-Case,1,230000,230000,230000,19,,,0,23,24,21,235871,17,3,0,235871,33,17,24,244895,,,,,,230000,230000,230000,5871,0,9024,-17,-345.35
100006928,Preston Conn,1,230000,230000,230000,5,,,0,7,18,42,219380,39,1,18,213918,36,2,18,213008,,,,,,230000,230000,230000,-10620,-5462,-910,-21,505.71
100007651,Adam Christensen,1,230000,230000,230000,10,,,0,21,20,34,225161,31,11,20,224652,28,19,20,227454,,,,,,230000,230000,230000,-4839,-509,2802,-11,439.91
100008774,Jai Bowden,1,230000,230000,230000,7,,,0,9,19,38,221851,35,4,19,218759,32,7,19,219661,,,,,,230000,230000,230000,-8149,-3092,902,-16,509.31
100008787,Cameron Bukowski,1,230000,230000,230000,11,,,0,31,20,32,225948,29,16,20,225821,27,22,20,228484,,,,,,230000,230000,230000,-4052,-127,2663,-9,450.22
100008924,Reece Foley,1,230000,230000,230000,10,,,0,26,21,36,226623,32,11,21,228297,28,22,21,233448,,,,,,230000,230000,230000,-3377,1674,5151,-11,307.0
100008943,Xavier Kerrisk,1,230000,230000,230000,0,,,0,9,0,52,230000,62,1,26,224713,48,1,26,232406,,,,,,230000,230000,230000,0,-5287,7693,-36,-0.0
100009673,Lewis Symonds,1,230000,230000,230000,17,,,0,15,23,22,233214,19,33,23,239637,16,23,23,247543,,,,,,230000,230000,230000,3214,6423,7906,4,803.5
100011261,Jordan Uta,1,230000,230000,230000,14,,,0,13,22,29,230434,25,1,0,230434,39,3,22,234851,,,,,,230000,230000,230000,434,0,4417,-25,-17.36
100011973,Brian Pouniu,1,230000,230000,230000,16,,,0,80,22,26,231712,22,50,22,236589,20,41,22,243091,,,,,,230000,230000,230000,1712,4877,6502,0,
100012106,Gabriel Satrick,1,230000,230000,230000,7,,,0,25,18,41,221101,38,1,18,216666,36,2,18,216144,,,,,,230000,230000,230000,-8899,-4435,-522,-20,444.95
100012277,Bodhi Sharpley,1,230000,230000,230000,10,,,0,16,20,33,225067,30,14,20,224433,27,22,20,226968,,,,10,,230000,230000,230000,-4933,-634,2535,-10,493.3
100014591,John Fineanganofo,1,230000,230000,230000,5,,,0,10,18,42,219460,39,1,18,214107,37,2,18,213324,,,,,,230000,230000,230000,-10540,-5353,-783,-21,501.9
503571,Daniel Saifiti,0,615000,615000,615000,,,,39,0,44,50,608473,56,15,41,594794,62,39,58,595160,,,,,,615000,615000,615000,-6527,-13679,366,-15,435.13
500149,Jai Arrow,0,573000,573000,573000,,,,72,0,43,47,569022,50,19,42,561450,53,16,44,554366,,,,,,573000,573000,573000,-3978,-7572,-7084,-8,497.25
503524,Jaimin Jolliffe,0,551000,551000,551000,,,,54,0,0,45,551000,81,1,49,554979,69,4,48,560475,,,,,,551000,551000,551000,0,3979,5496,-32,-0.0
100001634,Xavier Coates,0,501000,501000,501000,,,,8,0,0,41,501000,74,3,38,497942,68,10,44,498919,,,,,,501000,501000,501000,0,-3058,977,-36,-0.0
504669,Dean Hawkins,0,462000,462000,462000,,,,1,0,21,38,444933,51,24,40,436017,46,20,33,427834,,,,,,462000,462000,462000,-17067,-8916,-8183,-11,1551.55
100006643,Viliami Vailea,0,416000,416000,416000,,,,28,0,0,34,416000,61,2,32,413914,56,3,31,409395,,,,,,416000,416000,416000,0,-2086,-4519,-29,-0.0
100008221,Tyrone Munro,0,369000,369000,369000,,,,14,0,30,30,368725,30,50,30,368359,31,47,30,367993,,,,,,369000,369000,369000,-275,-366,-366,0,
504196,Michael Molo,0,350000,350000,350000,,,,31,0,35,29,356485,24,9,42,374193,14,3,40,395687,,,,,,350000,350000,350000,6485,17708,21494,18,360.28
506255,Jaxson Paulo,0,350000,350000,350000,,,,17,0,0,29,350000,52,23,42,363596,35,41,38,381916,,,,,,350000,350000,350000,0,13596,18320,-10,-0.0
100006946,Kyle McCarthy,0,350000,350000,350000,,,,57,0,34,29,355413,24,10,34,364329,21,1,0,364329,,,,,,350000,350000,350000,5413,8916,0,10,541.3
509548,Caleb Navale,0,342000,342000,342000,,,,16,0,31,28,345030,26,19,36,355167,20,13,33,365915,,,,,,342000,342000,342000,3030,10137,10748,10,303.0
503322,Matthew Eisenhuth,0,325000,325000,325000,,,,15,0,23,27,321335,29,38,33,325488,24,47,23,324755,,,,,,325000,325000,325000,-3665,4153,-733,4,-916.25
500617,Jack Bird,0,322000,322000,322000,,,,14,0,36,26,331839,19,4,36,347961,13,3,31,361274,,,,,,322000,322000,322000,9839,16122,13313,17,578.76
506548,Isaiah Tass,0,313000,313000,313000,,,,10,0,27,26,314373,25,17,36,325854,17,19,27,333915,,,,,,313000,313000,313000,1373,11481,8061,11,124.82
500907,Ryan Matterson,0,300000,300000,300000,,,,41,0,40,25,315716,12,1,40,341608,3,1,39,369943,,,,,,300000,300000,300000,15716,25892,28335,28,561.29
100004188,Sione Finau,0,300000,300000,300000,,,,1,0,31,25,306556,19,8,0,306556,40,17,27,313273,,,,,,300000,300000,300000,6556,0,6717,-19,-345.05
100006697,Rocco Berry,0,272000,272000,272000,,,,6,0,23,22,272730,22,47,21,271875,23,47,22,271020,,,,,,272000,272000,272000,730,-855,-855,-1,-730.0
509778,Tony Francis,0,269000,269000,269000,,,,1,0,21,22,267963,23,35,19,264177,25,28,19,258925,,,,,,269000,269000,269000,-1037,-3786,-5252,-4,259.25
500171,Brock Gray,0,250000,250000,250000,,,,1,0,0,20,250000,37,3,16,245487,36,5,18,239991,,,,,,250000,250000,250000,0,-4513,-5496,-21,-0.0
500478,Delouise Hoeter,0,250000,250000,250000,,,,45,0,37,20,266860,7,1,36,293607,-2,1,35,322430,,,,,,250000,250000,250000,16860,26747,28823,29,581.38
501462,Marion Seve,0,250000,250000,250000,,,,1,0,0,20,250000,37,14,20,249518,33,30,25,253793,,,,,,250000,250000,250000,0,-482,4275,-17,-0.0
502409,Karl Lawton,0,250000,250000,250000,,,,1,0,0,20,250000,37,6,14,243411,38,7,16,234617,,,,,,250000,250000,250000,0,-6589,-8794,-23,-0.0
504670,Daniel Suluka-Fifita,0,250000,250000,250000,,,,1,0,17,20,246464,23,13,12,235594,29,5,13,221915,,,,,,250000,250000,250000,-3536,-10870,-13679,-11,321.45
504711,Sione Fonua,0,250000,250000,250000,,,,0,0,18,20,247441,22,35,18,243288,24,28,18,238647,,,,,,250000,250000,250000,-2559,-4153,-4641,-4,639.75
504787,Jake Tago,0,250000,250000,250000,,,,19,0,22,20,251594,19,32,23,255136,18,17,26,262708,,,,,,250000,250000,250000,1594,3542,7572,4,398.5
504952,Lazarus Vaalepu,0,250000,250000,250000,,,,1,0,0,20,250000,37,11,21,250495,32,16,19,249396,,,,,,250000,250000,250000,0,495,-1099,-16,-0.0
509561,Kade Dykes,0,250000,250000,250000,,,,0,0,26,20,255624,16,16,26,264906,13,10,26,275409,,,,,,250000,250000,250000,5624,9282,10503,10,562.4
509779,Asu Kepaoa,0,250000,250000,250000,,,,1,0,23,20,252571,18,26,27,260876,14,15,0,260876,,,,,,250000,250000,250000,2571,8305,0,9,285.67
509843,Tom Ale,0,250000,250000,250000,,,,49,0,18,20,247441,22,26,18,243288,24,22,19,239624,,,,,,250000,250000,250000,-2559,-4153,-3664,-4,639.75
100003233,Allan Fitzgibbon,0,250000,250000,250000,,,,1,0,20,20,249518,21,47,20,248785,21,47,20,247930,,,,,,250000,250000,250000,-482,-733,-855,-1,482.0
100003968,Chris Vea'ila,0,250000,250000,250000,,,,0,0,29,20,258678,14,8,29,272968,9,3,29,289212,,,,,,250000,250000,250000,8678,14290,16244,15,578.53
100004119,Michael Asomua,0,250000,250000,250000,,,,0,0,22,20,251594,19,3,0,251594,36,9,22,254159,,,,,,250000,250000,250000,1594,0,2565,-19,-83.89
100004271,Tom Rodwell,0,250000,250000,250000,,,,0,0,33,20,262708,10,1,33,283715,3,1,33,307531,,,,,,250000,250000,250000,12708,21007,23816,23,552.52
100006251,Liam Ison,0,250000,250000,250000,,,,0,0,33,20,262708,10,1,33,283715,3,1,33,307531,,,,,,250000,250000,250000,12708,21007,23816,23,552.52
100006262,Harrison Hassett,0,250000,250000,250000,,,,0,0,33,20,262694,10,1,33,283700,3,1,33,307515,,,,,,250000,250000,250000,12694,21006,23815,23,551.91
100006286,Zyon Maiu'u,0,250000,250000,250000,,,,0,0,21,20,250495,20,46,21,251350,20,46,21,252327,,,,,,250000,250000,250000,495,855,977,1,495.0
100006548,Nick Tsougranis,0,250000,250000,250000,,,,0,0,31,20,260737,12,3,31,278445,6,1,31,298474,,,,,,250000,250000,250000,10737,17708,20029,19,565.11
100006574,Jesse McLean,0,250000,250000,250000,,,,40,0,25,20,254647,17,16,25,262219,14,8,25,270890,,,,,,250000,250000,250000,4647,7572,8671,8,580.88
100006660,Kit Laulilii,0,250000,250000,250000,,,,0,0,20,20,249518,21,44,20,248785,21,44,20,247930,,,,,,250000,250000,250000,-482,-733,-855,-1,482.0
100006888,Jack Todd,0,250000,250000,250000,,,,1,0,20,20,249518,21,47,20,248785,21,47,20,247930,,,,,,250000,250000,250000,-482,-733,-855,-1,482.0
100008874,De La Salle Va'a,0,250000,250000,250000,,,,0,0,19,20,248541,22,20,19,246098,23,13,19,243289,,,,,,250000,250000,250000,-1459,-2443,-2809,-3,486.33
100009035,Riley Jones,0,250000,250000,250000,,,,0,0,18,20,247441,22,35,18,243288,24,28,18,238647,,,,,,250000,250000,250000,-2559,-4153,-4641,-4,639.75
100009134,Benjamin Te Kura,0,250000,250000,250000,,,,21,0,0,20,250000,37,1,19,248541,34,4,20,247075,,,,,,250000,250000,250000,0,-1459,-1466,-18,-0.0
100010840,Will Pryce,0,250000,250000,250000,,,,1,0,33,20,262708,10,18,30,280662,5,41,0,280662,,,,,,250000,250000,250000,12708,17954,0,20,635.4
100011235,Connor Votano,0,250000,250000,250000,,,,0,0,18,20,247542,22,35,18,243390,24,1,0,243390,,,,,,250000,250000,250000,-2458,-4152,0,-4,614.5
100011250,Matthew Arthur,0,250000,250000,250000,,,,26,0,16,20,245487,24,3,14,235961,28,1,0,235961,,,,,,250000,250000,250000,-4513,-9526,0,-10,451.3
100011659,Finau Latu,0,250000,250000,250000,,,,0,0,26,20,255624,16,16,26,264906,13,10,26,275409,,,,,,250000,250000,250000,5624,9282,10503,10,562.4
100019560,Nathan Lawson,0,250000,250000,250000,,,,32,0,24,20,253548,18,23,24,259533,16,17,24,266250,,,,,,250000,250000,250000,3548,5985,6717,6,591.33
504380,Sam Elliott,0,230000,230000,230000,,,,0,0,25,19,236314,14,12,25,246695,10,6,25,258419,,,,,,230000,230000,230000,6314,10381,11724,11,574.0
509567,Solome Saukuru,0,230000,230000,230000,,,,0,0,25,19,236328,14,12,25,246709,10,6,25,258434,,,,,,230000,230000,230000,6328,10381,11725,11,575.27
509614,Joseph O'Neill,0,230000,230000,230000,,,,0,0,27,19,238282,12,6,27,251961,7,2,27,267472,,,,,,230000,230000,230000,8282,13679,15511,15,552.13
510558,Myles Martin,0,230000,230000,230000,,,,0,0,25,19,236328,14,7,0,236328,30,30,25,246709,,,,,,230000,230000,230000,6328,0,10381,-14,-452.0
100004878,Ronald Philitoga,0,230000,230000,230000,,,,0,0,0,19,230000,34,17,25,236306,25,50,25,246686,,,,,,230000,230000,230000,0,6306,10380,-9,-0.0
100006237,James Walsh,0,230000,230000,230000,,,,0,0,25,19,236328,14,12,25,246709,10,6,25,258434,,,,,,230000,230000,230000,6328,10381,11725,11,575.27
100006535,Jake Elliott,0,230000,230000,230000,,,,0,0,25,19,236328,14,12,25,246709,10,6,25,258434,,,,,,230000,230000,230000,6328,10381,11725,11,575.27
100006651,William Craig,0,230000,230000,230000,,,,0,0,25,19,236328,14,12,25,246709,10,6,25,258434,,,,,,230000,230000,230000,6328,10381,11725,11,575.27
100006665,Zakauri Clarke,0,230000,230000,230000,,,,0,0,25,19,236314,14,12,25,246695,10,6,25,258419,,,,,,230000,230000,230000,6314,10381,11724,11,574.0
100006760,Jett Cleary,0,230000,230000,230000,,,,0,0,27,19,238270,12,6,27,251948,7,2,27,267458,,,,,,230000,230000,230000,8270,13678,15510,15,551.33
100006785,Jake Clydsdale,0,230000,230000,230000,,,,0,0,25,19,236328,14,7,0,236328,30,30,25,246709,,,,,,230000,230000,230000,6328,0,10381,-14,-452.0
100006845,Richard Penisini,0,230000,230000,230000,,,,0,0,25,19,236328,14,12,25,246709,10,6,25,258434,,,,,,230000,230000,230000,6328,10381,11725,11,575.27
100007234,Patrick Young,0,230000,230000,230000,,,,0,0,25,19,236328,14,12,25,246709,10,6,25,258434,,,,,,230000,230000,230000,6328,10381,11725,11,575.27
100007304,Navren Willett,0,230000,230000,230000,,,,0,0,25,19,236328,14,12,25,246709,10,6,25,258434,,,,,,230000,230000,230000,6328,10381,11725,11,575.27
100007790,Jonah Glover,0,230000,230000,230000,,,,0,0,27,19,238282,12,6,27,251961,7,2,27,267472,,,,,,230000,230000,230000,8282,13679,15511,15,552.13
100008424,Ethan Alaia,0,230000,230000,230000,,,,0,0,25,19,236316,14,7,0,236316,30,30,25,246697,,,,,,230000,230000,230000,6316,0,10381,-14,-451.14
100008447,Logan Spinks,0,230000,230000,230000,,,,0,0,25,19,236303,14,12,25,246683,10,6,25,258407,,,,,,230000,230000,230000,6303,10380,11724,11,573.0
100008768,Zac Herdegen,0,230000,230000,230000,,,,0,0,0,19,230000,34,23,27,238282,24,38,27,251961,,,,,,230000,230000,230000,0,8282,13679,-7,-0.0
100008902,Tyler Peckham-Harris,0,230000,230000,230000,,,,0,0,25,19,236306,14,12,25,246686,10,6,25,258410,,,,,,230000,230000,230000,6306,10380,11724,11,573.27
100008997,Mason Kira,0,230000,230000,230000,,,,0,0,0,19,230000,34,17,25,236328,25,50,25,246709,,,,,,230000,230000,230000,0,6328,10381,-9,-0.0
100009103,Haizyn Mellars,0,230000,230000,230000,,,,0,0,25,19,236328,14,12,25,246709,10,6,25,258434,,,,,,230000,230000,230000,6328,10381,11725,11,575.27
100010945,Wil Sullivan,0,230000,230000,230000,,,,0,0,25,19,236328,14,12,25,246709,10,14,0,246709,,,,,,230000,230000,230000,6328,10381,0,11,575.27
100011237,Michael Gabrael,0,230000,230000,230000,,,,0,0,25,19,236328,14,12,25,246709,10,6,25,258434,,,,,,230000,230000,230000,6328,10381,11725,11,575.27
100011247,Jye Linnane,0,230000,230000,230000,,,,0,0,27,19,238282,12,6,27,251961,7,2,27,267472,,,,,,230000,230000,230000,8282,13679,15511,15,552.13
100011249,Mitchell Woods,0,230000,230000,230000,,,,0,0,27,19,238282,12,6,27,251961,7,2,27,267472,,,,,,230000,230000,230000,8282,13679,15511,15,552.13
100011254,Lorenzo Talataina,0,230000,230000,230000,,,,0,0,27,19,238251,12,6,27,251928,7,2,27,267437,,,,,,230000,230000,230000,8251,13677,15509,15,550.07
100011269,Alex Conti,0,230000,230000,230000,,,,0,0,27,19,238268,12,6,27,251946,7,2,27,267456,,,,,,230000,230000,230000,8268,13678,15510,15,551.2
100011276,Jezaiah Funa-Iuta,0,230000,230000,230000,,,,0,0,25,19,236299,14,12,25,246679,10,6,25,258402,,,,,,230000,230000,230000,6299,10380,11723,11,572.64
100011342,Riley Pollard,0,230000,230000,230000,,,,0,0,27,19,238260,12,6,27,251938,7,2,27,267448,,,,,,230000,230000,230000,8260,13678,15510,15,550.67
100011390,Max McCarthy,0,230000,230000,230000,,,,0,0,25,19,236328,14,12,25,246709,10,6,25,258434,,,,,,230000,230000,230000,6328,10381,11725,11,575.27
100011721,Zaidas Muagututia,0,230000,230000,230000,,,,0,0,25,19,236328,14,12,25,246709,10,6,25,258434,,,,,,230000,230000,230000,6328,10381,11725,11,575.27
100011844,Coby Black,0,230000,230000,230000,,,,0,0,27,19,238282,12,10,0,238282,29,42,27,251961,,,,,,230000,230000,230000,8282,0,13679,-12,-690.17
100011878,Mason Barber,0,230000,230000,230000,,,,0,0,0,19,230000,34,17,25,236298,25,50,25,246678,,,,,,230000,230000,230000,0,6298,10380,-9,-0.0
100012114,LJ Nonu,0,230000,230000,230000,,,,0,0,25,19,236328,14,12,25,246709,10,6,25,258434,,,,,,230000,230000,230000,6328,10381,11725,11,575.27
100013672,Kayliss Fatialofa,0,230000,230000,230000,,,,0,0,25,19,236328,14,12,25,246709,10,6,25,258434,,,,,,230000,230000,230000,6328,10381,11725,11,575.27
100013788,Onitoni Large,0,230000,230000,230000,,,,0,0,27,19,238282,12,6,27,251961,7,2,27,267472,,,,,,230000,230000,230000,8282,13679,15511,15,552.13
100013938,Diesel Hagan,0,230000,230000,230000,,,,0,0,25,19,236303,14,12,25,246683,10,14,0,246683,,,,,,230000,230000,230000,6303,10380,0,11,573.0
100014592,Elijah Rasmussen,0,230000,230000,230000,,,,0,0,25,19,236328,14,12,25,246709,10,6,25,258434,,,,,,230000,230000,230000,6328,10381,11725,11,575.27
100015927,Jacob Auloa,0,230000,230000,230000,,,,0,0,25,19,236305,14,12,25,246685,10,6,25,258409,,,,,,230000,230000,230000,6305,10380,11724,11,573.18
100015928,Jason Salalilo,0,230000,230000,230000,,,,0,0,25,19,236315,14,12,25,246696,10,6,25,258420,,,,,,230000,230000,230000,6315,10381,11724,11,574.09
100018603,Hugo Hart,0,230000,230000,230000,,,,0,0,25,19,236306,14,12,25,246686,10,6,25,258410,,,,,,230000,230000,230000,6306,10380,11724,11,573.27
