player_id,name,games_played,start_price,current_price,exact_price_r3,recent_s1,recent_s2,recent_s3,consistency,last_3_tog_avg,proj_score_fc,break_even_fc,proj_price_r4,be_r4,be_pct_r4,proj_score_r4,proj_price_r5,be_r5,be_pct_r5,proj_score_r5,proj_price_r6,be_r6,be_pct_r6,proj_score_r6,score_r2,score_r3,price_r1,price_r2,price_r3,delta_r3_to_r4,delta_r4_to_r5,delta_r5_to_r6,score_vs_be_r4,implied_ppp_r4
504300,Payne Haas,3,950000,906000,906000,67,75,56,66,69,71,75,919945,75,40,71,901922,71,29,62,892592,76,40,72,75,67,950000,931000,920000,13945,-18023,-9330,-4,-3486.25
504120,Nathan Cleary,3,900000,899000,899000,60,92,57,53,80,72,68,925538,68,43,72,903017,66,43,70,905998,66,44,69,92,60,900000,886000,902000,26538,-22521,2981,4,6634.5
508300,Herbie Farnworth,3,800000,784000,784000,57,67,54,57,80,61,61,796463,61,50,61,782825,60,41,57,778810,63,1,0,67,57,800000,791000,792000,12463,-13638,-4015,0,
502502,Latrell Mitchell,3,723000,760000,760000,56,56,75,62,80,0,55,771430,55,1,0,760000,105,1,59,763454,95,1,59,56,56,723000,743000,757000,11430,-11430,3454,-55,-207.82
504074,Hudson Young,3,766000,750000,750000,71,40,63,52,81,58,56,738122,56,44,58,752025,56,44,58,753579,56,30,63,40,71,766000,770000,752000,-11878,13903,1554,2,-5939.0
502490,Nicholas Hynes,3,700000,743000,743000,63,39,84,57,80,68,53,745474,53,15,68,759055,47,19,60,768647,50,29,58,39,63,700000,732000,737000,2474,13581,9592,15,164.93
500534,Isaah Yeo,3,738000,728000,728000,65,54,52,60,68,57,52,720293,52,35,57,733274,52,35,57,737420,52,38,56,54,65,738000,732000,726000,-7707,12981,4146,5,-1541.4
505582,Dylan Lucas,3,723000,725000,725000,59,52,60,56,80,54,54,722538,54,50,54,724611,56,35,51,718783,60,32,54,52,59,723000,727000,726000,-2462,2073,-5828,0,
504274,Blayke Brailey,3,686000,723000,723000,76,52,61,63,80,54,40,701547,40,15,54,738299,45,26,54,743612,51,36,56,52,76,686000,694000,699000,-21453,36752,5313,14,-1532.36
504176,Cameron Murray,3,725000,709000,709000,49,54,55,37,67,0,59,712735,59,1,0,709000,102,1,49,697610,94,1,43,54,49,725000,723000,721000,3735,-3735,-11390,-59,-63.31
501600,Damien Cook,3,629000,707000,707000,35,53,91,45,72,57,56,739586,56,48,57,707339,57,45,59,708634,57,48,56,53,35,629000,675000,710000,32586,-32247,1295,1,32586.0
505904,Harry Grant,3,645000,702000,702000,44,72,63,46,73,51,48,719871,48,41,51,705223,54,44,56,706779,55,50,55,72,44,645000,659000,693000,17871,-14648,1556,3,5957.0
503528,Jaydn Su'A,3,633000,696000,696000,77,57,59,37,83,56,31,671310,31,5,56,723116,36,11,55,737376,41,18,55,57,77,633000,644000,660000,-24690,51806,14260,25,-987.6
506460,Tanah Boyd,3,500000,695000,695000,86,76,78,29,80,63,4,665344,4,1,63,757951,13,1,60,792921,25,5,59,76,86,500000,542000,611000,-29656,92607,34970,59,-502.64
505423,Jackson Ford,3,625000,693000,693000,81,74,44,32,75,55,22,665334,22,2,55,727501,29,5,54,745245,37,17,52,74,81,625000,620000,645000,-27666,62167,17744,33,-838.36
503685,Erin Clark,3,734000,689000,689000,58,53,39,33,53,53,55,686300,55,45,53,686728,53,45,51,684656,53,42,56,53,58,734000,714000,698000,-2700,428,-2072,-2,1350.0
500663,James Tedesco,3,684000,682000,682000,55,42,61,33,80,54,54,681246,54,50,54,682251,53,1,0,682251,95,1,52,42,55,684000,692000,687000,-754,1005,0,0,
501459,Cameron Munster,3,639000,680000,680000,57,46,69,60,80,52,46,679392,46,33,52,686464,50,41,53,688798,52,44,54,46,57,639000,660000,670000,-608,7072,2334,6,-101.33
506603,Patrick Carrigan,3,684000,674000,674000,51,57,47,72,70,52,51,677913,51,46,52,674163,51,46,52,674422,51,41,53,57,51,684000,677000,678000,3913,-3750,259,1,3913.0
504174,Keaon Koloamatangi,3,704000,672000,672000,48,47,50,67,71,0,58,682400,58,1,0,672000,97,1,51,663721,86,1,50,47,48,704000,699000,688000,10400,-10400,-8279,-58,-179.31
506018,Corey Horsburgh,3,664000,665000,665000,44,44,63,39,58,50,57,679484,57,29,50,657545,57,26,49,650419,58,34,53,44,44,664000,676000,677000,14484,-21939,-7126,-7,-2069.14
100006258,Isaiya Katoa,3,706000,660000,660000,50,46,43,66,80,46,58,661887,58,14,46,647317,59,14,47,637592,59,1,0,46,50,706000,693000,676000,1887,-14570,-9725,-12,-157.25
502363,Jack Williams,3,634000,653000,653000,53,52,55,73,65,52,45,652624,45,21,52,659872,45,25,51,663498,47,32,51,52,53,634000,640000,648000,-376,7248,3626,7,-53.71
506314,Beau Fermor,3,672000,652000,652000,43,52,48,81,80,47,56,673583,56,15,47,642265,57,28,52,639154,54,41,52,52,43,672000,667000,665000,21583,-31318,-3111,-9,-2398.11
100001936,Hamiso Tabuai-Fidow,3,617000,650000,650000,34,67,56,36,80,49,50,673486,50,47,49,648133,52,47,51,646450,53,1,0,67,34,617000,626000,653000,23486,-25353,-1683,-1,-23486.0
503340,Dylan Edwards,3,614000,649000,649000,65,38,64,17,80,51,40,636359,40,29,51,661221,43,36,50,666408,46,40,51,38,65,614000,632000,633000,-12641,24862,5187,11,-1149.18
500826,Jahrome Hughes,3,635000,646000,646000,73,55,38,18,80,49,33,620080,33,22,49,663325,37,33,46,668900,43,40,48,55,73,635000,623000,622000,-25920,43245,5575,16,-1620.0
505976,Isaiah Papali'i,3,607000,644000,644000,46,62,54,54,70,52,43,652034,43,24,52,653066,44,24,53,660059,44,32,50,62,46,607000,614000,636000,8034,1032,6993,9,892.67
502580,James Fisher-Harris,3,582000,643000,643000,55,49,67,47,52,53,39,640194,39,15,53,658383,40,14,55,670172,41,36,46,49,55,582000,606000,626000,-2806,18189,11789,14,-200.43
100011308,Toby Couchman,3,691000,638000,638000,33,34,56,31,47,44,68,658115,68,6,44,611376,68,3,39,586760,70,3,41,34,33,691000,693000,675000,20115,-46739,-24616,-24,-838.12
500449,Addin Fonua-Blake,3,661000,637000,637000,48,37,54,60,55,49,55,639151,55,34,49,630100,54,31,47,624397,54,34,48,37,48,661000,664000,651000,2151,-9051,-5703,-6,-358.5
505628,Stefano Utoikamanu,3,575000,633000,633000,59,66,48,57,57,49,31,624716,31,8,49,652585,36,14,50,662820,40,24,49,66,59,575000,579000,605000,-8284,27869,10235,18,-460.22
500555,Joseph Tapine,3,726000,632000,632000,44,40,32,36,48,48,64,641760,64,13,48,614083,59,20,47,605405,54,36,49,40,44,726000,699000,665000,9760,-27677,-8678,-16,-610.0
510216,Reece Walsh,3,654000,630000,630000,50,69,25,20,80,56,45,644788,45,33,56,642169,38,24,56,658113,34,20,56,69,50,654000,626000,628000,14788,-2619,15944,11,1344.36
100001736,Jordan Riki,3,611000,618000,618000,78,41,41,45,80,47,30,588828,30,12,47,636167,34,17,48,646660,37,27,46,41,78,611000,604000,593000,-29172,47339,10493,17,-1716.0
500024,Daly Cherry-Evans,3,666000,613000,613000,44,59,25,14,80,53,51,629948,51,46,53,614152,44,1,0,614152,80,6,52,59,44,666000,637000,627000,16948,-15796,0,2,8474.0
506424,Tom Dearden,3,628000,609000,609000,48,29,57,33,80,46,53,612031,53,34,46,601488,52,45,50,600840,48,43,45,29,48,628000,637000,622000,3031,-10543,-648,-7,-433.0
100007927,Thomas Jenkins,3,504000,609000,609000,80,31,76,13,80,48,18,563020,18,7,48,640586,26,17,46,653147,37,40,42,31,80,504000,544000,562000,-45980,77566,12561,30,-1532.67
500845,Valentine Holmes,3,643000,601000,601000,51,53,27,46,83,46,47,596155,47,47,46,600664,45,47,46,601831,44,41,47,53,51,643000,618000,606000,-4845,4509,1167,-1,4845.0
503240,Angus Crichton,3,638000,598000,598000,43,39,43,57,79,48,54,602629,54,30,48,591341,50,1,0,591341,85,1,46,39,43,638000,631000,615000,4629,-11288,0,-6,-771.5
100006297,Sualauvi Faalogo,3,467000,595000,595000,50,80,55,14,79,48,18,593437,18,5,48,626644,26,24,39,632343,41,35,48,80,50,467000,487000,548000,-1563,33207,5699,30,-52.1
100009209,Keano Kini,3,600000,595000,595000,49,52,39,1,80,38,42,579772,42,43,38,590047,49,41,44,585511,50,25,35,52,49,600000,592000,593000,-15228,10275,-4536,-4,3807.0
500485,Mitchell Moses,3,589000,593000,593000,68,48,35,31,80,53,30,577232,30,7,53,616737,27,4,54,638879,25,4,52,48,68,589000,577000,573000,-15768,39505,22142,23,-685.57
100006390,Naufahu Whyte,3,638000,589000,589000,50,33,40,49,55,42,51,583562,51,24,42,578797,52,1,0,578797,85,1,45,33,50,638000,628000,604000,-5438,-4765,0,-9,604.22
505555,Lindsay Smith,3,670000,587000,587000,41,36,32,52,46,44,59,594501,59,6,44,569968,55,14,45,562976,49,26,43,36,41,670000,648000,617000,7501,-24533,-6992,-15,-500.07
100007811,Kulikefu Finefeuiaki,3,484000,581000,581000,55,64,54,15,80,44,21,573079,21,5,44,605184,29,11,46,616319,36,1,0,64,55,484000,502000,543000,-7921,32105,11135,23,-344.39
507062,Briton Nikora,3,555000,579000,579000,55,60,35,21,80,51,31,569733,31,10,51,600511,29,12,47,614244,32,22,44,60,55,555000,546000,559000,-9267,30778,13733,20,-463.35
100004373,Siua Wong,3,570000,578000,578000,55,48,40,12,66,41,36,566891,36,39,41,583234,41,1,0,583234,77,5,47,48,55,570000,565000,567000,-11109,16343,0,5,-2221.8
504462,Sam Verrills,3,602000,575000,575000,42,32,49,53,62,41,52,578188,52,17,41,563363,53,15,41,553900,53,17,42,32,42,602000,604000,591000,3188,-14825,-9463,-11,-289.82
100018452,Mark Nawaqanitawase,3,612000,575000,575000,33,44,41,26,80,44,55,598954,55,27,44,563018,52,1,0,563018,84,2,47,44,33,612000,605000,597000,23954,-35936,0,-11,-2177.64
505985,Zac Hosking,3,648000,574000,574000,34,37,35,46,38,42,60,591613,60,7,42,553864,57,31,51,552310,46,44,44,37,34,648000,631000,607000,17613,-37749,-1554,-18,-978.5
506513,Tino Fa'asuamaleaui,3,668000,571000,571000,33,30,34,22,48,47,65,591843,65,14,47,551016,56,26,45,544023,48,34,41,30,33,668000,648000,613000,20843,-40827,-6993,-18,-1157.94
100006093,Isaiah Iongi,3,496000,567000,567000,24,67,57,39,77,45,40,595246,40,37,45,572160,43,47,42,570216,48,45,46,67,24,496000,516000,560000,28246,-23086,-1944,5,5649.2
504087,Scott Drinkwater,3,635000,565000,565000,66,33,21,13,76,47,41,550119,41,39,47,571388,36,31,46,580462,33,28,45,33,66,635000,604000,567000,-14881,21269,9074,6,-2480.17
508649,KL Iro,3,628000,564000,564000,46,32,34,44,80,43,52,561690,52,26,43,553988,49,23,39,545696,49,28,41,32,46,628000,612000,584000,-2310,-7702,-8292,-9,256.67
505894,Jake Clifford,3,561000,557000,557000,50,46,37,44,80,44,38,550022,38,36,44,563437,38,36,44,568228,38,33,45,46,50,561000,554000,552000,-6978,13415,4791,6,-1163.0
507949,Connelly Lemuelu,3,449000,554000,554000,68,49,57,2,80,44,13,522926,13,4,44,587372,21,7,46,605638,28,5,0,49,68,449000,473000,504000,-31074,64446,18266,31,-1002.39
506040,Braidon Burns,3,570000,553000,553000,27,62,31,41,77,39,48,575669,48,29,39,542906,49,38,44,539280,46,36,40,62,27,570000,556000,566000,22669,-32763,-3626,-9,-2518.78
506682,Bradman Best,3,584000,551000,551000,35,48,33,35,80,49,49,561722,49,50,49,551025,42,50,42,551544,41,48,42,48,35,584000,570000,565000,10722,-10697,519,0,
503639,Nat Butcher,3,532000,549000,549000,28,34,63,25,46,45,51,570735,51,33,45,542978,48,1,0,542978,82,1,42,34,28,532000,555000,563000,21735,-27757,0,-6,-3622.5
500687,Junior Paulo,3,593000,545000,545000,41,32,38,66,55,41,50,548194,50,22,41,534580,48,30,42,530177,45,40,42,32,41,593000,584000,564000,3194,-13614,-4403,-9,-354.89
507965,Kitione Kautoga,3,554000,539000,539000,63,31,36,42,80,43,33,521358,33,27,43,549729,33,32,41,555689,35,24,47,31,63,554000,546000,529000,-17642,28371,5960,10,-1764.2
507915,Trey Mooney,3,450000,538000,538000,29,53,66,1,48,44,35,559806,35,30,44,547779,37,34,44,552183,41,48,40,53,29,450000,484000,526000,21806,-12027,4404,9,2422.89
504072,Tom Starling,3,571000,537000,537000,22,36,47,46,53,36,58,557747,58,2,36,513226,59,1,35,493781,59,2,38,36,22,571000,574000,567000,20747,-44521,-19445,-22,-943.05
505736,Morgan Knowles,3,550000,535000,535000,41,32,46,0,62,39,45,536060,45,15,39,528254,46,11,39,522297,46,1,0,32,41,550000,553000,545000,1060,-7806,-5957,-6,-176.67
508009,Kotoni Staggs,3,573000,532000,532000,48,40,27,35,80,40,42,525240,42,45,40,530192,41,42,38,527598,42,50,42,40,48,573000,554000,537000,-6760,4952,-2594,-2,3380.0
505643,Jake Averillo,3,481000,529000,529000,62,47,40,41,77,43,21,503622,21,2,43,553301,24,9,39,563413,31,1,0,47,62,481000,484000,497000,-25378,49679,10112,22,-1153.55
501271,Luke Garner,3,510000,525000,525000,23,47,50,43,53,40,46,543144,46,34,40,517481,47,29,39,510747,47,39,43,47,23,510000,521000,537000,18144,-25663,-6734,-6,-3024.0
503922,Sione Katoa,3,468000,523000,523000,35,45,57,20,80,40,35,532763,35,36,40,528076,38,47,39,527040,43,39,39,45,35,468000,490000,515000,9763,-4687,-1036,5,1952.6
506156,Tom Gilbert,3,513000,523000,523000,48,58,26,28,45,39,29,519142,29,22,39,533309,32,22,42,540689,33,1,0,58,48,513000,498000,508000,-3858,14167,7380,10,-385.8
502072,Jesse Ramien,3,479000,522000,522000,32,35,63,55,80,41,41,533219,41,50,41,522000,42,46,41,520575,43,28,37,35,32,479000,507000,523000,11219,-11219,-1425,0,
508443,Murray Taulagi,3,508000,522000,522000,54,23,53,45,80,44,34,508860,34,23,44,532122,33,25,42,538727,34,28,42,23,54,508000,523000,515000,-13140,23262,6605,10,-1314.0
504597,Phoenix Crossland,3,498000,521000,521000,48,31,52,56,80,41,34,512132,34,25,41,527637,36,38,39,528932,39,50,39,31,48,498000,512000,514000,-8868,15505,1295,7,-1266.86
100009148,Jye Gray,3,500000,521000,521000,68,37,36,43,76,0,21,492181,21,8,0,521000,57,18,43,544050,51,47,50,37,68,500000,497000,493000,-28819,28819,23050,-21,1372.33
503327,Connor Watson,3,622000,519000,519000,45,36,11,21,47,44,50,518635,50,34,44,512435,42,1,0,512435,69,2,39,36,45,622000,581000,542000,-365,-6200,0,-6,60.83
504123,Wayde Egan,3,584000,519000,519000,39,31,30,37,65,37,50,521446,50,14,37,504564,48,16,36,494333,47,28,40,31,39,584000,567000,541000,2446,-16882,-10231,-13,-188.15
100004700,Daniel Atkinson,3,450000,519000,519000,39,44,59,1,83,36,31,519092,31,37,36,524465,38,34,32,516041,48,14,32,44,39,450000,476000,503000,92,5373,-8424,5,18.4
505460,Reed Mahoney,3,489000,518000,518000,34,36,56,1,66,40,41,527262,41,48,40,517252,42,48,41,516474,42,48,41,36,34,489000,508000,520000,9262,-10010,-778,-1,-9262.0
506278,Moeaki Fotuaika,3,566000,518000,518000,30,29,41,45,41,40,54,532447,54,14,40,502724,50,19,39,494557,47,38,43,29,30,566000,563000,545000,14447,-29723,-8167,-14,-1031.93
100013674,Leka Halasima,3,498000,517000,517000,41,69,22,1,65,41,28,523706,28,22,41,530201,30,15,48,545871,26,26,37,69,41,498000,480000,502000,6706,6495,15670,13,515.85
501247,Josh King,3,505000,516000,516000,32,50,40,54,58,38,39,527151,39,46,38,513905,41,46,40,512351,41,37,38,50,32,505000,506000,519000,11151,-13246,-1554,-1,-11151.0
506482,David Fifita,3,500000,516000,516000,51,43,37,1,77,0,30,495609,30,6,0,516000,64,19,47,534379,53,25,40,43,51,500000,498000,502000,-20391,20391,18379,-30,679.7
509529,Tallis Duncan,3,551000,516000,516000,39,23,45,33,65,0,48,524252,48,1,0,516000,78,3,42,508977,65,9,39,23,39,551000,553000,534000,8252,-8252,-7023,-48,-171.92
100004843,Sam Walker,3,570000,509000,509000,26,42,27,15,80,35,53,527091,53,14,35,489325,52,1,0,489325,78,1,35,42,26,570000,551000,537000,18091,-37766,0,-18,-1005.06
504325,Greg Marzhew,3,527000,507000,507000,35,31,43,54,80,39,46,515350,46,33,39,499749,44,42,41,498193,41,47,42,31,35,527000,529000,520000,8350,-15601,-1556,-7,-1192.86
500043,Dane Gagai,3,532000,504000,504000,14,43,41,31,80,37,56,535814,56,9,37,484057,53,12,37,471479,51,17,38,43,14,532000,532000,534000,31814,-51757,-12578,-19,-1674.42
504298,Mat Croker,3,500000,504000,504000,53,34,38,43,57,36,31,486469,31,32,36,509444,35,39,38,511387,36,46,37,34,53,500000,499000,494000,-17531,22975,1943,5,-3506.2
100008071,Dominic Young,3,440000,504000,504000,25,51,56,12,80,30,36,519402,36,34,30,497678,46,24,36,488469,50,27,41,51,25,440000,464000,498000,15402,-21724,-9209,-6,-2567.0
502014,Jamayne Isaako,3,481000,501000,501000,65,24,44,9,80,39,24,469682,24,15,39,517098,28,19,41,527863,29,2,0,24,65,481000,488000,479000,-31318,47416,10765,15,-2087.87
100008216,Joe Chan,3,311000,501000,501000,83,44,69,1,77,44,-12,448276,-12,1,44,561539,-1,1,42,592110,14,7,40,44,83,311000,360000,413000,-52724,113263,30571,56,-941.5
507833,Peter Mamouzelos,3,540000,500000,500000,31,30,39,46,53,0,49,512368,49,1,0,500000,77,1,38,487397,67,1,38,30,31,540000,537000,522000,12368,-12368,-12603,-49,-252.41
504321,Braydon Trindall,3,416000,499000,499000,50,26,69,17,80,40,24,485427,24,9,40,515427,29,20,39,521642,35,37,39,26,50,416000,456000,475000,-13573,30000,6215,16,-848.31
505410,Brian To'o,3,533000,499000,499000,28,54,22,38,80,40,44,514152,44,38,40,494478,41,47,40,494867,37,41,40,54,28,533000,512000,512000,15152,-19674,389,-4,-3788.0
500005,Roger Tuivasa-Sheck,3,559000,497000,497000,27,20,42,27,80,39,57,515923,57,7,39,477629,51,18,40,470369,45,34,40,20,27,559000,557000,532000,18923,-38294,-7260,-18,-1051.28
504065,Sam McIntyre,3,458000,497000,497000,17,47,55,16,76,33,43,520581,43,20,33,485507,48,14,35,473586,51,9,35,47,17,458000,479000,506000,23581,-35074,-11921,-10,-2358.1
100006524,Ethan Strange,3,508000,497000,497000,42,52,23,14,81,41,33,503390,33,34,41,505094,31,30,41,513124,30,17,48,52,42,508000,490000,493000,6390,1704,8030,8,798.75
503450,Tevita Tatola,3,463000,493000,493000,45,41,42,59,53,0,29,494825,29,1,0,493000,62,1,39,503634,57,3,40,41,45,463000,469000,480000,1825,-1825,10634,-29,-62.93
503523,Jacob Saifiti,3,451000,493000,493000,38,41,49,49,50,36,32,495135,32,38,36,497504,36,35,41,501524,36,44,38,41,38,451000,466000,483000,2135,2369,4020,4,533.75
100008940,Jaxon Purdue,3,468000,490000,490000,63,48,24,35,80,36,17,461355,17,8,36,510311,22,9,40,523648,25,15,39,48,63,468000,455000,459000,-28645,48956,13337,19,-1507.63
500459,Luciano Leilua,3,430000,489000,489000,57,42,43,36,66,41,17,469204,17,2,41,514035,20,6,38,526206,27,17,38,42,57,430000,440000,457000,-19796,44831,12171,24,-824.83
100001946,Heilum Luki,3,300000,487000,487000,54,59,68,39,80,48,-1,481683,-1,1,48,539433,5,1,63,589203,0,1,50,59,54,300000,348000,419000,-5317,57750,49770,49,-108.51
506259,AJ Brimson,3,542000,486000,486000,33,39,23,37,80,39,46,494066,46,31,39,478415,41,42,38,476731,37,39,33,39,33,542000,521000,505000,8066,-15651,-1684,-7,-1152.29
100004865,Jack Howarth,3,452000,484000,484000,31,51,40,53,80,37,33,491741,33,37,37,488008,35,43,37,488656,37,50,37,51,31,452000,457000,478000,7741,-3733,648,4,1935.25
100006166,Morgan Smithies,3,487000,483000,483000,36,31,43,67,36,37,40,488358,40,39,37,479992,39,46,38,478955,38,46,37,31,36,487000,493000,489000,5358,-8366,-1037,-3,-1786.0
505414,Mitch Kenny,3,521000,482000,482000,34,41,25,46,80,38,42,488307,42,37,38,477300,39,40,36,474837,38,50,38,41,34,521000,504000,494000,6307,-11007,-2463,-4,-1576.75
507846,Kaeo Weekes,3,467000,482000,482000,58,24,43,1,81,39,26,458553,26,27,39,495768,27,26,41,506906,27,30,38,24,58,467000,474000,466000,-23447,37215,11138,13,-1803.62
100006241,Hamish Stewart,3,442000,482000,482000,51,37,43,15,58,36,24,465913,24,20,36,495057,29,22,40,504004,30,34,36,37,51,442000,451000,461000,-16087,29144,8947,12,-1340.58
100001349,Chris Randall,3,487000,480000,480000,40,47,26,35,52,41,33,479709,33,31,41,488575,30,25,41,498040,28,16,44,47,40,487000,474000,476000,-291,8866,9465,8,-36.38
100006323,Noah Martin,3,250000,479000,479000,51,60,80,1,81,40,-6,462492,-6,4,40,527822,8,15,35,544397,26,22,46,60,51,250000,316000,403000,-16508,65330,16575,46,-358.87
100013751,Savelio Tamale,3,468000,479000,479000,57,25,41,1,81,36,26,449947,26,27,36,489168,29,33,36,493311,32,43,29,25,57,468000,473000,464000,-29053,39221,4143,10,-2905.3
504363,Kyle Flanagan,3,533000,478000,478000,19,26,40,48,83,32,56,501031,56,1,32,451504,55,3,37,438293,49,10,37,26,19,533000,531000,514000,23031,-49527,-13211,-24,-959.62
504101,Moses Suli,3,462000,475000,475000,51,39,32,49,79,37,26,458857,26,15,37,487385,28,17,38,495424,29,22,37,39,51,462000,458000,459000,-16143,28528,8039,11,-1467.55
500108,Alex Johnston,3,463000,469000,469000,33,49,30,23,80,0,33,474828,33,4,0,469000,63,8,37,472681,56,9,31,49,33,463000,456000,467000,5828,-5828,3681,-33,-176.61
100000129,Simi Sasagi,3,374000,468000,468000,36,65,41,46,78,36,17,467034,17,11,36,488636,24,9,44,505494,24,11,43,65,36,374000,387000,435000,-966,21602,16858,19,-50.84
100003194,Christian Tuipulotu,3,507000,468000,468000,43,30,27,4,81,37,38,464845,38,48,37,466998,35,50,35,466609,35,48,36,30,43,507000,493000,475000,-3155,2153,-389,-1,3155.0
501781,Lindsay Collins,3,463000,467000,467000,27,35,44,55,56,33,40,480814,40,19,33,458595,42,1,0,458595,70,1,35,35,27,463000,472000,477000,13814,-22219,0,-7,-1973.43
505537,Nick Meaney,3,529000,467000,467000,16,23,40,27,80,41,58,494746,58,14,41,448293,48,20,35,438322,44,30,36,23,16,529000,528000,508000,27746,-46453,-9971,-17,-1632.12
100010997,Will Warbrick,3,426000,467000,467000,28,58,35,1,78,32,30,481132,30,46,32,469565,36,50,36,469565,37,44,34,58,28,426000,428000,457000,14132,-11567,0,2,7066.0
501461,Moses Leota,3,501000,466000,466000,49,31,24,59,44,36,33,452167,33,37,36,468797,32,33,36,471776,31,29,36,31,49,501000,485000,466000,-13833,16630,2979,3,-4611.0
100004042,Paul Alamoti,3,517000,466000,466000,38,31,25,36,80,37,41,472645,41,38,37,460802,38,47,39,463003,33,50,33,31,38,517000,500000,480000,6645,-11843,2201,-4,-1661.25
100006848,Blaize Talagi,3,435000,465000,465000,50,40,35,51,80,36,22,441984,22,10,36,479578,26,18,36,486966,29,18,39,40,50,435000,436000,444000,-23016,37594,7388,14,-1644.0
500622,Tyson Frizell,3,479000,464000,464000,36,35,33,68,40,41,37,472477,37,35,41,467973,32,18,41,476133,28,10,41,35,36,479000,474000,470000,8477,-4504,8160,4,2119.25
504426,Emre Guler,3,440000,455000,455000,52,23,42,50,46,44,26,440969,26,4,44,474244,21,4,39,488360,22,6,38,23,52,440000,448000,442000,-14031,33275,14116,18,-779.5
100003898,Ryley Smith,3,473000,453000,453000,42,38,24,55,59,40,31,450381,31,18,40,461584,27,16,37,469350,26,13,37,38,42,473000,459000,452000,-2619,11203,7766,9,-291.0
500265,Kodi Nikorima,3,495000,452000,452000,46,23,27,5,80,37,36,441853,36,48,37,452896,33,35,40,460416,27,7,0,23,46,495000,482000,458000,-10147,11043,7520,1,-10147.0
500301,Jason Taumalolo,3,439000,452000,452000,43,33,37,73,47,38,29,448265,29,14,38,462115,28,9,39,471707,27,9,38,33,43,439000,442000,443000,-3735,13850,9592,9,-415.0
100003925,Ethan Sanders,3,350000,452000,452000,52,34,58,43,81,43,13,436801,13,1,43,485030,14,1,40,505126,19,3,40,34,52,350000,383000,413000,-15199,48229,20096,30,-506.63
500257,Ben Hunt,3,463000,449000,449000,43,25,35,58,64,40,34,445746,34,27,40,456012,29,7,44,470404,23,4,40,25,43,463000,462000,450000,-3254,10266,14392,6,-542.33
500729,Clinton Gutherson,3,503000,449000,449000,36,27,25,41,79,39,42,450730,42,41,39,445850,35,50,35,446369,33,39,37,27,36,503000,488000,465000,1730,-4880,519,-3,-576.67
100004649,Selwyn Cobbo,3,454000,447000,447000,48,29,31,37,80,39,28,436450,28,18,39,458406,25,9,41,472007,22,3,0,29,48,454000,449000,440000,-10550,21956,13601,11,-959.09
100011678,Casey McLean,3,480000,447000,447000,28,44,21,48,80,35,39,459265,39,36,35,442277,37,50,37,443573,33,40,36,44,28,480000,462000,459000,12265,-16988,1296,-4,-3066.25
500083,Dylan Walker,3,448000,444000,444000,37,23,42,66,43,35,36,445652,36,43,35,443144,35,50,35,443403,34,37,36,23,37,448000,456000,449000,1652,-2508,259,-1,-1652.0
500405,Coen Hess,3,462000,442000,442000,30,26,38,52,37,37,41,452493,41,35,37,437964,37,50,37,439260,33,42,35,26,30,462000,464000,455000,10493,-14529,1296,-4,-2623.25
500852,Scott Sorensen,3,495000,442000,442000,39,23,26,27,33,33,40,443993,40,33,33,434259,38,42,35,432834,34,45,32,23,39,495000,481000,456000,1993,-9734,-1425,-7,-284.71
510238,Thomas Hazelton,3,457000,441000,441000,44,22,35,51,39,37,33,429125,33,37,37,445458,30,40,33,447272,31,22,40,22,44,457000,456000,442000,-11875,16333,1814,4,-2968.75
100004534,Ezra Mam,3,475000,439000,439000,28,33,28,3,70,32,41,445536,41,29,32,428782,40,29,31,421141,40,36,34,33,28,475000,465000,455000,6536,-16754,-7641,-9,-726.22
504678,Egan Butcher,3,440000,436000,436000,31,37,32,40,41,36,34,441944,34,43,36,437675,32,1,0,437675,59,1,35,37,31,440000,438000,440000,5944,-4269,0,2,2972.0
100004272,Jesse Colquhoun,3,347000,436000,436000,43,53,40,34,49,39,12,428148,12,2,39,465276,15,7,34,478892,23,17,35,53,43,347000,361000,399000,-7852,37128,13616,27,-290.81
100006683,Josiah Karapani,3,505000,435000,435000,28,21,27,22,80,30,48,448356,48,14,30,415411,46,16,29,401806,44,26,33,21,28,505000,492000,464000,13356,-32945,-13605,-18,-742.0
500002,Daniel Tupou,3,486000,434000,434000,20,32,27,34,80,34,48,451063,48,9,34,419160,43,1,0,419160,66,1,33,32,20,486000,474000,461000,17063,-31903,0,-14,-1218.79
100008396,Ryan Couchman,3,250000,433000,433000,52,59,58,1,54,45,-7,409938,-7,1,45,488715,-2,1,43,523568,6,2,42,59,52,250000,292000,362000,-23062,78777,34853,52,-443.5
504411,Bailey Simonsson,3,468000,431000,431000,40,23,28,55,77,32,36,425248,36,38,32,426572,36,50,36,428388,31,44,33,23,40,468000,459000,439000,-5752,1324,1816,-4,1438.0
505413,Billy Burns,3,438000,426000,426000,38,23,36,9,74,39,33,422122,33,34,39,431929,28,28,36,438660,26,20,38,23,38,438000,440000,430000,-3878,9807,6731,6,-646.33
505918,Phillip Sami,3,513000,423000,423000,40,17,16,21,80,34,42,418878,42,29,34,413409,36,42,33,411725,31,37,36,17,40,513000,487000,446000,-4122,-5469,-1684,-8,515.25
100008236,Jermaine McEwen,3,412000,418000,418000,32,30,37,56,76,39,32,425464,32,27,39,425599,27,27,34,431300,27,43,29,30,32,412000,417000,419000,7464,135,5701,7,1066.29
100010109,Klese Haas,3,430000,417000,417000,28,42,23,37,31,35,33,429424,33,44,35,418949,30,47,31,419208,31,47,32,42,28,430000,419000,421000,12424,-10475,259,2,6212.0
505564,Lachlan Ilias,3,442000,414000,414000,8,39,31,34,55,33,47,452307,47,9,33,398622,43,11,30,388640,41,13,29,39,8,442000,438000,442000,38307,-53685,-9982,-14,-2736.21
100004833,Xavier Willison,3,468000,414000,414000,21,37,18,18,49,31,43,425099,43,21,31,400837,40,32,33,396556,35,37,30,37,21,468000,448000,436000,11099,-24262,-4281,-12,-924.92
509579,Sandon Smith,3,439000,413000,413000,32,34,23,35,71,27,34,411145,34,33,27,405526,37,30,29,399301,37,30,29,34,32,439000,427000,419000,-1855,-5619,-6225,-7,265.0
500339,Jack Wighton,3,401000,411000,411000,24,35,37,33,80,0,34,425201,34,1,0,411000,59,2,31,407917,53,4,30,35,24,401000,407000,416000,14201,-14201,-3083,-34,-417.68
504279,William Kennedy,3,421000,411000,411000,22,24,41,47,80,29,40,425035,40,17,29,398683,41,17,30,389996,40,22,31,24,22,421000,430000,427000,14035,-26352,-8687,-11,-1275.91
500406,Corey Jensen,3,407000,409000,409000,41,51,12,37,41,35,20,400060,20,3,35,425001,19,7,31,433550,22,5,35,51,41,407000,386000,393000,-8940,24941,8549,15,-596.0
100008220,Jojo Fifita,3,451000,407000,407000,27,33,20,29,80,30,39,416087,39,21,30,397802,37,43,35,398191,31,46,30,33,27,451000,435000,422000,9087,-18285,389,-9,-1009.67
100004869,Griffin Neame,3,475000,402000,402000,30,26,15,36,38,33,41,409475,41,24,33,393036,35,47,34,393813,28,36,32,26,30,475000,451000,424000,7475,-16439,777,-8,-934.38
509762,Sean Russell,3,364000,398000,398000,26,25,49,45,80,31,30,405669,30,45,31,398461,32,40,30,396259,34,36,31,25,26,364000,386000,398000,7669,-7208,-2202,1,7669.0
504460,Oregon Kaufusi,3,435000,396000,396000,20,25,30,31,26,31,42,407966,42,12,31,383498,39,12,28,374820,37,20,29,25,20,435000,431000,419000,11966,-24468,-8678,-11,-1087.82
510220,Xavier Savage,3,316000,395000,395000,33,35,50,1,81,29,18,390616,18,26,29,406800,24,36,30,409778,29,50,29,35,33,316000,344000,373000,-4384,16184,2978,11,-398.55
509559,Samuel Stonestreet,3,370000,394000,394000,38,36,30,20,80,27,21,385025,21,33,27,400244,26,33,32,404645,27,33,33,36,38,370000,371000,380000,-8975,15219,4401,6,-1495.83
100004781,Tom Chester,3,250000,393000,393000,23,67,47,1,78,33,8,410727,8,9,33,420620,15,13,36,436957,20,18,37,67,23,250000,280000,351000,17727,9893,16337,25,709.08
507680,Tyran Wishart,3,398000,391000,391000,26,17,42,27,32,41,37,401413,37,40,41,395647,27,40,31,398888,27,48,28,17,26,398000,410000,403000,10413,-5766,3241,4,2603.25
507924,Max Feagai,3,426000,384000,384000,33,24,21,43,80,29,34,378724,34,32,29,378751,32,46,31,378751,28,18,18,24,33,426000,413000,395000,-5276,27,0,-5,1055.2
100006296,Ali Leiataua,3,364000,384000,384000,40,50,14,1,80,33,15,372382,15,10,33,403129,16,6,38,422443,13,14,28,50,40,364000,348000,362000,-11618,30747,19314,18,-645.44
500611,Cody Walker,3,347000,383000,383000,22,20,53,1,77,0,32,400705,32,1,0,383000,57,3,33,384135,49,7,31,20,22,347000,375000,386000,17705,-17705,1135,-32,-553.28
510366,Oryn Keeley,3,373000,380000,380000,30,27,34,11,32,29,28,386472,28,47,29,380593,29,47,28,379040,30,1,0,27,30,373000,378000,380000,6472,-5879,-1553,1,6472.0
504148,Sebastian Kris,3,421000,376000,376000,23,20,27,1,81,25,40,380704,40,15,25,359799,40,16,26,348912,38,16,24,20,23,421000,415000,397000,4704,-20905,-10887,-15,-313.6
100006533,Blake Steep,3,423000,375000,375000,18,23,26,43,23,24,42,387194,42,9,24,355182,42,1,0,355182,61,1,30,23,18,423000,415000,400000,12194,-32012,0,-18,-677.44
100007650,Deine Mariner,3,421000,375000,375000,36,22,18,1,80,28,32,366458,32,40,28,370982,30,50,30,371630,27,48,28,22,36,421000,405000,383000,-8542,4524,648,-4,2135.5
100013336,Demitric Vaimauga,3,434000,375000,375000,29,24,16,41,35,29,37,380681,37,23,29,366383,34,26,27,361712,32,43,34,24,29,434000,415000,392000,5681,-14298,-4671,-8,-710.12
504006,Fetalaiga Pauga,3,350000,374000,374000,22,28,41,28,80,34,30,388694,30,36,34,378378,27,1,0,378378,52,5,34,28,22,350000,365000,376000,14694,-10316,0,4,3673.5
506492,Cory Paix,3,409000,374000,374000,39,24,18,40,58,29,28,358276,28,46,29,375121,27,46,26,373955,28,50,28,24,39,409000,394000,376000,-15724,16845,-1166,1,-15724.0
509524,Jonah Pezet,3,400000,365000,365000,26,35,14,1,80,25,31,363696,31,30,25,358044,32,27,25,352085,32,27,25,35,26,400000,381000,374000,-1304,-5652,-5959,-6,217.33
100002660,Brad Schneider,3,335000,364000,364000,20,34,37,1,51,31,27,377428,27,41,31,367763,26,39,31,371646,26,7,0,34,20,335000,347000,364000,13428,-9665,3883,4,3357.0
100018554,Moses Leo,3,250000,361000,361000,16,28,68,1,79,29,21,380019,21,35,29,369330,26,44,29,370366,31,50,31,28,16,250000,303000,347000,19019,-10689,1036,8,2377.38
503533,Josh Kerr,3,379000,354000,354000,18,29,24,57,25,26,35,369617,35,16,26,344181,34,22,27,339125,32,37,29,29,18,379000,373000,369000,15617,-25436,-5056,-9,-1735.22
100004109,Ata Mariota,3,368000,353000,353000,19,28,27,34,28,26,34,363241,34,16,26,345061,33,19,26,339613,32,26,27,28,19,368000,366000,365000,10241,-18180,-5448,-8,-1280.12
100009453,Arama Hau,3,250000,352000,352000,52,35,39,1,80,22,-2,314703,-2,5,22,378032,11,21,23,384507,22,32,29,35,52,250000,271000,302000,-37297,63329,6475,24,-1554.04
500600,Matthew Lodge,3,378000,350000,350000,33,24,19,25,28,30,27,352193,27,41,30,352938,23,41,26,354491,24,35,29,24,33,378000,367000,354000,2193,745,1553,3,731.0
502016,Jayden Brailey,3,445000,342000,342000,24,8,13,1,29,31,44,351426,44,24,31,327238,34,41,30,326331,25,46,27,8,24,445000,421000,378000,9426,-24188,-907,-13,-725.08
500598,Felise Kaufusi,3,351000,340000,340000,20,30,24,22,38,28,29,353666,29,46,28,337927,27,42,29,339998,24,1,0,30,20,351000,347000,348000,13666,-15739,2071,-1,-13666.0
100012134,Jacob Laban,3,335000,335000,335000,39,35,12,1,58,22,15,317059,15,32,22,342183,20,23,31,352167,17,27,26,35,39,335000,320000,320000,-17941,25124,9984,7,-2563.0
500532,Dallin Watene-Zelezniak,3,309000,328000,328000,28,40,18,4,80,31,17,331824,17,17,31,342851,15,13,32,357758,12,10,31,40,28,309000,302000,316000,3824,11027,14907,14,273.14
504326,Toby Rudolf,3,345000,323000,323000,28,23,19,9,29,31,26,328623,26,35,31,328485,20,22,30,337689,16,22,26,23,28,345000,336000,327000,5623,-138,9204,5,1124.6
100008234,Salesi Foketi,3,393000,319000,319000,33,15,7,1,19,19,30,308576,30,24,19,306320,31,2,0,306320,46,7,23,15,33,393000,367000,334000,-10424,-2256,0,-11,947.64
500168,Bronson Garlick,3,367000,312000,312000,14,9,26,1,30,0,41,325516,41,1,0,312000,55,2,25,295342,45,9,26,9,14,367000,364000,342000,13516,-13516,-16658,-41,-329.66
509563,Samuel Healey,3,350000,309000,309000,21,20,17,1,23,27,31,320112,31,42,27,304435,26,38,32,312078,17,30,28,20,21,350000,339000,324000,11112,-15677,7643,-4,-2778.0
510696,Setu Tu,3,230000,302000,302000,42,16,42,0,75,30,5,287267,5,2,30,328555,6,3,30,347836,8,4,30,16,42,230000,256000,271000,-14733,41288,19281,25,-589.32
100014118,Sialetili Faeamani,3,230000,292000,292000,26,33,31,0,80,28,10,296250,10,1,28,311440,10,1,28,325838,12,1,28,33,26,230000,244000,270000,4250,15190,14398,18,236.11
504175,Siosifa Talakai,3,344000,290000,290000,18,14,16,30,25,25,34,301722,34,20,25,280974,28,39,25,280585,22,39,25,14,18,344000,332000,311000,11722,-20748,-389,-9,-1302.44
500901,Tui Kamikamica,3,255000,286000,286000,21,30,26,29,40,25,16,292759,16,12,25,294952,16,10,26,302980,16,12,25,30,21,255000,262000,277000,6759,2193,8028,9,751.0
100013815,Cooper Clarke,3,230000,284000,284000,25,23,36,0,31,27,13,288070,13,1,27,298986,13,1,27,310660,13,1,27,23,25,230000,250000,268000,4070,10916,11674,14,290.71
504573,Ben Talty,3,320000,281000,281000,20,13,19,17,27,20,29,279680,29,17,20,270871,28,42,30,275398,18,38,21,13,20,320000,314000,297000,-1320,-8809,4527,-9,146.67
100008487,Billy Phillips,3,250000,280000,280000,17,32,25,53,34,26,17,293689,17,7,26,288895,16,5,26,297441,15,4,26,32,17,250000,256000,274000,13689,-4794,8546,9,1521.0
505648,Kurtis Morrin,3,250000,278000,278000,30,30,19,46,36,26,10,273279,10,3,26,294698,9,2,26,307899,10,6,23,30,30,250000,249000,261000,-4721,21419,13201,16,-295.06
100014512,Cooper Bai,3,250000,268000,268000,19,32,18,52,25,24,16,275353,16,7,24,276299,15,5,24,283949,15,5,24,32,19,250000,248000,261000,7353,946,7650,8,919.12
100006658,Tallyn Da Silva,3,250000,267000,267000,44,10,23,1,21,24,7,236631,7,8,24,285001,7,11,22,296007,10,16,22,10,44,250000,254000,246000,-30369,48370,11006,17,-1786.41
504079,Pasami Saulo,3,250000,262000,262000,16,27,21,50,29,28,19,271898,19,16,28,271411,13,16,22,278015,14,11,25,27,16,250000,252000,261000,9898,-487,6604,9,1099.78
505631,Matt Doorey,3,297000,259000,259000,23,15,12,45,28,20,23,259994,23,36,20,254845,21,45,20,253810,19,50,19,15,23,297000,285000,269000,994,-5149,-1035,-3,-331.33
507928,Jayden Sullivan,3,277000,253000,253000,6,24,16,25,42,0,29,275513,29,7,0,253000,42,14,21,244441,35,27,23,24,6,277000,271000,270000,22513,-22513,-8559,-29,-776.31
508065,Terrell May,2,930000,897000,897000,61,62,,66,57,63,80,910912,80,13,63,878546,82,12,64,863508,82,21,70,62,61,930000,930000,919000,13912,-32366,-15038,-17,-818.35
507878,Jacob Preston,2,720000,749000,749000,55,74,,63,85,60,50,759570,50,19,60,759501,51,24,59,765465,53,30,59,,55,720000,740000,740000,10570,-69,5964,10,1057.0
100008107,Kai Pearce-Paul,2,695000,704000,704000,53,61,,63,80,53,51,703739,51,43,53,705637,53,35,49,700326,58,29,52,61,53,695000,695000,703000,-261,1898,-5311,2,-130.5
501175,Jamal Fogarty,2,687000,664000,664000,49,43,,52,81,49,58,664000,58,21,49,654208,57,18,47,644883,58,14,46,49,,687000,676000,664000,0,-9792,-9325,-9,-0.0
504870,Kalyn Ponga,2,600000,649000,649000,36,80,,21,54,0,43,649000,43,2,0,649000,87,4,50,656125,80,9,52,36,,600000,636000,649000,0,0,7125,-43,-0.0
500408,Viliame Kikau,2,628000,648000,648000,28,74,,36,82,46,53,673056,53,31,46,640170,56,26,47,631362,58,21,47,,28,628000,655000,655000,25056,-32886,-8808,-7,-3579.43
501505,Tom Trbojevic,2,600000,648000,648000,57,67,,30,81,53,34,648000,34,18,53,668171,36,6,68,697312,27,9,54,57,,600000,622000,648000,0,20171,29141,19,0.0
100004133,Jacob Kiraz,2,664000,641000,641000,17,61,,24,85,42,68,679089,68,9,42,612362,70,8,43,589557,70,9,44,,17,664000,674000,674000,38089,-66727,-22805,-26,-1464.96
504397,Max King,2,643000,640000,640000,43,54,,61,53,47,51,648954,51,37,47,634824,53,37,49,631327,52,37,48,,43,643000,647000,647000,8954,-14130,-3497,-4,-2238.5
505811,Adam Doueihi,2,557000,628000,628000,47,82,,22,79,0,29,633512,29,8,0,628000,74,16,53,653348,67,21,50,82,47,557000,557000,599000,5512,-5512,25348,-29,-190.07
508033,Haumole Olakau'atu,2,608000,614000,614000,41,54,,9,79,50,48,614000,48,46,50,615607,46,46,48,616903,46,41,50,41,,608000,615000,614000,0,1607,1296,2,0.0
510577,Samuela Fainu,2,517000,606000,606000,65,76,,54,80,47,14,587429,14,2,47,640891,24,5,49,659809,31,11,50,76,65,517000,517000,556000,-18571,53462,18918,33,-562.76
502532,Alex Twal,2,570000,605000,605000,61,55,,61,62,47,30,597848,30,8,47,622948,34,9,50,635381,36,12,50,55,61,570000,570000,582000,-7152,25100,12433,17,-420.71
500441,Euan Aitken,2,610000,600000,600000,33,50,,62,56,0,55,590076,55,1,0,600000,90,1,44,588547,81,1,45,33,,610000,613000,600000,-9924,9924,-11453,-55,180.44
500619,Jack De Belin,2,614000,592000,592000,25,49,,38,44,42,60,572784,60,8,42,572247,59,9,42,557611,58,11,42,25,,614000,615000,592000,-19216,-537,-14636,-18,1067.56
500086,Adam Reynolds,2,639000,591000,591000,65,13,,20,77,0,50,580029,50,1,0,591000,84,1,44,584903,73,6,45,65,,639000,599000,591000,-10971,10971,-6097,-50,219.42
509397,Matt Burton,2,549000,588000,588000,73,47,,34,85,49,22,559603,22,3,49,616896,25,3,52,639201,27,4,52,,73,549000,554000,554000,-28397,57293,22305,27,-1051.74
100007336,Lachlan Galvin,2,535000,571000,571000,30,70,,35,85,46,39,596178,39,31,46,577661,40,31,47,582971,41,39,45,,30,535000,566000,566000,25178,-18517,5310,7,3596.86
506628,Kelma Tuilagi,2,495000,565000,565000,48,73,,31,78,40,22,566498,22,13,40,583867,32,22,44,592286,37,33,44,73,48,495000,495000,533000,1498,17369,8419,18,83.22
507648,J'maine Hopgood,2,597000,560000,560000,10,49,,41,32,0,66,608990,66,1,0,560000,95,1,47,539092,78,1,47,,10,597000,600000,600000,48990,-48990,-20908,-66,-742.27
500109,Apisai Koroisau,2,583000,549000,549000,39,31,,63,74,45,52,567245,52,33,45,541639,47,45,45,541380,42,43,45,31,39,583000,583000,568000,18245,-25606,-259,-7,-2606.43
509634,Tolutau Koula,2,515000,549000,549000,16,73,,18,81,41,45,549000,45,38,41,544747,47,44,45,543709,46,44,44,16,,515000,551000,549000,0,-4253,-1038,-4,-0.0
100008243,Robert Toia,2,552000,547000,547000,58,32,,53,79,43,35,531260,35,30,43,554826,36,1,0,554826,71,4,44,32,58,552000,552000,540000,-15740,23566,0,8,-1967.5
504374,Reuben Cotter,2,569000,544000,544000,38,35,,69,64,43,49,554372,49,22,43,537138,46,35,43,535194,44,45,43,,38,569000,559000,559000,10372,-17234,-1944,-6,-1728.67
100002172,Max Plath,2,560000,532000,532000,27,39,,21,52,39,53,554385,53,20,39,516291,52,17,36,502694,52,1,0,39,27,560000,560000,555000,22385,-38094,-13597,-14,-1598.93
502015,Connor Tracey,2,500000,531000,531000,66,41,,26,85,41,21,499181,21,11,41,552542,26,18,41,563678,31,29,40,,66,500000,502000,502000,-31819,53361,11136,20,-1590.95
504121,Jarome Luai,2,486000,529000,529000,32,66,,29,73,0,33,550050,33,1,0,529000,69,1,41,537956,64,7,45,66,32,486000,486000,517000,21050,-21050,8956,-33,-637.88
508062,Stephen Crichton,2,523000,529000,529000,47,41,,60,85,38,36,523484,36,44,38,531504,39,41,42,533968,39,44,41,,47,523000,523000,523000,-5516,8020,2464,2,-2758.0
100006687,Harry Hayes,2,523000,525000,525000,32,48,,58,44,39,43,533260,43,36,39,520857,44,40,41,518783,43,36,39,,32,523000,531000,531000,8260,-12403,-2074,-4,-2065.0
507850,Ben Trbojevic,2,504000,520000,520000,52,40,,37,81,39,31,520000,31,28,39,528908,34,26,43,536555,34,39,38,52,,504000,505000,520000,0,8908,7647,8,0.0
504251,Taniela Paseka,2,500000,518000,518000,38,49,,51,55,40,36,518000,36,35,40,522228,38,42,40,523913,39,46,40,38,,500000,511000,518000,0,4228,1685,4,0.0
508629,Jake Simpkin,2,509000,513000,513000,24,51,,18,67,40,45,513000,45,38,40,507329,44,50,44,508625,40,45,42,24,,509000,521000,513000,0,-5671,1296,-5,-0.0
503443,Reuben Garrick,2,551000,503000,503000,31,23,,11,81,33,54,503000,54,7,33,479626,54,10,36,465119,51,9,32,31,,551000,529000,503000,0,-23374,-14507,-21,-0.0
504315,Thomas Flegler,2,500000,493000,493000,20,46,,38,33,0,48,485166,48,1,0,493000,76,1,42,486884,63,1,0,20,,500000,508000,493000,-7834,7834,-6116,-48,163.21
505626,Dylan Brown,2,486000,492000,492000,44,37,,27,61,0,34,492000,34,1,0,492000,65,5,39,497728,58,11,39,44,,486000,485000,492000,0,0,5728,-34,-0.0
501559,Charnze Nicoll-Klokstad,2,481000,486000,486000,32,43,,25,74,0,39,486000,39,2,0,486000,69,8,43,490770,57,14,37,32,,481000,487000,486000,0,0,4770,-39,-0.0
504371,Gehamat Shibasaki,2,560000,481000,481000,7,21,,8,80,40,71,443692,71,3,40,447694,60,7,36,430315,52,21,39,7,,560000,535000,481000,-37308,4002,-17379,-31,1203.48
504712,Josh Curran,2,566000,481000,481000,22,11,,10,17,38,64,493751,64,5,38,451926,55,16,39,440275,46,31,38,,22,566000,530000,530000,12751,-41825,-11651,-26,-490.42
506153,Ethan Bullemor,2,499000,481000,481000,31,33,,62,38,35,45,481000,45,8,35,470802,44,20,38,466653,41,39,39,31,,499000,493000,481000,0,-10198,-4149,-10,-0.0
100012669,Jahream Bula,2,499000,479000,479000,31,33,,31,80,34,44,486772,44,20,34,468166,45,23,36,461554,43,31,37,33,31,499000,499000,493000,7772,-18606,-6612,-10,-777.2
506851,Chanel Harris-Tavita,2,501000,470000,470000,0,45,,21,45,0,60,470000,60,1,0,470000,83,1,44,452661,64,1,27,0,,501000,508000,470000,0,0,-17339,-60,-0.0
504294,Campbell Graham,2,440000,463000,463000,42,42,,55,80,0,27,474431,27,1,0,463000,58,1,40,477110,50,6,37,42,,440000,448000,463000,11431,-11431,14110,-27,-423.37
508254,Taine Tuaupiki,2,439000,462000,462000,50,38,,23,76,41,23,442016,23,11,41,481705,22,7,44,501155,20,10,39,38,50,439000,439000,443000,-19984,39689,19450,18,-1110.22
500646,Luke Brooks,2,437000,449000,449000,51,30,,10,81,37,24,449000,24,19,37,462650,25,18,39,474835,24,10,43,51,,437000,433000,449000,0,13650,12185,13,0.0
501351,Josh Addo-Carr,2,493000,448000,448000,40,13,,25,80,36,43,446455,43,32,36,440267,39,45,37,440137,34,40,38,13,40,493000,493000,466000,-1545,-6188,-130,-7,220.71
100011191,Lehi Hopoate,2,496000,448000,448000,11,28,,1,81,34,57,448000,57,17,34,422840,52,43,48,424655,35,43,39,11,,496000,484000,448000,0,-25160,1815,-23,-0.0
504609,Alex Seyfarth,2,517000,443000,443000,13,16,,27,17,29,62,467067,62,1,29,407311,58,2,30,385021,53,4,28,16,13,517000,517000,491000,24067,-59756,-22290,-33,-729.3
506567,Kobe Hetherington,2,461000,440000,440000,16,36,,41,40,32,47,440000,47,5,32,423621,45,8,32,412872,43,12,32,16,,461000,461000,440000,0,-16379,-10749,-15,-0.0
500973,Josh Papalii,2,477000,438000,438000,44,12,,45,38,37,39,433159,39,43,37,436052,34,40,37,439938,29,25,37,,44,477000,450000,450000,-4841,2893,3886,-2,2420.5
500751,Jake Trbojevic,2,443000,436000,436000,38,28,,64,63,38,34,436000,34,34,38,440903,30,21,38,448681,27,13,38,38,,443000,436000,436000,0,4903,7778,4,0.0
506446,Lachlan Hubner,2,475000,427000,427000,12,25,,21,16,0,54,406238,54,1,0,427000,75,1,28,398373,66,1,33,12,,475000,462000,427000,-20762,20762,-28627,-54,384.48
100010528,Ativalu Lisati,2,285000,427000,427000,67,74,,1,80,0,-19,489246,-19,16,0,427000,22,23,36,486406,28,25,41,67,,285000,341000,427000,62246,-62246,59406,19,3276.11
100013303,Jeral Skelton,2,386000,424000,424000,18,59,,12,72,34,29,446829,29,36,34,429794,30,36,35,433945,31,50,31,59,18,386000,386000,418000,22829,-17035,4151,5,4565.8
509455,Sunia Turuva,2,401000,418000,418000,24,46,,13,80,29,30,433400,30,47,29,416157,34,47,35,417193,32,47,31,46,24,401000,401000,417000,15400,-17243,1036,-1,-15400.0
505361,Sitili Tupouniua,2,414000,417000,417000,32,35,,19,42,31,30,416316,30,48,31,417381,32,45,34,419193,31,41,35,,32,414000,417000,417000,-684,1065,1812,1,-684.0
502487,Marcelo Montoya,2,386000,411000,411000,35,42,,26,85,31,23,410354,23,24,31,419662,26,30,32,423804,28,36,32,,35,386000,399000,399000,-646,9308,4142,8,-80.75
505864,Bailey Hayward,2,375000,401000,401000,27,46,,5,80,31,25,410848,25,30,31,407378,27,33,32,410873,28,40,31,,27,375000,393000,393000,9848,-3470,3495,6,1641.33
503964,Ray Stone,2,406000,395000,395000,20,33,,30,37,28,37,406975,37,21,28,384882,38,21,29,377882,37,1,0,33,20,406000,406000,408000,11975,-22093,-7000,-9,-1330.56
508026,Adam Pompey,2,391000,393000,393000,18,39,,10,80,0,35,398791,35,1,0,393000,58,3,30,387603,52,14,35,18,,391000,400000,393000,5791,-5791,-5397,-35,-165.46
504301,Jaeman Salmon,2,360000,390000,390000,27,46,,32,51,33,23,398848,23,19,33,400874,23,22,32,407875,25,27,32,,27,360000,380000,380000,8848,2026,7001,10,884.8
507925,Mathew Feagai,2,477000,389000,389000,2,9,,1,30,21,65,346942,65,1,21,341449,62,2,23,309972,56,4,22,2,,477000,446000,389000,-42058,-5493,-31477,-44,955.86
509527,Thomas Cant,2,440000,386000,386000,19,14,,10,23,33,48,396785,48,18,33,369908,40,16,24,356304,40,27,30,,19,440000,418000,418000,10785,-26877,-13604,-15,-719.0
500601,Kurt Mann,2,389000,384000,384000,22,33,,27,40,29,34,392275,34,31,29,378956,34,28,28,374417,34,35,30,,22,389000,392000,392000,8275,-13319,-4539,-5,-1655.0
100004194,Fonua Pole,2,397000,382000,382000,41,17,,28,39,31,28,375327,28,41,31,385466,26,32,32,390778,24,32,30,17,41,397000,397000,382000,-6673,10139,5312,3,-2224.33
508408,Samuel Hughes,2,425000,371000,371000,8,19,,19,18,26,50,397599,50,2,26,343992,47,2,24,325356,44,5,26,,8,425000,410000,410000,26599,-53607,-18636,-24,-1108.29
509297,Sione Fainu,2,354000,363000,363000,38,27,,30,42,28,20,363507,20,22,28,370930,22,25,29,376109,23,25,30,27,38,354000,354000,353000,507,7423,5179,8,63.38
502695,Jack Cogger,2,420000,360000,360000,4,16,,1,18,15,54,360000,54,1,15,318015,57,1,18,285707,55,4,29,4,,420000,402000,360000,0,-41985,-32308,-39,-0.0
504265,Sean Keppie,2,403000,359000,359000,30,8,,11,26,0,38,356441,38,1,0,359000,56,1,28,348537,47,3,26,8,30,403000,403000,378000,-2559,2559,-10463,-38,67.34
508071,Aublix Tawha,2,411000,352000,352000,17,8,,21,27,26,47,330882,47,4,26,329484,42,15,30,321846,33,30,27,17,,411000,385000,352000,-21118,-1398,-7638,-21,1005.62
100008414,Fletcher Hunt,2,280000,347000,347000,36,51,,14,61,34,5,342125,5,1,34,378553,6,1,32,399569,10,2,34,51,36,280000,280000,312000,-4875,36428,21016,29,-168.1
501290,Hame Sele,2,325000,342000,342000,33,30,,58,38,29,19,351017,19,20,29,352755,19,22,28,360007,20,27,27,33,,325000,330000,342000,9017,1738,7252,10,901.7
100007527,Benaiah Ioelu,2,327000,342000,342000,21,36,,16,37,24,25,342000,25,46,24,341045,28,1,0,341045,49,2,27,21,,327000,338000,342000,0,-955,0,-1,-0.0
100013671,Tanner Stowers-Smith,2,340000,328000,328000,27,19,,64,38,25,28,328649,28,31,25,325058,27,37,25,323631,26,50,26,27,,340000,332000,328000,649,-3591,-1427,-3,-216.33
100007566,Alec MacDonald,2,367000,323000,323000,36,0,,1,33,34,31,313838,31,39,34,326209,21,36,25,329838,20,26,27,,36,367000,336000,336000,-9162,12371,3629,3,-3054.0
100011335,Luke Laulilii,2,250000,320000,320000,21,58,,1,80,27,8,328968,8,8,27,340921,12,5,34,360121,11,8,30,58,21,250000,250000,292000,8968,11953,19200,19,472.0
500170,Jack Gosiewski,2,332000,319000,319000,5,31,,1,43,0,36,319000,36,1,0,319000,53,3,26,307695,45,6,22,5,,332000,338000,319000,0,0,-11305,-36,-0.0
507670,Jason Saab,2,347000,310000,310000,4,20,,1,81,20,42,310000,42,3,20,286040,41,3,20,269450,38,24,30,4,,347000,339000,310000,0,-23960,-16590,-22,-0.0
100006424,Sam Tuivaiti,2,290000,305000,305000,35,24,,22,35,24,14,291846,14,17,24,315624,16,17,26,323783,16,17,26,24,35,290000,290000,292000,-13154,23778,8159,10,-1315.4
500647,Nathan Brown,2,351000,298000,298000,10,8,,1,18,24,42,298000,42,6,24,278141,36,8,20,265445,33,33,28,10,,351000,330000,298000,0,-19859,-12696,-18,-0.0
506555,Kai O'Donnell,2,277000,298000,298000,17,36,,1,59,24,20,301470,20,38,24,302290,20,44,22,302678,23,50,23,17,,277000,293000,298000,3470,820,388,4,867.5
100013780,Heamasi Makasini,2,250000,296000,296000,37,35,,0,80,32,4,291023,4,1,32,325963,2,1,32,351236,2,1,32,35,37,250000,250000,267000,-4977,34940,25273,28,-177.75
509558,Jordan Samrani,2,311000,295000,295000,22,17,,1,60,0,27,293955,27,2,0,295000,44,7,25,293069,36,14,22,17,22,311000,311000,303000,-1045,1045,-1931,-27,38.7
502756,Soni Luke,2,318000,284000,284000,12,14,,1,21,23,34,298230,34,16,23,271418,30,29,24,267663,25,33,20,14,12,318000,318000,306000,14230,-26812,-3755,-11,-1293.64
510935,Tukimihia Simpkins,2,250000,257000,257000,11,29,,32,24,23,21,274348,21,40,23,258698,19,30,23,262714,17,22,23,,11,250000,260000,260000,17348,-15650,4016,2,8674.0
500136,Royce Hunt,2,250000,239000,239000,21,13,,1,27,16,19,236327,19,36,16,234993,21,41,19,233570,19,45,20,13,21,250000,250000,243000,-2673,-1334,-1423,-3,891.0
504144,Kalani Going,2,250000,230000,230000,15,9,,0,22,18,27,222969,27,1,18,222773,25,3,18,220013,22,14,18,15,,250000,239000,230000,-7031,-196,-2760,-9,781.22
100001622,Jayden Campbell,1,766000,783000,783000,78,,,46,75,64,47,762955,47,20,64,802133,47,26,60,812375,52,40,57,,78,766000,766000,766000,-20045,39178,10242,17,-1179.12
100006482,Fletcher Sharpe,1,717000,701000,701000,41,,,16,26,0,65,690105,65,1,0,701000,105,1,47,682112,97,2,54,,,717000,701000,701000,-10895,10895,-18888,-65,167.62
100001560,Trent Loiero,1,619000,625000,625000,56,,,31,51,48,42,616252,42,33,48,631503,44,36,49,635910,45,41,48,,56,619000,619000,619000,-8748,15251,4407,6,-1458.0
503944,Reece Robson,1,579000,581000,581000,49,,,53,72,42,41,576385,41,46,42,581511,45,1,0,581511,81,1,48,,49,579000,579000,579000,-4615,5126,0,1,-4615.0
501267,Mitchell Barnett,1,587000,572000,572000,34,,,40,35,43,52,589155,52,32,43,561976,51,32,42,554070,51,30,41,,34,587000,587000,587000,17155,-27179,-7906,-9,-1906.11
507807,Taylan May,1,610000,564000,564000,5,,,1,16,0,74,564000,74,1,0,564000,101,1,34,520492,92,1,35,5,,610000,610000,564000,0,0,-43508,-74,-0.0
509757,Matthew Timoko,1,554000,530000,530000,21,,,28,20,38,57,530000,57,12,38,509656,55,16,39,496312,52,11,32,21,,554000,554000,530000,0,-20344,-13344,-19,-0.0
100006585,Jamie Humphreys,1,526000,515000,515000,33,,,46,69,0,45,526616,45,1,0,515000,75,2,36,505048,69,3,34,,33,526000,526000,526000,11616,-11616,-9952,-45,-258.13
508480,Trai Fuller,1,550000,507000,507000,3,,,1,9,42,68,478045,68,10,42,478893,59,18,41,465666,50,1,0,,,550000,507000,507000,-28955,848,-13227,-26,1113.65
507615,Teig Wilton,1,536000,506000,506000,16,,,21,28,38,57,536909,57,6,38,484938,54,6,35,468998,52,10,36,,16,536000,536000,536000,30909,-51971,-15940,-19,-1626.79
500872,Brian Kelly,1,505000,500000,500000,35,,,30,80,40,41,496646,41,47,40,498434,39,50,39,498045,39,47,38,,,505000,500000,500000,-3354,1788,-389,-1,3354.0
504125,Liam Martin,1,494000,498000,498000,44,,,67,66,41,34,496259,34,27,41,505602,33,24,41,512730,33,21,42,,44,494000,494000,494000,-1741,9343,7128,7,-248.71
503449,Jacob Liddle,1,510000,489000,489000,22,,,25,25,40,50,512023,50,25,40,477902,45,39,41,475439,40,45,38,,22,510000,510000,510000,23023,-34121,-2463,-10,-2302.3
504372,Enari Tuala,1,458000,464000,464000,43,,,24,80,39,30,451311,30,23,39,473624,29,21,39,482565,28,28,35,,43,458000,458000,458000,-12689,22313,8941,9,-1409.89
500992,Kurt Capewell,1,426000,442000,442000,48,,,21,80,0,23,442000,23,3,0,442000,53,9,37,457153,47,23,38,,,426000,442000,442000,0,0,15153,-23,-0.0
501179,Siosiua Taukeiaho,1,462000,431000,431000,7,,,40,14,0,55,431000,55,1,0,431000,76,1,29,403785,67,1,33,,,462000,431000,431000,0,0,-27215,-55,-0.0
504714,Bronson Xerri,1,425000,428000,428000,36,,,1,90,31,30,428000,30,47,31,428332,33,44,31,426259,35,33,29,,,425000,428000,428000,0,332,-2073,1,0.0
509128,Billy Smith,1,410000,423000,423000,44,,,5,80,0,23,423000,23,4,0,423000,52,1,0,423000,74,1,30,,,410000,423000,423000,0,0,0,-23,-0.0
505612,Harrison Edwards,1,447000,421000,421000,11,,,29,13,28,49,399940,49,4,28,397549,49,6,30,381751,45,9,29,11,,447000,447000,421000,-21060,-2391,-15798,-21,1002.86
507922,Will Penisini,1,416000,420000,420000,36,,,47,80,0,30,420000,30,1,0,420000,56,6,37,428053,47,24,38,,,416000,420000,420000,0,0,8053,-30,-0.0
508479,Tyson Gamble,1,403000,418000,418000,47,,,8,80,40,20,403106,20,8,40,439101,17,9,36,455163,19,11,36,,47,403000,403000,403000,-14894,35995,16062,20,-744.7
100008673,Morgan Gannon,1,450000,409000,409000,-1,,,0,5,0,57,450530,57,1,0,409000,76,1,20,368360,72,1,20,,-1,450000,450000,450000,41530,-41530,-40640,-57,-728.6
503341,Corey Waddell,1,423000,405000,405000,16,,,19,25,30,44,405000,44,16,30,390508,42,22,31,382205,39,28,31,,,423000,405000,405000,0,-14492,-8303,-14,-0.0
507987,Grant Anderson,1,420000,402000,402000,18,,,50,80,27,41,416525,41,9,27,386331,42,17,32,378563,37,14,26,,18,420000,420000,420000,14525,-30194,-7768,-14,-1037.5
100006239,Ashton Ward,1,400000,381000,381000,14,,,1,41,0,41,381000,41,2,0,381000,62,13,40,379123,44,19,27,,,400000,381000,381000,0,0,-1877,-41,-0.0
502522,Marata Niukore,1,365000,380000,380000,44,,,29,61,34,17,364931,17,6,34,397643,17,4,36,414735,15,4,34,,44,365000,365000,365000,-15069,32712,17092,17,-886.41
100006434,Charlie Guymer,1,415000,377000,377000,-1,,,1,31,27,53,410790,53,3,27,348704,49,2,21,324231,49,2,22,,-1,415000,415000,415000,33790,-62086,-24473,-26,-1299.62
509444,Davvy Moale,1,361000,346000,346000,14,,,34,27,24,37,331308,37,11,24,332114,37,15,26,323681,34,13,22,,,361000,346000,346000,-14692,806,-8433,-13,1130.15
504377,Thomas Mikaele,1,353000,342000,342000,17,,,4,9,0,34,342000,34,1,0,342000,53,1,22,329196,50,1,22,,,353000,342000,342000,0,0,-12804,-34,-0.0
504307,Brandon Wakeham,1,350000,341000,341000,19,,,31,29,28,32,341000,32,39,28,336518,29,44,31,339109,24,17,37,19,,350000,350000,341000,0,-4482,2591,-4,-0.0
503440,Blake Lawrie,1,335000,336000,336000,28,,,30,37,26,24,340699,24,41,26,337904,25,41,27,340109,24,28,29,,28,335000,335000,335000,4699,-2795,2205,2,2349.5
500213,Braden Hamlin-Uele,1,332000,318000,318000,13,,,1,22,28,34,309853,34,31,28,311800,29,47,28,312318,24,40,27,,,332000,318000,318000,-8147,1947,518,-6,1357.83
510228,Brendan Piakura,1,313000,312000,312000,25,,,1,44,23,23,316204,23,50,23,311542,24,48,23,310118,25,50,25,,25,313000,313000,313000,4204,-4662,-1424,0,
506220,Harrison Graham,1,300000,299000,299000,22,,,1,40,32,24,297198,24,28,32,307777,17,31,24,314135,18,31,25,22,,300000,300000,299000,-1802,10579,6358,8,-225.25
100004407,Joash Papalii,1,318000,292000,292000,1,,,1,10,21,40,270768,40,9,21,271744,37,15,22,259957,32,29,24,,,318000,292000,292000,-21232,976,-11787,-19,1117.47
503336,Jack Hetherington,1,250000,252000,252000,21,,,51,34,21,18,254227,18,37,21,255029,17,41,19,256326,18,45,19,21,,250000,250000,252000,2227,802,1297,3,742.33
100006264,Luke Hanson,1,252000,252000,252000,39,,,0,80,33,4,239061,4,1,33,283598,-3,1,33,316406,-7,1,33,,39,,,230000,-12939,44537,32808,29,-446.17
100006112,Paul Bryan,1,245000,245000,245000,15,,,0,22,23,22,245000,22,43,23,245975,18,20,23,251153,14,7,23,15,,,250000,245000,0,975,5178,1,0.0
507815,Hohepa Puru,1,250000,244000,244000,14,,,15,16,15,22,236894,22,18,15,235707,25,12,16,227807,25,9,15,14,,250000,250000,244000,-7106,-1187,-7900,-7,1015.14
100012039,Kaiden Lahrs,1,250000,243000,243000,14,,,26,17,11,22,241159,22,1,11,230482,28,1,11,214806,31,1,13,,14,250000,250000,250000,-1841,-10677,-15676,-11,167.36
504376,Tristan Hope,1,250000,242000,242000,13,,,1,20,18,23,255230,23,38,18,236390,23,45,21,235742,19,48,20,,13,250000,250000,250000,13230,-18840,-648,-5,-2646.0
505633,Luke Sommerton,1,250000,242000,242000,12,,,22,28,18,24,242000,24,31,18,235485,23,40,20,233282,21,37,17,12,,250000,250000,242000,0,-6515,-2203,-6,-0.0
510488,Moala Graham-Taufa,1,250000,240000,240000,11,,,25,80,0,25,262786,25,2,0,240000,38,28,31,247052,23,25,31,,11,250000,250000,250000,22786,-22786,7052,-25,-911.44
504830,Freddy Lussick,1,250000,239000,239000,10,,,1,11,18,25,245458,25,30,18,231308,24,39,20,228713,21,44,19,,10,250000,250000,250000,6458,-14150,-2595,-7,-922.57
506618,Brent Woolf,1,230000,230000,230000,15,,,0,25,22,22,230000,22,50,22,232735,18,32,22,239437,15,4,0,,,230000,230000,230000,0,2735,6702,0,
100006510,Thomas Fletcher,1,250000,230000,230000,0,,,1,12,0,33,258487,33,3,0,230000,44,29,34,232491,24,46,26,,0,250000,250000,250000,28487,-28487,2491,-33,-863.24
100006928,Preston Conn,1,230000,230000,230000,5,,,0,7,18,39,219731,39,1,18,220838,36,2,18,217387,32,5,18,,,230000,230000,230000,-10269,1107,-3451,-21,489.0
100009124,Angus Hinchey,1,230000,230000,230000,5,,,0,5,18,39,230000,39,1,18,220846,35,2,18,217397,32,5,18,5,,,230000,230000,0,-9154,-3449,-21,-0.0
100011324,Siulagi Tuimalatu-Brown,1,250000,230000,230000,1,,,0,3,20,32,259529,32,21,20,218119,27,32,20,214215,22,45,20,,1,250000,250000,250000,29529,-41410,-3904,-12,-2460.75
100013721,Francis Manuleleua,1,230000,230000,230000,11,,,0,11,20,30,238032,30,12,20,227727,26,24,20,229879,23,36,20,,11,230000,230000,230000,8032,-10305,2152,-10,-803.2
100010807,Matty Nicholson,0,680000,680000,680000,,,,45,0,57,53,680000,53,39,57,684855,49,47,50,685374,52,45,50,,,680000,680000,680000,0,4855,519,4,0.0
504296,Luke Metcalf,0,666000,666000,666000,,,,42,0,0,51,666000,51,1,0,666000,93,3,55,669946,79,6,47,,,666000,666000,666000,0,0,3946,-51,-0.0
500180,Cameron McInnes,0,647000,647000,647000,,,,39,0,0,50,647000,50,1,0,647000,90,1,50,647130,80,1,48,,,647000,647000,647000,0,0,130,-50,-0.0
502214,John Bateman,0,625000,625000,625000,,,,76,0,51,48,625000,48,37,51,628074,46,25,52,634167,44,41,46,,,625000,625000,625000,0,3074,6093,3,0.0
502511,Jeremy Marshall-King,0,620000,620000,620000,,,,36,0,0,48,620000,48,1,0,620000,86,1,49,621204,76,1,0,,,620000,620000,620000,0,0,1204,-48,-0.0
100006243,Dylan Egan,0,616000,616000,616000,,,,4,0,0,48,616000,48,2,0,616000,86,4,45,613296,78,12,51,,,616000,616000,616000,0,0,-2704,-48,-0.0
503571,Daniel Saifiti,0,615000,615000,615000,,,,39,0,0,48,615000,48,1,0,615000,85,1,49,616667,75,1,0,,,615000,615000,615000,0,0,1667,-48,-0.0
100007572,Leo Thompson,0,610000,610000,610000,,,,60,0,0,47,610000,47,1,0,610000,85,1,48,610962,75,1,45,,,610000,610000,610000,0,0,962,-47,-0.0
500149,Jai Arrow,0,573000,573000,573000,,,,72,0,0,44,573000,44,1,0,573000,80,1,44,572720,71,1,47,,,573000,573000,573000,0,0,-280,-44,-0.0
100005899,Kurt Donoghoe,0,560000,560000,560000,,,,64,0,0,43,560000,43,1,0,560000,78,1,37,553276,74,1,0,,,560000,560000,560000,0,0,-6724,-43,-0.0
503524,Jaimin Jolliffe,0,551000,551000,551000,,,,54,0,0,43,551000,43,1,0,551000,77,1,45,553664,66,23,57,,,551000,551000,551000,0,0,2664,-43,-0.0
504788,Shawn Blore,0,547000,547000,547000,,,,37,0,0,42,547000,42,1,0,547000,76,1,38,542517,71,1,42,,,547000,547000,547000,0,0,-4483,-42,-0.0
500128,Adam Elliott,0,538000,538000,538000,,,,41,0,0,42,538000,42,1,0,538000,75,1,41,537461,67,2,38,,,538000,538000,538000,0,0,-539,-42,-0.0
506086,Ronaldo Mulitalo,0,514000,514000,514000,,,,18,0,0,40,514000,40,1,0,514000,71,6,46,520868,58,19,44,,,514000,514000,514000,0,0,6868,-40,-0.0
100007929,Liam Henry,0,513000,513000,513000,,,,54,0,40,40,513000,40,50,40,513478,39,41,41,515293,38,50,38,,,513000,513000,513000,0,478,1815,0,
100001634,Xavier Coates,0,501000,501000,501000,,,,8,0,0,39,501000,39,2,0,501000,70,7,43,505699,58,21,43,,,501000,501000,501000,0,0,4699,-39,-0.0
504666,Mawene Hiroti,0,500000,500000,500000,,,,1,0,0,39,501732,39,3,0,500000,69,9,41,502589,60,11,35,,,500000,500000,500000,1732,-1732,2589,-39,-44.41
503920,Victor Radley,0,499000,499000,499000,,,,38,0,39,39,501991,39,50,39,499607,38,1,0,499607,69,1,39,,,499000,499000,499000,2991,-2384,0,0,
509281,Starford To'a,0,490000,490000,490000,,,,34,0,30,38,490000,38,30,30,481588,44,28,35,473032,45,22,33,,,490000,490000,490000,0,-8412,-8556,-8,-0.0
509467,Izack Tago,0,466000,466000,466000,,,,18,0,44,36,467335,36,30,44,474718,30,20,43,487941,26,20,39,,,466000,466000,466000,1335,7383,13223,8,166.88
504669,Dean Hawkins,0,462000,462000,462000,,,,1,0,32,36,462000,36,40,32,458124,39,37,34,453846,39,50,39,,,462000,462000,462000,0,-3876,-4278,-4,-0.0
507645,Daine Laurie,0,453000,453000,453000,,,,25,0,34,35,455479,35,48,34,452032,36,50,36,452551,35,44,32,,,453000,453000,453000,2479,-3447,519,-1,-2479.0
100006109,Jeremiah Nanai,0,453000,453000,453000,,,,49,0,0,35,453000,35,1,0,453000,63,1,33,450865,58,3,32,,,453000,453000,453000,0,0,-2135,-35,-0.0
100017017,Tevita Naufahu,0,450000,450000,450000,,,,1,0,38,35,454830,35,46,38,453588,32,17,57,479904,15,29,0,,,450000,450000,450000,4830,-1242,26316,3,1610.0
100012312,Lyhkan King-Togia,0,445000,445000,445000,,,,26,0,32,34,447012,34,44,32,442440,36,44,38,444773,33,41,36,,,445000,445000,445000,2012,-4572,2333,-2,-1006.0
500264,Francis Molo,0,424000,424000,424000,,,,56,0,31,33,424472,33,39,31,422216,34,45,33,421309,34,1,0,,,424000,424000,424000,472,-2256,-907,-2,-236.0
100007619,James Schiller,0,421000,421000,421000,,,,16,0,26,33,421736,33,31,26,414049,38,42,41,418716,30,34,36,,,421000,421000,421000,736,-7687,4667,-7,-105.14
100006643,Viliami Vailea,0,416000,416000,416000,,,,28,0,34,32,416000,32,44,34,418068,31,36,36,423642,28,38,32,,,416000,416000,416000,0,2068,5574,2,0.0
100001619,Alofiana Khan-Pereira,0,407000,407000,407000,,,,1,0,31,31,415482,31,50,31,406531,32,37,25,399401,37,44,34,,,407000,407000,407000,8482,-8951,-7130,0,
100007515,Jack Bostock,0,406000,406000,406000,,,,1,0,0,31,406000,31,7,0,406000,56,21,39,414307,44,2,0,,,406000,406000,406000,0,0,8307,-31,-0.0
505560,Spencer Leniu,0,403000,403000,403000,,,,37,0,0,31,403000,31,1,0,403000,56,1,0,403000,75,1,31,,,403000,403000,403000,0,0,0,-31,-0.0
504190,Billy Walters,0,388000,388000,388000,,,,38,0,0,30,388000,30,1,0,388000,54,2,33,391365,45,15,34,,,388000,388000,388000,0,0,3365,-30,-0.0
100007686,Robert Derby,0,384000,384000,384000,,,,10,0,32,30,384000,30,45,32,386565,28,47,27,385398,30,37,25,,,384000,384000,384000,0,2565,-1167,2,0.0
504075,Brodie Jones,0,377000,377000,377000,,,,2,0,24,29,377000,29,37,24,371529,33,31,26,364658,35,19,22,,,377000,377000,377000,0,-5471,-6871,-5,-0.0
100006631,Latu Fainu,0,377000,377000,377000,,,,1,0,0,29,377000,29,5,0,377000,52,9,29,376974,47,12,27,,,377000,377000,377000,0,0,-26,-29,-0.0
100000346,Clayton Faulalo,0,374000,374000,374000,,,,1,0,29,29,374000,29,50,29,374122,29,40,33,378659,25,45,27,,,374000,374000,374000,0,122,4537,0,
505676,Luca Moretti,0,373000,373000,373000,,,,40,0,28,29,373400,29,47,28,372178,29,50,29,371919,29,37,33,,,373000,373000,373000,400,-1222,-259,-1,-400.0
510612,Zac Laybutt,0,373000,373000,373000,,,,12,0,27,29,372358,29,44,27,371141,30,50,30,371271,29,50,29,,,373000,373000,373000,-642,-1217,130,-2,321.0
100008221,Tyrone Munro,0,369000,369000,369000,,,,14,0,0,29,369000,29,1,0,369000,51,6,31,371788,44,10,28,,,369000,369000,369000,0,0,2788,-29,-0.0
509484,Tyrell Sloan,0,359000,359000,359000,,,,1,0,30,28,367147,28,45,30,361549,26,45,28,363494,26,40,30,,,359000,359000,359000,8147,-5598,1945,2,4073.5
505889,Jesse Arthars,0,353000,353000,353000,,,,1,0,19,27,348514,27,30,19,344046,34,15,18,328360,40,9,19,,,353000,353000,353000,-4486,-4468,-15686,-8,560.75
504842,Sean O'Sullivan,0,350000,350000,350000,,,,6,0,36,27,361024,27,30,36,359734,20,26,31,370364,18,20,33,,,350000,350000,350000,11024,-1290,10630,9,1224.89
505701,Jock Madden,0,350000,350000,350000,,,,35,0,39,27,355552,27,13,39,362975,17,4,35,380087,13,3,33,,,350000,350000,350000,5552,7423,17112,12,462.67
506255,Jaxson Paulo,0,350000,350000,350000,,,,17,0,35,27,350000,27,28,35,358697,21,28,29,366475,21,33,27,,,350000,350000,350000,0,8697,7778,8,0.0
100006946,Kyle McCarthy,0,350000,350000,350000,,,,57,0,34,27,350000,27,19,34,357530,21,6,33,368938,18,4,32,,,350000,350000,350000,0,7530,11408,7,0.0
100011655,Jacob Halangahu,0,350000,350000,350000,,,,26,0,41,27,350000,27,18,41,365179,16,5,41,390069,7,1,41,,,350000,350000,350000,0,15179,24890,14,0.0
100014137,Loko Pasifiki Tonga,0,350000,350000,350000,,,,34,0,28,27,351252,27,46,28,351049,26,41,28,352864,26,41,28,,,350000,350000,350000,1252,-203,1815,1,1252.0
100015584,Eddie Ieremia-Toeava,0,350000,350000,350000,,,,32,0,31,27,357766,27,37,31,354290,24,20,34,364661,19,10,34,,,350000,350000,350000,7766,-3476,10371,4,1941.5
500889,Zach Dockar-Clay,0,347000,347000,347000,,,,1,0,21,27,347000,27,36,21,340806,31,38,26,335880,31,26,20,,,347000,347000,347000,0,-6194,-4926,-6,-0.0
509548,Caleb Navale,0,342000,342000,342000,,,,16,0,0,26,342000,26,1,0,342000,47,8,31,347028,38,37,34,,,342000,342000,342000,0,0,5028,-26,-0.0
100006263,Luron Patea,0,326000,326000,326000,,,,1,0,23,25,326000,25,44,23,323695,27,35,22,318769,29,35,24,,,326000,326000,326000,0,-2305,-4926,-2,-0.0
503322,Matthew Eisenhuth,0,325000,325000,325000,,,,15,0,25,25,325000,25,50,25,324861,25,50,25,324731,25,20,36,,,325000,325000,325000,0,-139,-130,0,
500617,Jack Bird,0,322000,322000,322000,,,,14,0,31,25,322000,25,27,31,328620,20,15,30,338472,17,13,28,,,322000,322000,322000,0,6620,9852,6,0.0
506548,Isaiah Tass,0,313000,313000,313000,,,,10,0,0,24,313000,24,2,0,313000,44,7,27,316046,36,17,25,,,313000,313000,313000,0,0,3046,-24,-0.0
500907,Ryan Matterson,0,300000,300000,300000,,,,41,0,41,23,300000,23,7,41,319288,9,1,38,347937,1,1,39,,,300000,300000,300000,0,19288,28649,18,0.0
503419,Brandon Smith,0,300000,300000,300000,,,,47,0,0,23,300000,23,3,0,300000,42,14,29,306325,32,28,25,,,300000,300000,300000,0,0,6325,-23,-0.0
507814,Mavrik Geyer,0,300000,300000,300000,,,,1,0,30,23,300000,23,31,30,307362,18,16,32,321751,12,16,26,,,300000,300000,300000,0,7362,14389,7,0.0
507945,Lipoi Hopoi,0,300000,300000,300000,,,,22,0,26,23,300000,23,37,26,303084,21,29,26,308140,19,21,26,,,300000,300000,300000,0,3084,5056,3,0.0
509842,Edward Kosi,0,300000,300000,300000,,,,29,0,0,23,300000,23,1,0,300000,42,2,22,298806,38,6,23,,,300000,300000,300000,0,0,-1194,-23,-0.0
100003896,Jack Cole,0,300000,300000,300000,,,,1,0,26,23,304349,23,43,26,303084,21,41,25,307103,20,32,28,,,300000,300000,300000,4349,-1265,4019,3,1449.67
100004188,Sione Finau,0,300000,300000,300000,,,,1,0,30,23,300000,23,30,30,307362,18,25,27,316307,16,21,27,,,300000,300000,300000,0,7362,8945,7,0.0
100009053,Josiah Pahulu,0,300000,300000,300000,,,,31,0,24,23,300000,23,44,24,300880,22,44,23,301399,23,44,22,,,300000,300000,300000,0,880,519,1,0.0
100012912,Jed Stuart,0,300000,300000,300000,,,,10,0,21,23,297835,23,42,21,297639,25,42,23,295954,25,28,19,,,300000,300000,300000,-2165,-196,-1685,-2,1082.5
505642,Tommy Talau,0,286000,286000,286000,,,,1,0,0,22,286000,22,4,0,286000,40,1,0,286000,53,1,25,,,286000,286000,286000,0,0,0,-22,-0.0
100006630,Josh Feledy,0,285000,285000,285000,,,,0,0,24,22,285000,22,5,24,287126,20,1,24,290756,19,1,24,,,,285000,285000,0,2126,3630,2,0.0
501744,Bunty Afoa,0,280000,280000,280000,,,,30,0,24,22,,22,40,24,282585,20,20,27,290103,16,17,24,,,,,280000,,,7518,2,
100004168,Tony Sukkar,0,276000,276000,276000,,,,1,0,26,21,271516,21,32,26,281045,18,39,15,277545,23,23,15,,,276000,276000,276000,-4484,9529,-3500,5,-896.8
100006697,Rocco Berry,0,272000,272000,272000,,,,6,0,0,21,272000,21,5,0,272000,38,19,27,278453,29,38,25,,,272000,272000,272000,0,0,6453,-21,-0.0
509778,Tony Francis,0,269000,269000,269000,,,,1,0,20,21,269000,21,46,20,268211,21,42,19,265748,23,46,24,,,269000,269000,269000,0,-789,-2463,-1,-0.0
501280,Jake Turpin,0,267000,267000,267000,,,,1,0,22,21,275164,21,48,22,268470,20,44,23,272100,18,37,24,,,267000,267000,267000,8164,-6694,3630,1,8164.0
505987,Jaiyden Hunt,0,265000,265000,265000,,,,1,0,24,20,267868,20,37,24,268859,18,33,23,274174,16,22,25,,,265000,265000,265000,2868,991,5315,4,717.0
500150,Jayden Berrell,0,250000,250000,250000,,,,0,0,17,19,247673,19,40,17,247470,21,30,17,243451,23,22,17,,,250000,250000,250000,-2327,-203,-4019,-2,1163.5
500171,Brock Gray,0,250000,250000,250000,,,,1,0,0,19,250000,19,5,0,250000,35,5,16,246432,34,5,15,,,250000,250000,250000,0,0,-3568,-19,-0.0
500478,Delouise Hoeter,0,250000,250000,250000,,,,45,0,35,19,250000,19,7,35,266915,7,1,34,293879,-2,1,35,,,250000,250000,250000,0,16915,26964,16,0.0
501293,Te Maire Martin,0,250000,250000,250000,,,,1,0,0,19,250000,19,12,0,250000,35,15,18,248636,32,25,21,,,250000,250000,250000,0,0,-1364,-19,-0.0
501462,Marion Seve,0,250000,250000,250000,,,,1,0,0,19,250000,19,11,0,250000,35,26,25,256155,26,47,25,,,250000,250000,250000,0,0,6155,-19,-0.0
502409,Karl Lawton,0,250000,250000,250000,,,,1,0,0,19,250000,19,10,0,250000,35,11,17,247470,33,19,20,,,250000,250000,250000,0,0,-2530,-19,-0.0
504007,Patrick Herbert,0,250000,250000,250000,,,,0,0,25,19,256257,19,27,25,256140,15,15,25,266380,11,7,25,,,,,250000,6257,-117,10240,6,1042.83
504670,Daniel Suluka-Fifita,0,250000,250000,250000,,,,1,0,15,19,250000,19,34,15,245395,23,21,15,237747,25,11,13,,,250000,250000,250000,0,-4605,-7648,-4,-0.0
504711,Sione Fonua,0,250000,250000,250000,,,,0,0,18,19,250000,19,46,18,248636,20,42,18,246303,21,38,18,,,250000,250000,250000,0,-1364,-2333,-1,-0.0
504787,Jake Tago,0,250000,250000,250000,,,,19,0,23,19,250000,19,32,23,253951,16,20,23,260562,14,20,21,,,250000,250000,250000,0,3951,6611,4,0.0
504952,Lazarus Vaalepu,0,250000,250000,250000,,,,1,0,27,19,250000,19,27,27,258359,13,33,19,263415,15,44,17,,,250000,250000,250000,0,8359,5056,8,0.0
505142,Josh Rogers,0,250000,250000,250000,,,,43,0,28,19,250000,19,16,28,259396,12,3,30,277156,6,1,30,,,250000,250000,250000,0,9396,17760,9,0.0
505578,Aaron Schoupp,0,250000,250000,250000,,,,1,0,13,19,250000,19,30,13,243192,24,24,16,235284,26,24,18,,,250000,250000,250000,0,-6808,-7908,-6,-0.0
505828,Hayze Perham,0,250000,250000,250000,,,,9,0,0,19,250000,19,6,0,250000,35,21,25,256155,26,21,36,,,250000,250000,250000,0,0,6155,-19,-0.0
506375,Blake Wilson,0,250000,250000,250000,,,,20,0,21,19,250000,19,45,21,251877,18,32,26,260303,13,28,23,,,250000,250000,250000,0,1877,8426,2,0.0
507765,Junior Tupou,0,250000,250000,250000,,,,22,0,0,19,250000,19,10,0,250000,35,1,0,250000,46,3,19,,,250000,250000,250000,0,0,0,-19,-0.0
508307,Peter Hola,0,250000,250000,250000,,,,41,0,15,19,250000,19,8,15,245395,23,1,15,237747,25,1,15,,,250000,250000,250000,0,-4605,-7648,-4,-0.0
508341,Trent Toelau,0,250000,250000,250000,,,,22,0,17,19,246501,19,38,17,247470,21,22,16,242285,23,11,15,,,250000,250000,250000,-3499,969,-5185,-2,1749.5
509404,Cody Ramsey,0,250000,250000,250000,,,,0,0,25,19,256272,19,27,25,256155,15,6,0,256155,31,27,25,,,250000,250000,250000,6272,-117,0,6,1045.33
509560,Manaia Waitere,0,250000,250000,250000,,,,0,0,24,19,250000,19,30,24,255118,16,20,24,263544,13,13,24,,,250000,250000,250000,0,5118,8426,5,0.0
509561,Kade Dykes,0,250000,250000,250000,,,,0,0,0,19,250000,19,2,0,250000,35,15,25,256155,26,46,25,,,250000,250000,250000,0,0,6155,-19,-0.0
509635,Toni Mataele,0,250000,250000,250000,,,,0,0,23,19,250000,19,34,23,253951,16,23,23,260562,14,18,23,,,250000,250000,250000,0,3951,6611,4,0.0
509779,Asu Kepaoa,0,250000,250000,250000,,,,1,0,32,19,250000,19,17,32,263674,9,15,23,276637,9,5,31,,,250000,250000,250000,0,13674,12963,13,0.0
509843,Tom Ale,0,250000,250000,250000,,,,49,0,19,19,250000,19,50,19,249673,20,38,18,248117,21,26,17,,,250000,250000,250000,0,-327,-1556,0,
509864,Tuku Hau Tapuha,0,250000,250000,250000,,,,35,0,18,19,250000,19,43,18,248636,20,36,18,246303,21,36,19,,,250000,250000,250000,0,-1364,-2333,-1,-0.0
100000336,Taylor Losalu,0,250000,250000,250000,,,,37,0,23,19,253015,19,29,23,253951,16,1,0,253951,33,16,26,,,250000,250000,250000,3015,936,0,4,753.75
100000365,Ronald Volkman,0,250000,250000,250000,,,,55,0,27,19,250000,19,10,27,258359,13,2,26,271063,9,1,27,,,250000,250000,250000,0,8359,12704,8,0.0
100003233,Allan Fitzgibbon,0,250000,250000,250000,,,,1,0,17,19,250000,19,44,17,247470,21,38,17,243451,23,24,14,,,250000,250000,250000,0,-2530,-4019,-2,-0.0
100003968,Chris Vea'ila,0,250000,250000,250000,,,,0,0,28,19,259529,19,20,28,259396,12,6,28,274952,7,2,28,,,250000,250000,250000,9529,-133,15556,9,1058.78
100004119,Michael Asomua,0,250000,250000,250000,,,,0,0,22,19,250000,19,38,22,252914,17,30,22,257710,16,27,22,,,250000,250000,250000,0,2914,4796,3,0.0
100004271,Tom Rodwell,0,250000,250000,250000,,,,0,0,32,19,250000,19,9,32,263674,9,18,0,263674,27,30,32,,,250000,250000,250000,0,13674,0,13,0.0
100006251,Liam Ison,0,250000,250000,250000,,,,0,0,0,19,250000,19,2,0,250000,35,42,33,264840,20,9,33,,,250000,250000,250000,0,0,14840,-19,-0.0
100006286,Zyon Maiu'u,0,250000,250000,250000,,,,0,0,21,19,250000,19,42,21,251877,18,38,21,254988,17,34,21,,,250000,250000,250000,0,1877,3111,2,0.0
100006574,Jesse McLean,0,250000,250000,250000,,,,40,0,25,19,250000,19,22,25,256155,15,10,25,266396,11,4,25,,,250000,250000,250000,0,6155,10241,6,0.0
100006657,Heath Mason,0,250000,250000,250000,,,,1,0,15,19,250000,19,41,15,245395,23,39,18,240987,23,43,20,,,250000,250000,250000,0,-4605,-4408,-4,-0.0
100006660,Kit Laulilii,0,250000,250000,250000,,,,0,0,20,19,250000,19,44,20,250710,19,44,20,252006,18,37,20,,,250000,250000,250000,0,710,1296,1,0.0
100006817,Joe Roddy,0,250000,250000,250000,,,,0,0,44,19,250000,19,1,44,276637,0,1,44,320712,-15,1,44,,,250000,250000,250000,0,26637,44075,25,0.0
100006861,Jaylan De Groot,0,250000,250000,250000,,,,1,0,20,19,250930,19,46,20,250710,19,46,18,249803,20,42,18,,,250000,250000,250000,930,-220,-907,1,930.0
100006888,Jack Todd,0,250000,250000,250000,,,,1,0,19,19,250000,19,50,19,249673,20,47,19,249154,20,47,19,,,250000,250000,250000,0,-327,-519,0,
100007297,Chevy Stewart,0,250000,250000,250000,,,,1,0,22,19,250000,19,41,22,252914,17,36,22,257710,16,33,22,,,250000,250000,250000,0,2914,4796,3,0.0
100007888,Thomas Duffy,0,250000,250000,250000,,,,21,0,19,19,254187,19,50,19,249673,20,46,21,251358,18,37,21,,,250000,250000,250000,4187,-4514,1685,0,
100008874,De La Salle Va'a,0,250000,250000,250000,,,,0,0,19,19,250000,19,50,19,249673,20,1,0,249673,35,1,19,,,250000,250000,250000,0,-327,0,0,
100009035,Riley Jones,0,250000,250000,250000,,,,0,0,18,19,250000,19,46,18,248636,20,42,18,246303,21,38,18,,,250000,250000,250000,0,-1364,-2333,-1,-0.0
100009134,Benjamin Te Kura,0,250000,250000,250000,,,,21,0,19,19,250000,19,50,19,249673,20,45,19,249154,20,45,19,,,250000,250000,250000,0,-327,-519,0,
100009139,Liam Le Blanc,0,250000,250000,250000,,,,1,0,0,19,250930,19,6,0,250000,35,8,18,248636,32,18,21,,,250000,250000,250000,930,-930,-1364,-19,-48.95
100009156,Blake Mozer,0,250000,250000,250000,,,,10,0,22,19,254187,19,39,22,252914,17,35,21,256673,16,26,23,,,250000,250000,250000,4187,-1273,3759,3,1395.67
100009202,Owen Pattie,0,250000,250000,250000,,,,1,0,22,19,250000,19,37,22,252914,17,46,18,253433,19,37,22,,,250000,250000,250000,0,2914,519,3,0.0
100010520,Ethan King,0,250000,250000,250000,,,,0,0,23,19,254177,19,38,23,254070,16,29,23,260681,14,24,23,,,,250000,250000,4177,-107,6611,4,1044.25
100010840,Will Pryce,0,250000,250000,250000,,,,1,0,20,19,250000,19,48,20,250710,19,26,33,266007,8,16,30,,,250000,250000,250000,0,710,15297,1,0.0
100010891,Josh Patston,0,250000,250000,250000,,,,15,0,24,19,255230,19,30,24,255118,16,20,24,263544,13,13,24,,,250000,250000,250000,5230,-112,8426,5,1046.0
100011250,Matthew Arthur,0,250000,250000,250000,,,,26,0,15,19,250000,19,23,15,245395,23,9,16,238784,25,3,15,,,250000,250000,250000,0,-4605,-6611,-4,-0.0
100011256,Cody Hopwood,0,250000,250000,250000,,,,0,0,32,19,263959,19,9,32,263674,9,1,32,286360,2,1,32,,,250000,250000,250000,13959,-285,22686,13,1073.77
100011351,Joey Walsh,0,250000,250000,250000,,,,0,0,21,19,250000,19,42,21,251877,18,38,21,254988,17,34,21,,,250000,250000,250000,0,1877,3111,2,0.0
100011659,Finau Latu,0,250000,250000,250000,,,,0,0,26,19,250000,19,23,26,257192,14,11,26,269118,10,5,26,,,250000,250000,250000,0,7192,11926,7,0.0
100011683,Jaxen Edgar,0,250000,250000,250000,,,,0,0,17,19,250000,19,42,17,247470,21,34,17,243451,23,27,17,,,250000,250000,250000,0,-2530,-4019,-2,-0.0
100014185,Elijah Salesa-Leaumoana,0,250000,250000,250000,,,,51,0,18,19,248715,19,41,18,248636,20,32,18,246303,21,24,18,,,250000,250000,250000,-1285,-79,-2333,-1,1285.0
100015074,Sebastian Su'a,0,250000,250000,250000,,,,0,0,17,19,247673,19,42,17,247470,21,34,17,243451,23,1,0,,,250000,250000,250000,-2327,-203,-4019,-2,1163.5
100015592,David Fale,0,250000,250000,250000,,,,0,0,36,19,250000,19,4,36,268081,6,1,36,297897,-4,1,36,,,250000,250000,250000,0,18081,29816,17,0.0
100019560,Nathan Lawson,0,250000,250000,250000,,,,32,0,0,19,250000,19,1,0,250000,35,9,24,255118,27,36,24,,,250000,250000,250000,0,0,5118,-19,-0.0
505684,Jensen Taumoepeau,0,230000,230000,230000,,,,0,0,24,18,230000,18,25,24,236700,13,11,24,247848,9,5,24,,,,230000,230000,0,6700,11148,6,0.0
509464,Niwhai Puru,0,230000,230000,230000,,,,0,0,26,18,230000,18,18,26,238914,11,5,26,253692,6,1,26,,,230000,230000,230000,0,8914,14778,8,0.0
509567,Solome Saukuru,0,230000,230000,230000,,,,0,0,25,18,230000,18,22,25,237876,12,7,25,250839,8,3,25,,,230000,230000,230000,0,7876,12963,7,0.0
509614,Joseph O'Neill,0,230000,230000,230000,,,,0,0,26,18,230000,18,18,26,238914,11,5,26,253692,6,1,26,,,230000,230000,230000,0,8914,14778,8,0.0
510485,Latrell Siegwalt,0,230000,230000,230000,,,,0,0,0,18,236850,18,2,0,230000,32,18,24,236700,23,46,24,,,,230000,230000,6850,-6850,6700,-18,-380.56
510558,Myles Martin,0,230000,230000,230000,,,,0,0,25,18,230000,18,22,25,237876,12,7,25,250839,8,3,25,,,230000,230000,230000,0,7876,12963,7,0.0
100003974,Lachlan Crouch,0,230000,230000,230000,,,,0,0,25,18,230000,18,22,25,237876,12,7,25,250839,8,3,25,,,230000,230000,230000,0,7876,12963,7,0.0
100004077,Liam Sutton,0,230000,230000,230000,,,,0,0,26,18,239074,18,18,26,238914,11,5,26,253692,6,1,26,,,230000,230000,230000,9074,-160,14778,8,1134.25
100006237,James Walsh,0,230000,230000,230000,,,,0,0,25,18,230000,18,22,25,237876,12,7,25,250839,8,18,0,,,230000,230000,230000,0,7876,12963,7,0.0
100006259,Billy Scott,0,230000,230000,230000,,,,0,0,25,18,230000,18,22,25,237876,12,7,25,250839,8,3,25,,,230000,230000,230000,0,7876,12963,7,0.0
100006318,Jett Liu,0,230000,230000,230000,,,,0,0,25,18,238023,18,22,25,237867,12,7,25,250830,8,3,25,,,,230000,230000,8023,-156,12963,7,1146.14
100006509,Vena Patuki-Case,0,230000,230000,230000,,,,0,0,25,18,230000,18,22,25,237876,12,7,25,250839,8,3,25,,,230000,230000,230000,0,7876,12963,7,0.0
100006535,Jake Elliott,0,230000,230000,230000,,,,0,0,25,18,230000,18,22,25,237876,12,9,0,237876,28,37,25,,,230000,230000,230000,0,7876,0,7,0.0
100006651,William Craig,0,230000,230000,230000,,,,0,0,24,18,230000,18,25,24,236710,13,11,24,247858,9,5,24,,,230000,230000,230000,0,6710,11148,6,0.0
100006754,Wilson De Courcey,0,230000,230000,230000,,,,0,0,24,18,230000,18,25,24,236710,13,11,24,247858,9,5,24,,,230000,230000,230000,0,6710,11148,6,0.0
100006760,Jett Cleary,0,230000,230000,230000,,,,0,0,26,18,,18,18,26,238900,11,5,26,253677,6,1,26,,,,,230000,,,14777,8,
100006785,Jake Clydsdale,0,230000,230000,230000,,,,0,0,25,18,230000,18,22,25,237876,12,7,25,250839,8,3,25,,,230000,230000,230000,0,7876,12963,7,0.0
100006845,Richard Penisini,0,230000,230000,230000,,,,0,0,24,18,230000,18,25,24,236710,13,11,24,247858,9,5,24,,,230000,230000,230000,0,6710,11148,6,0.0
100007234,Patrick Young,0,230000,230000,230000,,,,0,0,25,18,230000,18,22,25,237876,12,7,25,250839,8,3,25,,,230000,230000,230000,0,7876,12963,7,0.0
100007304,Navren Willett,0,230000,230000,230000,,,,0,0,24,18,230000,18,25,24,236710,13,11,24,247858,9,5,24,,,230000,230000,230000,0,6710,11148,6,0.0
100007790,Jonah Glover,0,230000,230000,230000,,,,0,0,0,18,230000,18,2,0,230000,32,25,26,238914,22,33,26,,,230000,230000,230000,0,0,8914,-18,-0.0
100008768,Zac Herdegen,0,230000,230000,230000,,,,0,0,26,18,230000,18,18,26,238914,11,5,26,253692,6,1,26,,,230000,230000,230000,0,8914,14778,8,0.0
100008997,Mason Kira,0,230000,230000,230000,,,,0,0,25,18,230000,18,22,25,237876,12,7,25,250839,8,3,25,,,230000,230000,230000,0,7876,12963,7,0.0
100009103,Haizyn Mellars,0,230000,230000,230000,,,,0,0,24,18,230000,18,25,24,236710,13,11,24,247858,9,5,24,,,230000,230000,230000,0,6710,11148,6,0.0
100009673,Lewis Symonds,0,230000,230000,230000,,,,0,0,25,18,238032,18,22,25,237876,12,7,25,250839,8,18,0,,,230000,230000,230000,8032,-156,12963,7,1147.43
100010604,Oliver Pascoe,0,230000,230000,230000,,,,0,0,25,18,238019,18,22,25,237863,12,7,25,250826,8,3,25,,,,,230000,8019,-156,12963,7,1145.57
100010945,Wil Sullivan,0,230000,230000,230000,,,,0,0,25,18,230000,18,22,25,237876,12,7,25,250839,8,3,25,,,230000,230000,230000,0,7876,12963,7,0.0
100011050,Zane Harrison,0,230000,230000,230000,,,,0,0,26,18,230000,18,18,26,238914,11,5,26,253692,6,1,26,,,230000,230000,230000,0,8914,14778,8,0.0
100011203,Simione Laiafi,0,230000,230000,230000,,,,0,0,25,18,230000,18,22,25,237876,12,7,25,250839,8,3,25,,,230000,230000,230000,0,7876,12963,7,0.0
100011237,Michael Gabrael,0,230000,230000,230000,,,,0,0,24,18,230000,18,25,24,236710,13,11,24,247858,9,5,24,,,230000,230000,230000,0,6710,11148,6,0.0
100011247,Jye Linnane,0,230000,230000,230000,,,,0,0,26,18,230000,18,18,26,238914,11,5,26,253692,6,1,26,,,230000,230000,230000,0,8914,14778,8,0.0
100011249,Mitchell Woods,0,230000,230000,230000,,,,0,0,0,18,230000,18,2,0,230000,32,25,26,238914,22,33,26,,,230000,230000,230000,0,0,8914,-18,-0.0
100011328,Jonathan Sua,0,230000,230000,230000,,,,0,0,28,18,230000,18,13,28,241117,10,2,28,259395,3,1,28,,,230000,230000,230000,0,11117,18278,10,0.0
100011333,Toby Rodwell,0,230000,230000,230000,,,,0,0,26,18,239074,18,18,26,238914,11,11,0,238914,27,46,26,,,230000,230000,230000,9074,-160,0,8,1134.25
100011390,Max McCarthy,0,230000,230000,230000,,,,0,0,0,18,230000,18,2,0,230000,32,18,24,236710,23,46,24,,,230000,230000,230000,0,0,6710,-18,-0.0
100011721,Zaidas Muagututia,0,230000,230000,230000,,,,0,0,25,18,230000,18,22,25,237876,12,7,25,250839,8,3,25,,,230000,230000,230000,0,7876,12963,7,0.0
100011844,Coby Black,0,230000,230000,230000,,,,0,0,26,18,230000,18,18,26,238914,11,5,26,253692,6,1,26,,,230000,230000,230000,0,8914,14778,8,0.0
100011973,Brian Pouniu,0,230000,230000,230000,,,,0,0,25,18,238032,18,22,25,237876,12,7,25,250839,8,18,0,,,230000,230000,230000,8032,-156,12963,7,1147.43
100012106,Gabriel Satrick,0,230000,230000,230000,,,,0,0,25,18,230000,18,22,25,237876,12,7,25,250839,8,3,25,,,230000,230000,230000,0,7876,12963,7,0.0
100012114,LJ Nonu,0,230000,230000,230000,,,,0,0,0,18,230000,18,2,0,230000,32,18,24,236710,23,1,0,,,230000,230000,230000,0,0,6710,-18,-0.0
100013672,Kayliss Fatialofa,0,230000,230000,230000,,,,0,0,25,18,230000,18,22,25,237876,12,7,25,250839,8,3,25,,,230000,230000,230000,0,7876,12963,7,0.0
100013692,Hugo Peel,0,230000,230000,230000,,,,0,0,24,18,230000,18,25,24,236700,13,11,24,247848,9,5,24,,,,230000,230000,0,6700,11148,6,0.0
100013788,Onitoni Large,0,230000,230000,230000,,,,0,0,26,18,230000,18,18,26,238914,11,5,26,253692,6,1,26,,,230000,230000,230000,0,8914,14778,8,0.0
100014592,Elijah Rasmussen,0,230000,230000,230000,,,,0,0,25,18,230000,18,22,25,237876,12,7,25,250839,8,18,0,,,230000,230000,230000,0,7876,12963,7,0.0
