player_id,name,games_played,start_price,current_price,exact_price_r4,recent_s1,recent_s2,recent_s3,consistency,last_3_tog_avg,proj_score_fc,break_even_fc,proj_price_r5,be_r5,be_pct_r5,proj_score_r5,proj_price_r6,be_r6,be_pct_r6,proj_score_r6,proj_price_r7,be_r7,be_pct_r7,proj_score_r7,score_r3,score_r4,price_r2,price_r3,price_r4,delta_r4_to_r5,delta_r5_to_r6,delta_r6_to_r7,score_vs_be_r5,implied_ppp_r5
504120,Nathan Cleary,4,900000,903000,903000,75,60,92,54,80,71,65,903017,65,35,71,908763,65,37,70,911991,69,40,73,60,75,886000,902000,899000,17,5746,3228,6,2.83
508300,Herbie Farnworth,4,800000,787000,787000,67,57,67,57,80,57,57,782825,57,50,57,786610,61,1,0,786610,110,1,57,57,67,791000,792000,784000,-4175,3785,0,0,
502490,Nicholas Hynes,4,700000,757000,757000,69,63,39,59,80,61,50,759055,50,23,61,768276,52,30,60,773310,50,1,0,63,69,732000,737000,743000,2055,9221,5034,11,186.82
506460,Tanah Boyd,4,500000,750000,750000,58,86,76,31,80,60,30,757951,30,8,60,781936,41,20,59,792262,50,29,62,86,58,542000,611000,695000,7951,23985,10326,30,265.03
504074,Hudson Young,4,766000,739000,739000,48,71,40,62,80,57,62,752025,62,35,57,733528,60,44,62,736110,54,47,55,71,48,770000,752000,750000,13025,-18497,2582,-5,-2605.0
504274,Blayke Brailey,4,686000,732000,732000,51,76,52,69,80,54,50,738299,50,38,54,735460,55,47,56,735073,57,1,0,76,51,694000,699000,723000,6299,-2839,-387,4,1574.75
505582,Dylan Lucas,4,723000,731000,731000,62,59,52,68,77,53,52,724611,52,47,53,732059,56,47,55,730381,57,50,57,59,62,727000,726000,725000,-6389,7448,-1678,1,-6389.0
500534,Isaah Yeo,4,738000,726000,726000,53,65,54,59,62,56,55,733274,55,47,56,726684,55,47,56,727200,55,43,57,65,53,732000,726000,728000,7274,-6590,516,1,7274.0
505423,Jackson Ford,4,625000,720000,720000,50,81,74,41,75,56,40,727501,40,15,56,736984,45,26,55,743183,53,37,58,81,50,620000,645000,693000,7501,9483,6199,16,468.81
503528,Jaydn Su'A,4,633000,713000,713000,49,77,57,40,80,55,46,723116,46,27,55,723148,50,37,55,725990,54,39,58,77,49,644000,660000,696000,10116,32,2842,9,1124.0
501600,Damien Cook,4,629000,708000,708000,60,35,53,52,65,59,55,707339,55,40,59,711043,56,50,56,709365,53,40,57,35,60,675000,710000,707000,-661,3704,-1678,4,-165.25
505904,Harry Grant,4,645000,698000,698000,47,44,72,49,80,54,56,705223,56,44,54,694952,58,35,53,689530,59,29,52,44,47,659000,693000,702000,7223,-10271,-5422,-2,-3611.5
506603,Patrick Carrigan,4,684000,687000,687000,66,51,57,67,75,54,44,674163,44,14,54,697690,45,14,55,705695,46,23,53,51,66,677000,678000,674000,-12837,23527,8005,10,-1283.7
500826,Jahrome Hughes,4,635000,679000,679000,66,73,55,20,80,50,31,663325,31,18,50,698866,38,26,51,707905,46,48,47,73,66,623000,622000,646000,-15675,35541,9039,19,-825.0
510216,Reece Walsh,4,654000,668000,668000,82,50,69,24,80,57,27,642169,27,10,57,700412,26,9,58,726119,32,12,59,50,82,626000,628000,630000,-25831,58243,25707,30,-861.03
100007927,Thomas Jenkins,4,504000,668000,668000,75,80,31,8,80,52,19,640586,19,6,52,702954,30,20,48,713157,39,21,56,80,75,544000,562000,609000,-27414,62368,10203,33,-830.73
501459,Cameron Munster,4,639000,666000,666000,36,57,46,54,80,52,59,686464,59,30,52,657804,59,33,53,652771,55,36,50,57,36,660000,670000,680000,20464,-28660,-5033,-7,-2923.43
503685,Erin Clark,4,734000,664000,664000,34,58,53,27,55,49,63,686728,63,18,49,648597,60,35,54,644982,56,42,53,58,34,714000,698000,689000,22728,-38131,-3615,-14,-1623.43
505976,Isaiah Papali'i,4,607000,659000,659000,59,46,62,56,74,54,43,653066,43,20,54,671278,44,30,51,676187,47,27,55,46,59,614000,636000,644000,-5934,18212,4909,11,-539.45
500663,James Tedesco,4,684000,650000,650000,26,55,42,24,80,0,68,682251,68,1,0,650000,105,1,46,626204,93,1,50,55,26,692000,687000,682000,32251,-32251,-23796,-68,-474.28
502580,James Fisher-Harris,4,582000,649000,649000,46,55,49,49,51,54,48,658383,48,33,54,655524,48,44,46,651648,52,50,52,55,46,606000,626000,643000,9383,-2859,-3876,6,1563.83
505628,Stefano Utoikamanu,4,575000,647000,647000,46,59,66,61,59,50,42,652585,42,26,50,655458,45,38,49,656620,50,41,47,59,46,579000,605000,633000,5585,2873,1162,8,698.12
100006258,Isaiya Katoa,4,706000,647000,647000,48,50,46,77,80,46,55,647317,55,21,46,637461,55,1,0,637461,93,1,49,50,48,693000,676000,660000,317,-9856,0,-9,-35.22
100001736,Jordan Riki,4,611000,642000,642000,54,78,41,46,80,48,34,636167,34,16,48,656567,39,29,47,661606,45,42,48,78,54,604000,593000,618000,-5833,20400,5039,14,-416.64
502363,Jack Williams,4,634000,641000,641000,36,53,52,67,57,48,56,659872,56,19,48,631841,57,16,48,624092,56,19,48,53,36,640000,648000,653000,18872,-28031,-7749,-8,-2359.0
506018,Corey Horsburgh,4,664000,638000,638000,34,44,44,34,53,46,64,657545,64,8,46,618168,64,12,49,606290,59,16,46,44,34,676000,677000,665000,19545,-39377,-11878,-18,-1085.83
100007811,Kulikefu Finefeuiaki,4,484000,638000,638000,76,55,64,12,80,48,18,605184,18,3,48,670260,29,3,0,670260,78,5,52,55,76,502000,543000,581000,-32816,65076,0,30,-1093.87
100001936,Hamiso Tabuai-Fidow,4,617000,637000,637000,40,34,67,34,80,50,58,648133,58,30,50,628874,57,1,0,628874,95,1,55,34,40,626000,653000,650000,11133,-19259,0,-8,-1391.62
100006297,Sualauvi Faalogo,4,467000,631000,631000,54,50,80,19,79,41,30,626644,30,28,41,642294,45,37,51,645392,49,41,53,50,54,487000,548000,595000,-4356,15650,3098,11,-396.0
503340,Dylan Edwards,4,614000,627000,627000,22,65,38,22,80,46,61,661221,61,24,46,610737,62,25,48,599635,57,27,44,65,22,632000,633000,649000,34221,-50484,-11102,-15,-2281.4
500024,Daly Cherry-Evans,4,666000,624000,624000,64,44,59,14,80,0,38,614152,38,2,0,624000,77,8,51,637103,69,17,52,44,64,637000,627000,613000,-9848,9848,13103,-38,259.16
500449,Addin Fonua-Blake,4,661000,622000,622000,44,48,37,61,55,46,54,630100,54,28,46,612289,54,30,47,606352,52,1,0,48,44,664000,651000,637000,8100,-17811,-5937,-8,-1012.5
500555,Joseph Tapine,4,726000,622000,622000,57,44,40,40,47,45,50,614083,50,36,45,616599,48,47,47,616082,48,44,46,44,57,699000,665000,632000,-7917,2516,-517,-5,1583.4
506314,Beau Fermor,4,672000,622000,622000,31,43,52,70,80,50,63,642265,63,7,50,607337,58,18,50,601918,53,25,47,43,31,667000,665000,652000,20265,-34928,-5419,-13,-1558.85
506424,Tom Dearden,4,628000,601000,601000,48,48,29,33,80,49,49,601488,49,50,49,600515,46,45,44,597676,46,45,44,48,48,637000,622000,609000,488,-973,-2839,0,
100004373,Siua Wong,4,570000,601000,601000,59,55,48,26,80,0,32,583234,32,4,0,601000,73,9,49,619157,66,20,51,55,59,565000,567000,578000,-17766,17766,18157,-32,555.19
507949,Connelly Lemuelu,4,449000,600000,600000,58,68,49,20,80,47,21,587372,21,7,47,627581,29,5,0,627581,74,10,51,68,58,473000,504000,554000,-12628,40209,0,26,-485.69
100006390,Naufahu Whyte,4,638000,597000,597000,61,50,33,48,52,0,38,578797,38,1,0,597000,75,1,46,604811,67,3,43,50,61,628000,604000,589000,-18203,18203,7811,-38,479.03
500845,Valentine Holmes,4,643000,594000,594000,42,51,53,46,80,43,47,600664,47,36,43,589583,47,40,44,587129,50,24,42,51,42,618000,606000,601000,6664,-11081,-2454,-4,-1666.0
505894,Jake Clifford,4,561000,590000,590000,70,50,46,46,80,50,25,563437,25,4,50,616653,26,6,49,634866,30,10,49,50,70,554000,552000,557000,-26563,53216,18213,25,-1062.52
100009209,Keano Kini,4,600000,589000,589000,39,49,52,1,80,46,47,590047,47,48,46,587244,46,34,37,577302,54,28,41,49,39,592000,593000,595000,1047,-2803,-9942,-1,-1047.0
500485,Mitchell Moses,4,589000,587000,587000,27,68,48,31,80,51,47,616737,47,40,51,590475,42,33,49,596544,42,31,50,68,27,577000,573000,593000,29737,-26262,6069,4,7434.25
100018452,Mark Nawaqanitawase,4,612000,587000,587000,68,33,44,29,80,0,36,563018,36,3,0,587000,73,9,48,599425,64,21,49,33,68,605000,597000,575000,-23982,23982,12425,-36,666.17
504087,Scott Drinkwater,4,635000,579000,579000,56,66,33,13,80,45,33,571388,33,28,45,592257,32,26,45,602976,36,31,46,66,56,604000,567000,565000,-7612,20869,10719,12,-634.33
503240,Angus Crichton,4,638000,578000,578000,38,43,39,56,79,0,53,591341,53,1,0,578000,86,1,46,569407,73,1,46,43,38,631000,615000,598000,13341,-13341,-8593,-53,-251.72
505643,Jake Averillo,4,481000,576000,576000,66,62,47,37,80,43,17,553301,17,2,43,604013,25,2,0,604013,69,2,44,62,66,484000,497000,529000,-22699,50712,0,26,-873.04
506040,Braidon Burns,4,570000,572000,572000,68,27,62,45,80,46,31,542906,31,19,46,587660,31,26,42,594240,38,34,45,27,68,556000,566000,553000,-29094,44754,6580,15,-1939.6
507965,Kitione Kautoga,4,554000,566000,566000,60,63,31,42,80,42,26,549729,26,15,42,583107,30,14,47,596533,32,22,44,63,60,546000,529000,539000,-16271,33378,13426,16,-1016.94
505555,Lindsay Smith,4,670000,565000,565000,41,41,36,50,50,44,53,569968,53,17,44,555141,47,30,42,551269,46,34,42,41,41,648000,617000,587000,4968,-14827,-3872,-9,-552.0
504462,Sam Verrills,4,602000,558000,558000,38,42,32,51,60,41,51,563363,51,19,41,546795,51,19,41,539046,48,11,34,42,38,604000,591000,575000,5363,-16568,-7749,-10,-536.3
508009,Kotoni Staggs,4,573000,555000,555000,65,48,40,37,80,40,27,530192,27,20,40,569275,31,20,44,579997,34,28,43,48,65,554000,537000,532000,-24808,39083,10722,13,-1908.31
100008216,Joe Chan,4,311000,554000,554000,39,83,44,1,77,43,16,561539,16,7,43,582577,28,22,42,589416,37,41,41,83,39,360000,413000,501000,7539,21038,6839,27,279.22
502014,Jamayne Isaako,4,481000,551000,551000,73,65,24,1,80,45,12,517098,12,2,45,586117,17,15,0,586117,58,20,44,65,73,488000,479000,501000,-33902,69019,0,33,-1027.33
100001946,Heilum Luki,4,300000,546000,546000,56,54,59,44,80,66,12,539433,12,1,66,603577,7,1,53,638565,11,1,52,54,56,348000,419000,487000,-6567,64144,34988,54,-121.61
100006093,Isaiah Iongi,4,496000,544000,544000,21,24,67,27,68,0,57,572160,57,1,0,544000,91,1,42,527791,79,1,39,24,21,516000,560000,567000,28160,-28160,-16209,-57,-494.04
100008071,Dominic Young,4,440000,544000,544000,75,25,51,3,80,41,20,497678,20,10,41,566807,28,11,48,582175,28,18,43,25,75,464000,498000,504000,-46322,69129,15368,21,-2205.81
506682,Bradman Best,4,584000,542000,542000,43,35,48,53,80,41,44,551025,44,42,41,537987,43,45,41,536051,44,42,41,35,43,570000,565000,551000,9025,-13038,-1936,-3,-3008.33
505985,Zac Hosking,4,648000,541000,541000,32,34,37,43,37,48,57,553864,57,23,48,530231,47,28,40,525198,45,40,42,34,32,631000,607000,574000,12864,-23633,-5033,-9,-1429.33
100006323,Noah Martin,4,250000,540000,540000,53,51,60,1,80,41,12,527822,12,12,41,570558,28,15,54,590304,26,19,48,51,53,316000,403000,479000,-12178,42736,19746,29,-419.93
504597,Phoenix Crossland,4,498000,538000,538000,52,48,31,54,79,41,31,527637,31,16,41,547874,35,25,42,552264,36,25,43,48,52,512000,514000,521000,-10363,20237,4390,10,-1036.3
503327,Connor Watson,4,622000,537000,537000,69,45,36,12,59,0,26,512435,26,5,0,537000,58,19,44,556419,53,28,44,45,69,581000,542000,519000,-24565,24565,19419,-26,944.81
503639,Nat Butcher,4,532000,537000,537000,41,28,34,26,34,0,49,542978,49,1,0,537000,82,1,41,528533,70,2,43,28,41,555000,563000,549000,5978,-5978,-8467,-49,-122.0
506513,Tino Fa'asuamaleaui,4,668000,537000,537000,35,33,30,19,48,42,58,551016,58,18,42,519751,51,22,38,510188,49,43,46,33,35,648000,613000,571000,14016,-31265,-9563,-16,-876.0
508649,KL Iro,4,628000,536000,536000,28,46,32,38,80,38,55,553988,55,12,38,517812,52,20,40,508902,49,1,0,46,28,612000,584000,564000,17988,-36176,-8910,-17,-1058.12
100006241,Hamish Stewart,4,442000,531000,531000,71,51,37,15,55,44,13,495057,13,3,44,564859,18,9,40,580363,26,16,42,51,71,451000,461000,482000,-35943,69802,15504,31,-1159.45
503523,Jacob Saifiti,4,451000,529000,529000,67,38,41,51,49,44,20,497504,20,5,44,554542,24,14,40,565395,30,16,45,38,67,466000,483000,493000,-31496,57038,10853,24,-1312.33
504321,Braydon Trindall,4,416000,528000,528000,53,50,26,21,80,41,26,515427,26,12,41,544030,33,26,41,548678,34,1,0,50,53,456000,475000,499000,-12573,28603,4648,15,-838.2
505736,Morgan Knowles,4,550000,526000,526000,38,41,32,74,58,39,45,528254,45,12,39,519474,45,1,0,519474,75,1,39,41,38,553000,545000,535000,2254,-8780,0,-6,-375.67
506156,Tom Gilbert,4,513000,525000,525000,33,48,58,27,50,41,38,533309,38,41,41,527772,38,1,0,527772,74,1,38,48,33,498000,508000,523000,8309,-5537,0,3,2769.67
503922,Sione Katoa,4,468000,524000,524000,38,35,45,26,80,40,40,528076,40,50,40,522915,43,41,40,518786,43,1,0,35,38,490000,515000,523000,4076,-5161,-4129,0,
504298,Mat Croker,4,500000,522000,522000,49,53,34,50,56,39,29,509444,29,17,39,532668,32,25,39,536801,36,39,39,53,49,499000,494000,504000,-12556,23224,4133,10,-1255.6
508443,Murray Taulagi,4,508000,520000,520000,34,54,23,47,80,40,41,532122,41,47,40,518539,42,47,41,517635,40,44,38,54,34,523000,515000,522000,12122,-13583,-904,-1,-12122.0
500687,Junior Paulo,4,593000,518000,518000,27,41,32,62,51,39,53,534580,53,10,39,502183,50,16,39,494177,46,26,39,41,27,584000,564000,545000,16580,-32397,-8006,-14,-1184.29
502072,Jesse Ramien,4,479000,516000,516000,37,32,35,54,80,41,44,522000,44,39,41,512310,45,25,38,505595,43,1,0,32,37,507000,523000,522000,6000,-9690,-6715,-3,-2000.0
100010997,Will Warbrick,4,426000,515000,515000,76,28,58,1,80,42,12,469565,12,8,42,547468,17,15,39,562320,27,22,43,28,76,428000,457000,467000,-45435,77903,14852,30,-1514.5
500459,Luciano Leilua,4,430000,513000,513000,41,57,42,36,70,40,27,514035,27,12,40,527286,31,23,39,531937,36,33,41,57,41,440000,457000,489000,1035,13251,4651,13,79.62
100004700,Daniel Atkinson,4,450000,511000,511000,25,39,44,1,80,34,46,524465,46,21,34,498291,52,10,33,480979,54,7,32,39,25,476000,503000,519000,13465,-26174,-17312,-12,-1122.08
100000129,Simi Sasagi,4,374000,510000,510000,58,36,65,41,77,47,16,488636,16,2,47,542935,18,3,47,565132,22,10,42,36,58,387000,435000,468000,-21364,54299,22197,31,-689.16
504072,Tom Starling,4,571000,508000,508000,33,22,36,45,52,34,54,513226,54,3,34,485769,55,4,36,470790,51,8,36,22,33,574000,567000,537000,5226,-27457,-14979,-20,-261.3
100008940,Jaxon Purdue,4,468000,508000,508000,35,63,48,35,80,40,28,510311,28,18,40,520679,30,25,39,527008,36,50,36,63,35,455000,459000,490000,2311,10368,6329,12,192.58
501247,Josh King,4,505000,504000,504000,30,32,50,51,56,40,46,513905,46,26,40,497675,44,26,38,492508,44,10,32,32,30,506000,519000,516000,9905,-16230,-5167,-6,-1650.83
100013751,Savelio Tamale,4,468000,503000,503000,50,57,25,1,80,41,24,489168,24,15,41,520876,26,31,34,524751,33,29,42,57,50,473000,464000,479000,-13832,31708,3875,17,-813.65
100013674,Leka Halasima,4,498000,502000,502000,16,41,69,1,75,43,47,530201,47,41,43,497531,42,31,33,488617,50,22,36,41,16,480000,502000,517000,28201,-32670,-8914,-4,-7050.25
504123,Wayde Egan,4,584000,498000,498000,32,39,31,36,65,35,48,504564,48,14,35,483779,47,26,39,479127,43,28,36,39,32,567000,541000,519000,6564,-20785,-4652,-13,-504.92
500043,Dane Gagai,4,532000,497000,497000,51,14,43,34,80,39,41,484057,41,44,39,494950,39,47,40,495983,37,44,35,14,51,532000,534000,504000,-12943,10893,1033,-2,6471.5
507846,Kaeo Weekes,4,467000,496000,496000,41,58,24,1,80,40,29,495768,29,30,40,507228,30,39,36,510066,34,42,38,58,41,474000,466000,482000,-232,11460,2838,11,-21.09
100006524,Ethan Strange,4,508000,496000,496000,34,42,52,21,80,38,37,505094,37,48,38,496635,37,36,44,503735,35,46,37,42,34,490000,493000,497000,9094,-8459,7100,1,9094.0
100004843,Sam Walker,4,570000,495000,495000,42,26,42,14,79,0,43,489325,43,1,0,495000,70,3,38,488800,62,9,40,26,42,551000,537000,509000,-5675,5675,-6200,-43,131.98
506278,Moeaki Fotuaika,4,566000,493000,493000,33,30,29,41,39,38,50,502724,50,18,38,479689,46,38,42,478011,39,44,37,30,33,563000,545000,518000,9724,-23035,-1678,-12,-810.33
504065,Sam McIntyre,4,458000,492000,492000,41,17,47,16,80,36,41,485507,41,33,36,485932,44,22,35,476902,44,27,37,17,41,479000,506000,497000,-6493,425,-9030,-5,1298.6
501271,Luke Garner,4,510000,490000,490000,16,23,47,35,47,36,58,517481,58,8,36,465806,56,17,41,454706,48,17,33,23,16,521000,537000,525000,27481,-51675,-11100,-22,-1249.14
100001349,Chris Randall,4,487000,487000,487000,41,40,47,44,50,40,32,488575,32,31,40,495388,31,23,43,506115,30,31,38,40,41,474000,476000,480000,1575,6813,10727,8,196.88
505460,Reed Mahoney,4,489000,486000,486000,13,34,36,1,60,39,56,517252,56,16,39,467109,53,22,40,457684,45,36,39,34,13,508000,520000,518000,31252,-50143,-9425,-17,-1838.35
504325,Greg Marzhew,4,527000,485000,485000,27,35,31,72,80,40,49,499749,49,26,40,475276,44,42,41,474243,38,42,35,35,27,529000,520000,507000,14749,-24473,-1033,-9,-1638.78
100003925,Ethan Sanders,4,350000,483000,483000,43,52,34,47,80,42,21,485030,21,2,42,505191,25,5,42,517714,25,4,43,52,43,383000,413000,452000,2030,20161,12523,21,96.67
500622,Tyson Frizell,4,479000,481000,481000,54,36,35,64,38,42,26,467973,26,7,42,498003,24,4,43,513901,23,3,43,36,54,474000,470000,464000,-13027,30030,15898,16,-814.19
100011678,Casey McLean,4,480000,479000,479000,71,28,44,39,80,41,15,442277,15,3,41,505950,15,3,41,526080,19,5,42,28,71,462000,459000,447000,-36723,63673,20130,26,-1412.42
100006166,Morgan Smithies,4,487000,476000,476000,35,36,31,69,36,39,40,479992,40,46,39,474899,37,46,38,475415,35,43,37,36,35,493000,489000,483000,3992,-5093,516,-1,-3992.0
501461,Moses Leota,4,501000,469000,469000,37,49,31,61,43,35,33,468797,33,41,35,471485,33,41,35,473165,35,33,39,49,37,485000,466000,466000,-203,2688,1680,2,-101.5
100006848,Blaize Talagi,4,435000,468000,468000,27,50,40,47,80,35,34,479578,34,46,35,468847,36,43,38,470138,36,26,29,50,27,436000,444000,465000,11578,-10731,1291,1,11578.0
504426,Emre Guler,4,440000,467000,467000,39,52,23,50,49,38,28,474244,28,16,38,477156,29,21,37,482832,30,18,39,52,39,448000,442000,455000,7244,2912,5676,10,724.4
506259,AJ Brimson,4,542000,466000,466000,29,33,39,37,80,37,45,478415,45,29,37,457283,40,27,31,449408,43,42,40,33,29,521000,505000,486000,12415,-21132,-7875,-8,-1551.88
100004272,Jesse Colquhoun,4,347000,466000,466000,42,43,53,35,50,35,19,465276,19,8,35,482418,27,22,36,487578,32,1,0,43,42,361000,399000,436000,-724,17142,5160,16,-45.25
501781,Lindsay Collins,4,463000,465000,465000,40,27,35,66,51,0,37,458595,37,1,0,465000,66,1,36,463927,58,1,36,27,40,472000,477000,467000,-6405,6405,-1073,-37,173.11
100004042,Paul Alamoti,4,517000,465000,465000,42,38,31,36,80,41,34,460802,34,30,41,472230,28,30,35,477266,31,41,34,38,42,500000,480000,466000,-4198,11428,5036,7,-599.71
500301,Jason Taumalolo,4,439000,461000,461000,39,43,33,75,49,39,29,462115,29,11,39,471148,28,11,38,478502,29,9,40,43,39,442000,443000,452000,1115,9033,7354,10,111.5
505410,Brian To'o,4,533000,458000,458000,8,28,54,15,78,35,57,494478,57,6,35,433994,51,15,36,423154,47,15,32,28,8,512000,512000,499000,36478,-60484,-10840,-22,-1658.09
100004865,Jack Howarth,4,452000,458000,458000,10,31,51,34,65,0,51,488008,51,1,0,458000,78,1,33,438302,70,1,33,31,10,457000,478000,484000,30008,-30008,-19698,-51,-588.39
500005,Roger Tuivasa-Sheck,4,559000,457000,457000,22,27,20,18,80,35,55,477629,55,6,35,434387,50,12,35,423679,42,35,37,27,22,557000,532000,497000,20629,-43242,-10708,-20,-1031.45
505414,Mitch Kenny,4,521000,455000,455000,19,34,41,35,72,32,48,477300,48,11,32,437053,47,16,34,427628,45,14,31,34,19,504000,494000,482000,22300,-40247,-9425,-16,-1393.75
100004649,Selwyn Cobbo,4,454000,452000,452000,34,48,29,40,80,38,31,458406,31,28,38,459445,29,1,0,459445,59,2,33,48,34,449000,440000,447000,6406,1039,0,7,915.14
500083,Dylan Walker,4,448000,448000,448000,41,37,23,67,49,36,31,443144,31,20,36,452854,31,16,37,457759,29,9,37,37,41,456000,449000,444000,-4856,9710,4905,5,-971.2
100009453,Arama Hau,4,250000,447000,447000,87,52,35,1,80,37,-19,378032,-19,1,37,507006,-6,2,43,544466,2,4,43,52,87,271000,302000,352000,-68968,128974,37460,56,-1231.57
100003194,Christian Tuipulotu,4,507000,445000,445000,18,43,30,2,77,33,46,466998,46,24,33,431225,43,31,34,425026,40,33,32,43,18,493000,475000,468000,21998,-35773,-6199,-13,-1692.15
500265,Kodi Nikorima,4,495000,444000,444000,31,46,23,2,80,36,36,452896,36,50,36,443656,32,4,0,443656,59,9,35,46,31,482000,458000,452000,8896,-9240,0,0,
500406,Corey Jensen,4,407000,444000,444000,54,41,51,31,52,33,12,425001,12,1,33,465940,18,2,37,481174,24,14,34,41,54,386000,393000,409000,-18999,40939,15234,21,-904.71
510238,Thomas Hazelton,4,457000,443000,443000,36,44,22,51,41,33,32,445458,32,47,33,444207,33,28,40,451572,28,1,0,44,36,456000,442000,441000,2458,-1251,7365,1,2458.0
100003898,Ryley Smith,4,473000,441000,441000,22,42,38,56,51,34,39,461584,39,32,34,434879,37,42,35,433459,36,46,35,42,22,459000,452000,453000,20584,-26705,-1420,-5,-4116.8
100008236,Jermaine McEwen,4,412000,441000,441000,55,32,30,52,80,36,19,425599,19,8,36,458218,21,20,31,463636,27,28,34,32,55,417000,419000,418000,-15401,32619,5418,17,-905.94
504411,Bailey Simonsson,4,468000,440000,440000,46,40,23,54,80,37,27,426572,27,23,37,451230,24,23,34,458723,26,23,36,40,46,459000,439000,431000,-13428,24658,7493,10,-1342.8
505413,Billy Burns,4,438000,436000,436000,44,38,23,25,74,36,27,431929,27,26,36,445776,26,22,37,454810,25,4,0,38,44,440000,430000,426000,-4071,13847,9034,9,-452.33
504363,Kyle Flanagan,4,533000,432000,432000,15,19,26,31,74,0,58,451504,58,1,0,432000,78,1,33,404559,64,1,31,19,15,531000,514000,478000,19504,-19504,-27441,-58,-336.28
100004534,Ezra Mam,4,475000,432000,432000,36,28,33,3,80,29,36,428782,36,33,29,424517,38,36,32,420254,37,31,29,28,36,465000,455000,439000,-3218,-4265,-4263,-7,459.71
500002,Daniel Tupou,4,486000,429000,429000,45,20,32,36,80,0,33,419160,33,1,0,429000,58,1,35,430558,49,9,35,20,45,474000,461000,434000,-9840,9840,1558,-33,298.18
500257,Ben Hunt,4,463000,428000,428000,16,43,25,42,47,41,43,456012,43,42,41,424829,34,39,37,427926,30,25,37,43,16,462000,450000,449000,28012,-31183,3097,-2,-14006.0
509579,Sandon Smith,4,439000,428000,428000,50,32,34,28,80,33,22,405526,22,24,33,439709,23,26,33,446932,26,35,32,32,50,427000,419000,413000,-22474,34183,7223,11,-2043.09
510220,Xavier Savage,4,316000,427000,427000,49,33,35,1,80,33,16,406800,16,17,33,444938,23,31,32,449842,27,41,31,33,49,344000,373000,395000,-20200,38138,4904,17,-1188.24
505918,Phillip Sami,4,513000,426000,426000,47,40,17,26,80,34,27,413409,27,32,34,433016,24,21,36,443987,23,17,37,40,47,487000,446000,423000,-12591,19607,10971,7,-1798.71
100004833,Xavier Willison,4,468000,419000,419000,50,21,37,19,50,35,26,400837,26,27,35,428228,23,27,32,434935,26,27,35,21,50,448000,436000,414000,-18163,27391,6707,9,-2018.11
500405,Coen Hess,4,462000,418000,418000,20,30,26,42,38,33,45,437964,45,13,33,404893,41,20,32,397923,37,39,34,30,20,464000,455000,442000,19964,-33071,-6970,-12,-1663.67
100010109,Klese Haas,4,430000,417000,417000,35,28,42,39,35,30,30,418949,30,50,30,416250,32,47,31,415088,34,41,31,28,35,419000,421000,417000,1949,-2699,-1162,0,
504279,William Kennedy,4,421000,413000,413000,44,22,24,46,80,31,29,398683,29,43,31,414248,31,46,32,414764,29,1,0,22,44,430000,427000,411000,-14317,15565,516,2,-7158.5
100008220,Jojo Fifita,4,451000,413000,413000,46,27,33,26,80,37,25,397802,25,15,37,424930,21,17,32,433315,24,19,34,27,46,435000,422000,407000,-15198,27128,8385,12,-1266.5
500852,Scott Sorensen,4,495000,412000,412000,14,39,23,11,29,32,46,434259,46,17,32,396133,41,21,29,386588,39,30,31,39,14,481000,456000,442000,22259,-38126,-9545,-14,-1589.93
509762,Sean Russell,4,364000,412000,412000,45,26,25,41,80,32,24,398461,24,18,32,420234,27,21,34,424880,26,24,32,26,45,386000,398000,398000,-13539,21773,4646,8,-1692.38
500729,Clinton Gutherson,4,503000,409000,409000,7,36,27,19,75,31,52,445850,52,8,31,386288,46,20,33,377646,40,32,33,36,7,488000,465000,449000,36850,-59562,-8642,-21,-1754.76
100006683,Josiah Karapani,4,505000,404000,404000,21,28,21,16,80,26,46,415411,46,12,26,381996,45,19,30,371285,40,26,29,28,21,492000,464000,435000,11411,-33415,-10711,-20,-570.55
509559,Samuel Stonestreet,4,370000,403000,403000,31,38,36,23,80,32,25,400244,25,30,32,409677,26,30,33,414319,27,2,0,38,31,371000,380000,394000,-2756,9433,4642,7,-393.71
504678,Egan Butcher,4,440000,400000,400000,2,31,37,28,29,0,52,437675,52,1,0,400000,72,1,29,375845,63,1,33,31,2,438000,440000,436000,37675,-37675,-24155,-52,-724.52
505564,Lachlan Ilias,4,442000,392000,392000,28,8,39,35,55,28,42,398622,42,9,28,376952,41,11,28,366872,39,17,29,8,28,438000,442000,414000,6622,-21670,-10080,-14,-473.0
506492,Cory Paix,4,409000,389000,389000,43,39,24,43,67,28,19,375121,19,20,28,398275,22,22,30,404863,25,28,31,39,43,394000,376000,374000,-13879,23154,6588,9,-1542.11
504460,Oregon Kaufusi,4,435000,378000,378000,27,20,25,34,26,28,38,383498,38,15,28,366968,36,23,29,361932,33,1,0,20,27,431000,419000,396000,5498,-16530,-5036,-10,-549.8
100004869,Griffin Neame,4,475000,377000,377000,19,30,26,25,39,31,41,393036,41,20,31,366278,34,34,29,363437,32,40,29,30,19,451000,424000,402000,16036,-26758,-2841,-10,-1603.6
100007650,Deine Mariner,4,421000,376000,376000,34,36,22,1,80,30,26,370982,26,40,30,380195,24,38,29,384458,25,31,33,36,34,405000,383000,375000,-5018,9213,4263,4,-1254.5
504148,Sebastian Kris,4,421000,372000,372000,38,23,20,1,80,27,28,359799,28,47,27,369923,28,44,26,367343,29,44,27,23,38,415000,397000,376000,-12201,10124,-2580,-1,12201.0
100012134,Jacob Laban,4,335000,371000,371000,50,39,35,1,58,34,6,342183,6,3,34,400780,6,5,31,419896,13,16,28,39,50,320000,320000,335000,-28817,58597,19116,28,-1029.18
507680,Tyran Wishart,4,398000,363000,363000,12,26,17,10,33,28,44,395647,44,16,28,345861,41,16,25,332946,37,29,28,26,12,410000,403000,391000,32647,-49786,-12915,-16,-2040.44
509524,Jonah Pezet,4,400000,359000,359000,27,26,35,1,80,26,29,358044,29,39,26,355353,29,39,26,353029,31,26,24,26,27,381000,374000,365000,-956,-2691,-2324,-3,318.67
100018554,Moses Leo,4,250000,349000,349000,11,16,28,1,75,29,38,369330,38,33,29,339450,39,35,31,332865,31,46,29,16,11,303000,347000,361000,20330,-29880,-6585,-9,-2258.89
503533,Josh Kerr,4,379000,346000,346000,29,18,29,58,24,27,30,344181,30,35,27,342743,28,45,29,344163,26,35,29,18,29,373000,369000,354000,-1819,-1438,1420,-3,606.33
100004109,Ata Mariota,4,368000,343000,343000,26,19,28,62,31,25,30,345061,30,26,25,336605,30,31,26,332865,29,35,26,19,26,366000,365000,353000,2061,-8456,-3740,-5,-412.2
500600,Matthew Lodge,4,378000,337000,337000,16,33,24,29,29,26,32,352938,32,32,26,330162,30,44,28,329775,27,44,29,33,16,367000,354000,350000,15938,-22776,-387,-6,-2656.33
500598,Felise Kaufusi,4,351000,336000,336000,27,20,30,22,38,29,28,337927,28,46,29,337371,25,1,0,337371,46,2,27,20,27,347000,348000,340000,1927,-556,0,1,1927.0
100002660,Brad Schneider,4,335000,336000,336000,2,20,34,1,31,26,44,367763,44,17,26,317236,41,1,0,317236,58,3,24,20,2,347000,364000,364000,31763,-50527,0,-18,-1764.61
504326,Toby Rudolf,4,345000,326000,326000,30,28,23,9,33,30,22,328485,22,25,30,334611,18,25,26,341066,19,5,0,28,30,336000,327000,323000,2485,6126,6455,8,310.62
500532,Dallin Watene-Zelezniak,4,309000,324000,324000,15,28,40,3,80,30,27,342851,27,42,30,327269,23,32,30,333848,21,30,29,28,15,302000,316000,328000,18851,-15582,6579,3,6283.67
502016,Jayden Brailey,4,445000,307000,307000,13,24,8,1,28,26,41,327238,41,21,26,291153,32,29,22,284950,28,37,22,24,13,421000,378000,342000,20238,-36085,-6203,-15,-1349.2
100008234,Salesi Foketi,4,393000,299000,299000,13,33,15,1,25,0,32,306320,32,2,0,299000,45,7,22,288323,40,17,25,33,13,367000,334000,319000,7320,-7320,-10677,-32,-228.75
100014118,Sialetili Faeamani,4,230000,299000,299000,18,26,33,57,80,27,20,311440,20,11,27,306415,20,11,27,311963,19,8,27,26,18,244000,270000,292000,12440,-5025,5548,7,1777.14
100008487,Billy Phillips,4,250000,298000,298000,35,17,32,54,40,30,13,288895,13,1,30,316078,11,1,29,330939,11,1,28,17,35,256000,274000,280000,-9105,27183,14861,17,-535.59
505648,Kurtis Morrin,4,250000,291000,291000,23,30,30,53,39,25,15,294698,15,11,25,301367,16,20,23,306536,19,24,25,30,23,249000,261000,278000,3698,6669,5169,10,369.8
100013815,Cooper Clarke,4,230000,289000,289000,19,25,23,51,38,26,20,298986,20,17,26,294862,20,17,26,299510,18,10,26,25,19,250000,268000,284000,9986,-4124,4648,6,1664.33
509563,Samuel Healey,4,350000,287000,287000,12,21,20,1,23,31,33,304435,33,46,31,284633,22,40,27,290179,17,35,25,21,12,339000,324000,309000,17435,-19802,5546,-2,-8717.5
500901,Tui Kamikamica,4,255000,282000,282000,14,21,30,23,33,26,24,294952,24,40,26,283446,22,35,25,286283,20,40,22,21,14,262000,277000,286000,12952,-11506,2837,2,6476.0
504079,Pasami Saulo,4,250000,282000,282000,39,16,27,46,31,24,9,271411,9,6,24,297225,11,5,27,310372,10,1,33,16,39,252000,261000,262000,-10589,25814,13147,15,-705.93
504573,Ben Talty,4,320000,281000,281000,30,20,13,41,27,31,20,270871,20,12,31,292474,12,14,22,300476,13,20,21,20,30,314000,297000,281000,-10129,21603,8002,11,-920.82
100014512,Cooper Bai,4,250000,278000,278000,27,19,32,57,26,24,15,276299,15,4,24,287365,15,4,24,294327,16,6,24,19,27,248000,261000,268000,-1701,11066,6962,9,-189.0
504175,Siosifa Talakai,4,344000,272000,272000,18,18,14,24,23,23,29,280974,29,29,23,265252,24,46,23,265897,20,4,0,18,18,332000,311000,290000,8974,-15722,645,-6,-1495.67
100006658,Tallyn Da Silva,4,250000,271000,271000,12,44,10,1,29,22,18,285001,18,37,22,274889,18,37,22,277598,18,37,22,44,12,254000,246000,267000,14001,-10112,2709,4,3500.25
505631,Matt Doorey,4,297000,253000,253000,19,23,15,48,29,0,21,254845,21,1,0,253000,35,2,19,250339,31,7,19,23,19,285000,269000,259000,1845,-1845,-2661,-21,-87.86
504300,Payne Haas,3,950000,906000,906000,67,75,56,66,69,0,75,906000,75,1,0,906000,129,1,71,901307,112,1,64,67,,931000,920000,906000,0,0,-4693,-75,-0.0
508065,Terrell May,3,930000,862000,862000,51,61,62,65,55,62,84,878546,84,8,62,837452,83,16,68,827124,75,30,67,61,51,930000,919000,897000,16546,-41094,-10328,-22,-752.09
502502,Latrell Mitchell,3,723000,760000,760000,56,56,75,62,80,60,56,760000,56,40,60,763936,57,43,60,765615,59,50,59,56,,743000,757000,760000,0,3936,1679,4,0.0
507878,Jacob Preston,3,720000,725000,725000,31,55,74,56,83,55,69,759501,69,14,55,709044,69,16,56,698976,67,20,56,55,31,740000,740000,749000,34501,-50457,-10068,-14,-2464.36
100008107,Kai Pearce-Paul,3,695000,721000,721000,69,53,61,61,80,50,45,705637,45,32,50,726579,53,46,54,726708,56,39,53,53,69,695000,703000,704000,-15363,20942,129,5,-3072.6
504176,Cameron Murray,3,725000,709000,709000,49,54,55,37,67,50,60,709000,60,26,50,698178,63,13,45,681902,68,10,48,49,,723000,721000,709000,0,-10822,-16276,-10,-0.0
505811,Adam Doueihi,3,557000,675000,675000,75,47,82,22,78,55,25,666301,25,8,55,706900,32,19,51,718652,43,37,50,47,75,557000,599000,628000,-8699,40599,11752,30,-289.97
504174,Keaon Koloamatangi,3,704000,672000,672000,48,47,50,67,71,50,59,672000,59,28,50,662203,58,28,49,654329,58,28,49,48,,699000,688000,672000,0,-9797,-7874,-9,-0.0
501505,Tom Trbojevic,3,600000,668000,668000,55,57,67,30,81,66,39,668171,39,9,66,696013,33,18,52,709177,40,23,55,,55,622000,648000,648000,171,27842,13164,27,6.33
502532,Alex Twal,3,570000,655000,655000,78,61,55,63,64,54,21,622948,21,1,54,690562,27,2,54,711108,33,7,53,61,78,570000,582000,605000,-32052,67614,20546,33,-971.27
501175,Jamal Fogarty,3,687000,652000,652000,49,49,43,52,81,48,55,654208,55,26,48,643832,55,20,46,635571,56,23,48,,49,676000,664000,664000,2208,-10376,-8261,-7,-315.43
500408,Viliame Kikau,3,628000,649000,649000,56,28,74,36,81,49,49,640170,49,50,49,648446,52,41,49,645346,54,33,48,28,56,655000,655000,648000,-8830,8276,-3100,0,
100011308,Toby Couchman,3,691000,638000,638000,33,34,56,31,47,38,69,638000,69,2,38,604477,73,2,41,578134,72,2,42,33,,693000,675000,638000,0,-33523,-26343,-31,-0.0
509397,Matt Burton,3,549000,633000,633000,66,73,47,39,83,55,22,616896,22,1,55,668790,25,2,55,692435,29,6,51,73,66,554000,554000,588000,-16104,51894,23645,33,-488.0
510577,Samuela Fainu,3,517000,633000,633000,42,65,76,54,80,48,34,640891,34,17,48,647749,42,32,49,651234,49,42,46,65,42,517000,556000,606000,7891,6858,3485,14,563.64
504397,Max King,3,643000,622000,622000,37,43,54,61,51,49,57,634824,57,26,49,612373,55,29,48,607081,53,35,48,43,37,647000,647000,640000,12824,-22451,-5292,-8,-1603.0
508033,Haumole Olakau'atu,3,608000,618000,618000,54,41,54,13,79,45,44,615607,44,48,45,618464,48,48,47,617430,49,48,48,,54,615000,614000,614000,-2393,2857,-1034,1,-2393.0
100004133,Jacob Kiraz,3,664000,618000,618000,49,17,61,27,83,44,60,612362,60,19,44,600655,60,20,45,588900,58,17,41,17,49,674000,674000,641000,-5638,-11707,-11755,-16,352.38
506628,Kelma Tuilagi,3,495000,590000,590000,47,48,73,32,78,45,32,583867,32,20,45,603756,39,33,46,607890,45,45,43,48,47,495000,533000,565000,-6133,19889,4134,13,-471.77
500086,Adam Reynolds,3,639000,585000,585000,46,65,13,20,78,43,46,582829,46,43,43,582018,45,48,44,581372,43,43,46,,46,599000,591000,591000,-2171,-811,-646,-3,723.67
100007336,Lachlan Galvin,3,535000,585000,585000,54,30,70,35,83,48,38,577661,38,24,48,596261,39,28,47,602076,42,36,47,30,54,566000,566000,571000,-7339,18600,5815,10,-733.9
507062,Briton Nikora,3,555000,579000,579000,55,60,35,21,80,0,31,579000,31,2,0,579000,70,4,44,592355,65,1,0,55,,546000,559000,579000,0,0,13355,-31,-0.0
100008243,Robert Toia,3,552000,568000,568000,57,58,32,51,79,0,30,554826,30,3,0,568000,68,8,46,585204,60,18,46,58,57,552000,540000,547000,-13174,13174,17204,-30,439.13
509634,Tolutau Koula,3,515000,563000,563000,60,16,73,18,81,48,35,544747,35,17,48,576707,35,21,46,584717,38,33,44,,60,551000,549000,549000,-18253,31960,8010,13,-1404.08
500109,Apisai Koroisau,3,583000,544000,544000,49,39,31,63,76,45,43,541639,43,45,45,546200,39,35,45,551883,36,26,46,39,49,583000,568000,549000,-2361,4561,5683,2,-1180.5
502015,Connor Tracey,3,500000,541000,541000,32,66,41,25,83,40,35,552542,35,38,40,545494,39,50,39,543300,44,48,45,66,32,502000,502000,531000,11542,-7048,-2194,5,2308.4
507850,Ben Trbojevic,3,504000,538000,538000,49,52,40,46,81,43,30,528908,30,17,43,551716,32,31,39,555462,38,31,45,,49,505000,520000,520000,-9092,22808,3746,13,-699.38
507915,Trey Mooney,3,450000,538000,538000,29,53,66,1,48,44,35,547779,35,30,44,547414,38,45,40,547156,44,45,46,29,,484000,526000,538000,9779,-365,-258,9,1086.56
508062,Stephen Crichton,3,523000,523000,523000,32,47,41,62,83,41,43,531504,43,44,41,520707,42,44,40,518640,43,41,40,47,32,523000,523000,529000,8504,-10797,-2067,-2,-4252.0
100002172,Max Plath,3,560000,522000,522000,46,27,39,24,59,37,44,516291,44,34,37,513743,45,1,0,513743,75,3,43,27,46,560000,555000,532000,-5709,-2548,0,-7,815.57
100009148,Jye Gray,3,500000,521000,521000,68,37,36,43,76,43,22,521000,22,8,43,543567,23,4,50,566022,20,5,45,68,,497000,493000,521000,0,22567,22455,21,0.0
504251,Taniela Paseka,3,500000,516000,516000,36,38,49,52,56,39,41,522228,41,42,39,514237,42,39,39,511395,43,39,40,,36,511000,518000,518000,6228,-7991,-2842,-2,-3114.0
506482,David Fifita,3,500000,516000,516000,51,43,37,1,77,47,31,516000,31,20,47,533930,27,24,41,544531,30,16,49,51,,498000,502000,516000,0,17930,10601,16,0.0
509529,Tallis Duncan,3,551000,516000,516000,39,23,45,33,65,41,49,516000,49,34,41,507448,45,36,38,501508,44,40,39,39,,553000,534000,516000,0,-8552,-5940,-8,-0.0
504374,Reuben Cotter,3,569000,513000,513000,22,38,35,55,61,39,57,537138,57,2,39,493843,53,9,41,486218,47,25,41,38,22,559000,559000,544000,24138,-43295,-7625,-18,-1341.0
508629,Jake Simpkin,3,509000,502000,502000,37,24,51,18,63,42,44,507329,44,45,42,499271,41,47,40,498755,39,45,37,,37,521000,513000,513000,5329,-8058,-516,-2,-2664.5
507833,Peter Mamouzelos,3,540000,500000,500000,31,30,39,46,53,38,50,500000,50,15,38,486971,47,19,37,478969,45,22,36,31,,537000,522000,500000,0,-13029,-8002,-12,-0.0
503450,Tevita Tatola,3,463000,493000,493000,45,41,42,59,53,40,29,493000,29,12,40,504317,31,14,41,512582,31,17,40,45,,469000,480000,493000,0,11317,8265,11,0.0
501559,Charnze Nicoll-Klokstad,3,481000,486000,486000,40,32,43,30,76,44,37,485454,37,35,44,493725,32,37,38,497990,34,39,39,,40,487000,486000,486000,-546,8271,4265,7,-78.0
100012669,Jahream Bula,3,499000,486000,486000,52,31,33,38,80,37,32,468166,32,34,37,491473,33,34,38,495479,33,40,36,31,52,499000,493000,479000,-17834,23307,4006,5,-3566.8
504315,Thomas Flegler,3,500000,481000,481000,38,20,46,38,34,41,43,482606,43,42,41,478346,39,1,0,478346,68,1,35,,38,508000,493000,493000,1606,-4260,0,-2,-803.0
508254,Taine Tuaupiki,3,439000,478000,478000,39,50,38,31,73,44,27,481705,27,13,44,496124,25,16,40,508013,27,21,39,50,39,439000,443000,462000,3705,14419,11889,17,217.94
504101,Moses Suli,3,462000,475000,475000,51,39,32,49,79,0,26,487385,26,1,0,475000,58,2,37,486959,53,15,42,51,,458000,459000,475000,12385,-12385,11959,-26,-476.35
503443,Reuben Garrick,3,551000,472000,472000,27,31,23,22,81,36,53,479626,53,11,36,453857,48,13,32,441584,45,36,40,,27,529000,503000,503000,7626,-25769,-12273,-17,-448.59
500108,Alex Johnston,3,463000,469000,469000,33,49,30,23,80,37,34,469000,34,43,37,472304,34,43,31,468300,39,46,37,33,,456000,467000,469000,0,3304,-4004,3,0.0
505537,Nick Meaney,3,529000,467000,467000,16,23,40,27,80,0,58,448293,58,1,0,467000,81,1,35,441540,69,1,34,16,,528000,508000,467000,-18707,18707,-25460,-58,322.53
500646,Luke Brooks,3,437000,458000,458000,34,51,30,13,81,38,30,462650,30,30,38,467267,29,19,42,478768,26,14,42,,34,433000,449000,449000,4650,4617,11501,8,581.25
506567,Kobe Hetherington,3,461000,456000,456000,63,16,36,29,51,36,24,423621,24,14,36,468449,26,16,37,477492,26,14,38,,63,461000,440000,440000,-32379,44828,9043,12,-2698.25
501351,Josh Addo-Carr,3,493000,448000,448000,45,40,13,25,80,37,31,440267,31,34,37,453336,28,25,38,461719,25,19,38,40,45,493000,466000,448000,-7733,13069,8383,6,-1288.83
504371,Gehamat Shibasaki,3,560000,435000,435000,30,7,21,15,72,34,58,447694,58,6,34,409470,49,22,37,403143,37,33,30,,30,535000,481000,481000,12694,-38224,-6327,-24,-528.92
100011191,Lehi Hopoate,3,496000,434000,434000,46,11,28,1,81,44,39,422840,39,42,44,438817,28,37,36,446178,25,37,33,,46,484000,448000,448000,-11160,15977,7361,5,-2232.0
502487,Marcelo Montoya,3,386000,433000,433000,44,35,42,40,83,35,21,419662,21,11,35,448244,24,19,34,455482,28,17,39,35,44,399000,399000,411000,-13338,28582,7238,14,-952.71
505361,Sitili Tupouniua,3,414000,433000,433000,47,32,35,15,47,37,22,417381,22,19,37,447853,22,18,38,460107,22,19,37,32,47,417000,417000,417000,-15619,30472,12254,15,-1041.27
509455,Sunia Turuva,3,401000,433000,433000,46,24,46,18,80,35,24,416157,24,19,35,444386,26,34,31,446579,31,44,33,24,46,401000,417000,418000,-16843,28229,2193,11,-1531.18
100008396,Ryan Couchman,3,250000,433000,433000,52,59,58,1,54,45,-7,488715,-7,1,45,488284,-2,1,43,522636,6,1,45,52,,292000,362000,433000,55715,-431,34352,52,1071.44
500751,Jake Trbojevic,3,443000,424000,424000,24,38,28,58,57,36,39,440903,39,38,36,421046,34,42,36,423370,31,28,37,,24,436000,436000,436000,16903,-19857,2324,-3,-5634.33
504712,Josh Curran,3,566000,412000,412000,2,22,11,1,13,0,70,451926,70,1,0,412000,83,1,33,371997,64,4,33,22,2,530000,530000,481000,39926,-39926,-40003,-70,-570.37
500339,Jack Wighton,3,401000,411000,411000,24,35,37,33,80,31,34,411000,34,41,31,407620,35,35,30,403102,36,35,31,24,,407000,416000,411000,0,-3380,-4518,-3,-0.0
505864,Bailey Hayward,3,375000,398000,398000,23,27,46,10,77,30,33,407378,33,40,30,394530,35,30,29,389361,37,25,29,27,23,393000,393000,401000,9378,-12848,-5169,-3,-3126.0
504301,Jaeman Salmon,3,360000,397000,397000,31,27,46,37,53,33,26,400874,26,27,33,403735,27,33,32,407221,29,43,31,27,31,380000,380000,390000,3874,2861,3486,7,553.43
504609,Alex Seyfarth,3,517000,393000,393000,17,13,16,21,16,27,57,407311,57,2,27,360319,51,3,25,340430,46,6,24,13,17,517000,491000,443000,14311,-46992,-19889,-30,-477.03
100004781,Tom Chester,3,250000,393000,393000,23,67,47,1,78,37,8,420620,8,6,37,424548,12,9,37,443934,17,18,34,23,,280000,351000,393000,27620,3928,19386,29,952.41
100008414,Fletcher Hunt,3,280000,385000,385000,42,36,51,13,67,33,7,378553,7,2,33,411852,13,3,36,429523,16,7,34,36,42,280000,312000,347000,-6447,33299,17671,26,-247.96
507924,Max Feagai,3,426000,384000,384000,33,24,21,43,80,30,34,378751,34,36,30,379581,31,12,18,366029,38,26,31,33,,413000,395000,384000,-5249,830,-13552,-4,1312.25
100006296,Ali Leiataua,3,364000,384000,384000,40,50,14,1,80,38,16,403129,16,6,38,408145,12,11,29,420419,17,12,33,40,,348000,362000,384000,19129,5016,12274,22,869.5
500611,Cody Walker,3,347000,383000,383000,22,20,53,1,77,34,32,383000,32,44,34,384951,30,44,32,386630,30,37,34,22,,375000,386000,383000,0,1951,1679,2,0.0
100004194,Fonua Pole,3,397000,383000,383000,30,41,17,29,38,32,27,385466,27,32,32,387656,25,35,29,390109,26,39,29,41,30,397000,382000,382000,2466,2190,2453,5,493.2
503964,Ray Stone,3,406000,381000,381000,26,20,33,29,36,30,36,384882,36,30,30,373820,34,1,0,373820,56,1,31,20,26,406000,408000,395000,3882,-11062,0,-6,-647.0
510366,Oryn Keeley,3,373000,380000,380000,30,27,34,11,32,28,28,380593,28,50,28,379352,30,1,0,379352,54,6,33,30,,378000,380000,380000,593,-1241,0,0,
500601,Kurt Mann,3,389000,379000,379000,31,22,33,28,41,28,31,378956,31,39,28,375684,31,42,29,373492,31,46,30,22,31,392000,392000,384000,-44,-3272,-2192,-3,14.67
100006533,Blake Steep,3,423000,375000,375000,18,23,26,43,23,0,43,355182,43,1,0,375000,62,1,29,360227,52,4,29,18,,415000,400000,375000,-19818,19818,-14773,-43,460.88
100013336,Demitric Vaimauga,3,434000,375000,375000,29,24,16,41,35,26,38,366383,38,13,26,362990,36,39,33,362731,29,50,29,29,,415000,392000,375000,-8617,-3393,-259,-12,718.08
504006,Fetalaiga Pauga,3,350000,374000,374000,22,28,41,28,80,0,30,374000,30,1,0,374000,54,3,33,377015,46,8,30,22,,365000,376000,374000,0,0,3015,-30,-0.0
508026,Adam Pompey,3,391000,362000,362000,7,18,39,1,77,25,46,390839,46,7,25,338888,45,15,30,328681,39,22,28,,7,400000,393000,393000,28839,-51951,-10207,-21,-1373.29
509297,Sione Fainu,3,354000,361000,361000,20,38,27,33,38,27,28,370930,28,46,27,359065,29,42,27,356614,30,50,30,38,20,354000,353000,363000,9930,-11865,-2451,-1,-9930.0
509527,Thomas Cant,3,440000,349000,349000,15,19,14,11,22,22,46,369908,46,4,22,322418,44,11,28,311709,35,18,23,19,15,418000,418000,386000,20908,-47490,-10709,-24,-871.17
100011335,Luke Laulilii,3,250000,346000,346000,33,21,58,4,80,34,13,340921,13,5,34,368816,13,9,30,381088,19,22,29,21,33,250000,292000,320000,-5079,27895,12272,21,-241.86
501290,Hame Sele,3,325000,345000,345000,23,33,30,56,34,28,24,352755,24,36,28,348557,24,39,27,349976,26,36,30,,23,330000,342000,342000,7755,-4198,1419,4,1938.75
100013671,Tanner Stowers-Smith,3,340000,341000,341000,41,27,19,57,38,26,17,325058,17,10,26,350352,19,8,29,358620,19,10,28,,41,332000,328000,328000,-15942,25294,8268,9,-1771.33
508071,Aublix Tawha,3,411000,322000,322000,20,17,8,17,24,28,40,329484,40,15,28,308561,32,27,25,304302,26,40,23,,20,385000,352000,352000,7484,-20923,-4259,-12,-623.67
100013780,Heamasi Makasini,3,250000,322000,322000,29,37,35,81,80,32,11,325963,11,1,32,345352,10,1,32,363324,11,1,32,37,29,250000,267000,296000,3963,19389,17972,21,188.71
100007566,Alec MacDonald,3,367000,321000,321000,30,36,0,1,36,26,24,326209,24,43,26,323224,21,29,27,328781,18,16,29,36,30,336000,336000,323000,5209,-2985,5557,2,2604.5
100006424,Sam Tuivaiti,3,290000,314000,314000,23,35,24,21,33,27,19,315624,19,22,27,322664,19,25,26,328352,20,35,24,35,23,290000,292000,305000,1624,7040,5688,8,203.0
500168,Bronson Garlick,3,367000,312000,312000,14,9,26,1,30,24,41,312000,41,12,24,294121,36,22,25,286752,31,22,20,14,,364000,342000,312000,0,-17879,-7369,-17,-0.0
510696,Setu Tu,3,230000,302000,302000,42,16,42,0,75,30,5,328555,5,2,30,328258,6,3,30,347218,8,4,30,42,,256000,271000,302000,26555,-297,18960,25,1062.2
507670,Jason Saab,3,347000,292000,292000,27,4,20,1,78,21,31,286040,31,19,21,280764,29,46,30,284245,19,14,31,,27,339000,310000,310000,-5960,-5276,3481,-10,596.0
507928,Jayden Sullivan,3,277000,253000,253000,6,24,16,25,42,21,29,253000,29,34,21,244163,26,42,22,242610,22,48,21,6,,271000,270000,253000,0,-8837,-1553,-8,-0.0
500136,Royce Hunt,3,250000,251000,251000,31,21,13,1,24,21,12,234993,12,16,21,260990,12,14,22,269392,12,14,22,21,31,250000,243000,239000,-16007,25997,8402,9,-1778.56
502756,Soni Luke,3,318000,250000,250000,4,12,14,1,20,18,38,271418,38,4,18,228216,33,8,17,215702,29,17,18,12,4,318000,306000,284000,21418,-43202,-12514,-20,-1070.9
100001622,Jayden Campbell,2,766000,806000,806000,71,78,,58,78,61,46,802133,46,22,61,821852,52,38,58,824304,60,25,73,78,71,766000,766000,783000,-3867,19719,2452,15,-257.8
100006482,Fletcher Sharpe,2,717000,666000,666000,35,41,,10,53,41,70,683149,70,7,41,633413,74,9,48,612768,69,10,44,,35,701000,701000,701000,17149,-49736,-20645,-29,-591.34
504870,Kalyn Ponga,2,600000,649000,649000,36,80,,21,54,0,44,649000,44,2,0,649000,87,5,52,657863,79,11,54,,,636000,649000,649000,0,0,8863,-44,-0.0
100001560,Trent Loiero,2,619000,625000,625000,44,56,,30,56,48,47,631503,47,47,48,625703,48,44,46,623120,51,41,48,56,44,619000,619000,625000,6503,-5800,-2583,1,6503.0
500441,Euan Aitken,2,610000,600000,600000,33,50,,62,56,44,55,600000,55,24,44,588180,55,26,45,580167,54,26,44,,,613000,600000,600000,0,-11820,-8013,-11,-0.0
500619,Jack De Belin,2,614000,592000,592000,25,49,,38,44,41,60,572247,60,7,41,570899,61,6,41,554374,60,8,42,,,615000,592000,592000,-19753,-1348,-16525,-19,1039.63
503944,Reece Robson,2,579000,577000,577000,40,49,,54,76,0,45,581511,45,1,0,577000,81,1,47,578194,70,1,42,49,40,579000,579000,581000,4511,-4511,1194,-45,-100.24
507648,J'maine Hopgood,2,597000,560000,560000,10,49,,41,32,0,66,560000,66,1,0,560000,95,1,46,537722,79,1,45,10,,600000,600000,560000,0,0,-22278,-66,-0.0
501267,Mitchell Barnett,2,587000,548000,548000,32,34,,38,44,39,56,561976,56,11,39,529839,55,13,39,517058,53,22,42,34,32,587000,587000,572000,13976,-32137,-12781,-17,-822.12
504121,Jarome Luai,2,486000,529000,529000,32,66,,29,73,0,33,529000,33,1,0,529000,69,3,45,541891,61,12,46,32,,486000,517000,529000,0,0,12891,-33,-0.0
100006687,Harry Hayes,2,523000,525000,525000,32,48,,58,44,41,43,525000,43,43,41,522648,43,36,39,519289,44,46,43,32,,531000,531000,525000,0,-2352,-3359,-2,-0.0
500872,Brian Kelly,2,505000,518000,518000,60,35,,28,80,44,27,498434,27,14,44,535883,27,16,43,548657,28,16,44,,60,500000,500000,500000,-19566,37449,12774,17,-1150.94
505626,Dylan Brown,2,486000,492000,492000,44,37,,27,61,0,34,492000,34,1,0,492000,65,5,39,497398,58,15,42,,,485000,492000,492000,0,0,5398,-34,-0.0
504372,Enari Tuala,2,458000,486000,486000,52,43,,35,80,44,23,473624,23,6,44,508647,22,10,39,521947,26,25,35,43,52,458000,458000,464000,-12376,35023,13300,21,-589.33
507615,Teig Wilton,2,536000,486000,486000,41,16,,22,54,36,47,484938,47,18,36,473076,45,25,37,466755,42,1,0,16,41,536000,536000,506000,-1062,-11862,-6321,-11,96.55
504125,Liam Martin,2,494000,481000,481000,20,44,,53,62,38,47,505602,47,23,38,471318,44,34,39,467832,41,25,33,44,20,494000,494000,498000,24602,-34284,-3486,-9,-2733.56
506153,Ethan Bullemor,2,499000,481000,481000,31,33,,62,38,0,45,470802,45,1,0,481000,73,1,38,473791,62,1,39,,,493000,481000,481000,-10198,10198,-7209,-45,226.62
503449,Jacob Liddle,2,510000,471000,471000,35,22,,30,33,41,46,477902,46,37,41,465289,40,45,38,465031,36,34,42,22,35,510000,510000,489000,6902,-12613,-258,-5,-1380.4
506851,Chanel Harris-Tavita,2,501000,470000,470000,0,45,,21,45,44,60,442944,60,15,44,452348,49,7,26,432074,53,9,32,,,508000,470000,470000,-27056,9404,-20274,-16,1691.0
504294,Campbell Graham,2,440000,463000,463000,42,42,,55,80,41,27,463000,27,4,41,477880,26,7,38,487828,27,6,40,,,448000,463000,463000,0,14880,9948,14,0.0
500973,Josh Papalii,2,477000,438000,438000,44,12,,45,38,37,39,436052,39,43,37,435793,34,43,36,438246,31,30,37,44,,450000,450000,438000,-1948,-259,2453,-2,974.0
506446,Lachlan Hubner,2,475000,427000,427000,12,25,,21,16,27,55,427000,55,1,27,397074,54,2,32,380545,47,6,30,,,462000,427000,427000,0,-29926,-16529,-28,-0.0
100010528,Ativalu Lisati,2,285000,427000,427000,67,74,,1,80,0,-19,427000,-19,16,0,427000,23,14,44,494512,22,8,49,,,341000,427000,427000,0,0,67512,19,0.0
100013303,Jeral Skelton,2,386000,424000,424000,18,59,,12,72,36,29,429794,29,30,36,431625,29,41,32,433435,33,50,33,18,,386000,418000,424000,5794,1831,1810,7,827.71
509128,Billy Smith,2,410000,410000,410000,13,44,,1,61,0,39,435370,39,1,0,410000,63,1,28,397671,58,2,31,,13,423000,423000,423000,25370,-25370,-12329,-39,-650.51
507925,Mathew Feagai,2,477000,389000,389000,2,9,,1,30,21,65,389000,65,1,21,341369,63,1,21,307542,58,2,21,,,446000,389000,389000,0,-47631,-33827,-44,-0.0
503341,Corey Waddell,2,423000,383000,383000,25,16,,16,34,30,41,390508,41,22,30,370428,37,31,30,365009,33,39,37,,25,405000,405000,405000,7508,-20080,-5419,-11,-682.55
502522,Marata Niukore,2,365000,381000,381000,20,44,,27,48,34,28,397643,28,29,34,386864,25,26,32,392022,25,29,31,44,20,365000,365000,380000,16643,-10779,5158,6,2773.83
507987,Grant Anderson,2,420000,371000,371000,14,18,,43,52,0,47,386331,47,1,0,371000,64,1,23,345207,58,1,24,18,14,420000,420000,402000,15331,-15331,-25793,-47,-326.19
508408,Samuel Hughes,2,425000,371000,371000,8,19,,19,18,23,51,343992,51,1,23,340678,49,2,25,321200,45,4,26,8,,410000,410000,371000,-27008,-3314,-19478,-28,964.57
503440,Blake Lawrie,2,335000,363000,363000,51,28,,24,44,33,10,337904,10,1,33,387845,10,1,34,407199,11,1,34,28,51,335000,335000,336000,-25096,49941,19354,23,-1091.13
502695,Jack Cogger,2,420000,360000,360000,4,16,,1,18,17,54,318015,54,1,17,320082,56,3,28,299648,46,5,21,,,402000,360000,360000,-41985,2067,-20434,-37,1134.73
504265,Sean Keppie,2,403000,359000,359000,30,8,,11,26,28,38,359000,38,19,28,348436,34,22,25,341069,33,33,28,30,,403000,378000,359000,0,-10564,-7367,-10,-0.0
100007527,Benaiah Ioelu,2,327000,342000,342000,21,36,,16,37,0,25,342000,25,1,0,342000,47,4,28,345236,42,9,28,,,338000,342000,342000,0,0,3236,-25,-0.0
504377,Thomas Mikaele,2,353000,325000,325000,20,17,,10,23,22,34,336721,34,15,22,311804,34,15,22,301746,33,17,22,,20,342000,342000,342000,11721,-24917,-10058,-12,-976.75
500170,Jack Gosiewski,2,332000,319000,319000,5,31,,1,43,26,37,319000,37,23,26,307467,33,21,21,297265,33,29,25,,,338000,319000,319000,0,-11533,-10202,-11,-0.0
504307,Brandon Wakeham,2,350000,317000,317000,11,19,,14,27,27,39,336518,39,21,27,304346,33,47,34,308347,22,30,30,,11,350000,341000,341000,19518,-32172,4001,-12,-1626.5
506220,Harrison Graham,2,300000,317000,317000,42,22,,5,34,30,12,307777,12,10,30,336189,11,10,29,351294,11,8,30,,42,300000,299000,299000,-9223,28412,15105,18,-512.39
510228,Brendan Piakura,2,313000,311000,311000,23,25,,1,62,25,24,311542,24,48,25,311608,24,45,26,314063,22,39,27,25,23,313000,313000,312000,542,66,2455,1,542.0
500647,Nathan Brown,2,351000,298000,298000,10,8,,1,18,0,42,298000,42,1,0,298000,55,1,27,281238,42,9,27,,,330000,298000,298000,0,0,-16762,-42,-0.0
506555,Kai O'Donnell,2,277000,298000,298000,17,36,,1,59,22,20,302290,20,44,22,299885,22,47,23,300014,23,47,22,,,293000,298000,298000,4290,-2405,129,2,2145.0
500213,Braden Hamlin-Uele,2,332000,297000,297000,15,13,,1,17,25,36,311800,36,16,25,285827,30,26,23,280785,27,1,0,,15,318000,318000,318000,14800,-25973,-5042,-11,-1345.45
509558,Jordan Samrani,2,311000,295000,295000,22,17,,1,60,0,27,295000,27,2,0,295000,44,5,22,289659,39,9,21,22,,311000,303000,295000,0,0,-5341,-27,-0.0
100004407,Joash Papalii,2,318000,260000,260000,11,1,,1,24,19,39,271744,39,8,19,238504,34,18,21,229341,27,26,18,,11,292000,292000,292000,11744,-33240,-9163,-20,-587.2
510935,Tukimihia Simpkins,2,250000,257000,257000,11,29,,32,24,23,21,258698,21,40,23,258500,19,30,23,262374,17,22,23,11,,260000,260000,257000,1698,-198,3874,2,849.0
504830,Freddy Lussick,2,250000,239000,239000,26,10,,1,23,23,18,231308,18,36,23,244780,14,30,21,251242,13,25,22,10,26,250000,250000,239000,-7692,13472,6462,5,-1538.4
504144,Kalani Going,2,250000,230000,230000,15,9,,0,22,18,28,222773,28,1,18,222702,25,3,18,219820,23,9,18,,,239000,230000,230000,-7227,-71,-2882,-10,722.7
100006112,Paul Bryan,2,230000,230000,230000,3,15,,0,15,19,36,245975,36,4,19,217582,31,11,19,213204,27,21,19,,3,250000,245000,245000,15975,-28393,-4378,-17,-939.71
100011324,Siulagi Tuimalatu-Brown,2,250000,230000,230000,9,1,,0,42,17,54,218119,54,1,17,214047,48,1,17,208093,43,2,17,1,9,250000,250000,230000,-11881,-4072,-5954,-37,321.11
504296,Luke Metcalf,1,666000,630000,630000,20,,,27,80,0,72,661261,72,1,0,630000,105,1,39,594715,97,1,36,,20,666000,666000,666000,31261,-31261,-35285,-72,-434.18
507807,Taylan May,1,610000,564000,564000,5,,,1,16,0,74,564000,74,1,0,564000,102,1,32,518150,94,1,31,,,610000,564000,564000,0,0,-45850,-74,-0.0
509757,Matthew Timoko,1,554000,530000,530000,21,,,28,20,38,57,509656,57,12,38,509415,55,6,30,486043,59,7,35,,,554000,530000,530000,-20344,-241,-23372,-19,1070.74
100006585,Jamie Humphreys,1,526000,515000,515000,33,,,46,69,36,45,515000,45,32,36,504951,47,25,34,492815,49,28,38,33,,526000,526000,515000,0,-10049,-12136,-9,-0.0
508480,Trai Fuller,1,550000,507000,507000,3,,,1,9,39,68,478893,68,7,39,475523,61,1,0,475523,85,1,39,,,507000,507000,507000,-28107,-3370,0,-29,969.21
500992,Kurt Capewell,1,426000,442000,442000,48,,,21,80,0,23,442000,23,3,0,442000,53,12,39,459022,45,31,39,,,442000,442000,442000,0,0,17022,-23,-0.0
501179,Siosiua Taukeiaho,1,462000,431000,431000,7,,,40,14,0,55,431000,55,1,0,431000,76,1,31,405831,66,1,31,,,431000,431000,431000,0,0,-25169,-55,-0.0
504714,Bronson Xerri,1,425000,428000,428000,36,,,1,90,32,31,428332,31,47,32,429260,32,44,30,426548,35,38,31,,,428000,428000,428000,332,928,-2712,1,332.0
505612,Harrison Edwards,1,447000,421000,421000,11,,,29,13,28,50,397549,50,3,28,397415,49,4,28,379216,47,6,28,,,447000,421000,421000,-23451,-134,-18199,-22,1065.95
509599,Hugo Savala,1,421000,421000,421000,9,,,33,43,0,52,461057,52,1,0,421000,73,1,34,402209,61,9,37,,9,,,450000,40057,-40057,-18791,-52,-770.33
507922,Will Penisini,1,416000,420000,420000,36,,,47,80,0,30,420000,30,1,0,420000,56,7,38,428984,46,26,38,,,420000,420000,420000,0,0,8984,-30,-0.0
508479,Tyson Gamble,1,403000,418000,418000,47,,,8,80,37,20,439101,20,11,37,435605,20,11,37,450452,20,13,36,47,,403000,403000,418000,21101,-3496,14847,17,1241.24
500264,Francis Molo,1,424000,417000,417000,28,,,67,24,31,35,422216,35,29,31,411899,36,1,0,411899,60,1,31,,28,424000,424000,424000,5216,-10317,0,-4,-1304.0
100008673,Morgan Gannon,1,450000,409000,409000,-1,,,0,5,0,58,409000,58,1,0,409000,76,1,20,368322,73,1,20,-1,,450000,450000,409000,0,0,-40678,-58,-0.0
100012312,Lyhkan King-Togia,1,445000,406000,406000,0,,,1,19,32,56,442440,56,4,32,379461,49,11,32,365526,43,19,31,,0,445000,445000,445000,36440,-62979,-13935,-24,-1518.33
100006239,Ashton Ward,1,400000,381000,381000,14,,,1,41,0,42,381000,42,2,0,381000,62,3,26,363820,56,27,44,,,381000,381000,381000,0,0,-17180,-42,-0.0
505701,Jock Madden,1,350000,380000,380000,56,,,32,80,44,8,362975,8,1,44,418551,2,1,40,452009,1,1,40,,56,350000,350000,350000,-17025,55576,33458,36,-472.92
510612,Zac Laybutt,1,373000,377000,377000,34,,,13,80,30,25,371141,25,34,30,381919,25,34,30,385533,26,43,28,,34,373000,373000,373000,-5859,10778,3614,5,-1171.8
100006434,Charlie Guymer,1,415000,377000,377000,-1,,,1,31,19,53,348704,53,1,19,340081,55,1,21,310397,54,1,19,-1,,415000,415000,377000,-28296,-8623,-29684,-34,832.24
100006631,Latu Fainu,1,377000,362000,362000,17,,,1,22,0,36,377000,36,2,0,362000,57,3,26,350199,50,6,23,,17,377000,377000,377000,15000,-15000,-11801,-36,-416.67
505676,Luca Moretti,1,373000,359000,359000,17,,,33,25,24,36,372178,36,16,24,345666,37,23,28,338303,34,18,23,,17,373000,373000,373000,13178,-26512,-7363,-12,-1098.17
509484,Tyrell Sloan,1,359000,354000,354000,24,,,1,80,29,30,361549,30,47,29,352764,28,44,30,355091,26,38,30,,24,359000,359000,359000,7549,-8785,2327,-1,-7549.0
509444,Davvy Moale,1,361000,346000,346000,14,,,34,27,25,37,332114,37,13,25,333100,36,8,21,319652,38,13,26,,,346000,346000,346000,-13886,986,-13448,-12,1157.17
504842,Sean O'Sullivan,1,350000,336000,336000,15,,,11,20,22,35,359734,35,23,22,322182,36,23,23,311197,35,33,27,,15,350000,350000,350000,23734,-37552,-10985,-13,-1825.69
100011291,Hayden Buchanan,1,334000,334000,334000,13,,,35,80,23,36,359694,36,11,23,319840,36,17,26,312083,33,35,29,,13,,,350000,25694,-39854,-7757,-13,-1976.46
507945,Lipoi Hopoi,1,300000,281000,281000,7,,,5,22,21,33,303084,33,10,21,267375,31,15,21,258995,28,23,21,,7,300000,300000,300000,22084,-35709,-8380,-12,-1840.33
503336,Jack Hetherington,1,250000,252000,252000,21,,,51,34,19,19,255029,19,50,19,252776,19,50,19,252647,20,45,19,,,250000,252000,252000,3029,-2253,-129,0,
100006264,Luke Hanson,1,252000,252000,252000,39,,,0,80,33,4,252000,4,1,33,283320,-3,1,33,315891,-7,1,33,39,,,230000,252000,0,31320,32571,29,0.0
100006817,Joe Roddy,1,250000,251000,251000,21,,,0,16,35,18,276637,18,24,35,269112,6,11,35,296630,-3,6,35,,21,250000,250000,250000,25637,-7525,27518,17,1508.06
509560,Manaia Waitere,1,250000,250000,250000,20,,,0,40,23,19,255118,19,1,23,254461,16,1,23,261052,14,1,23,,20,250000,250000,250000,5118,-657,6591,4,1279.5
507815,Hohepa Puru,1,250000,244000,244000,14,,,15,16,16,23,235707,23,18,16,236617,24,9,14,227194,26,1,0,,,250000,244000,244000,-8293,910,-9423,-7,1184.71
100011256,Cody Hopwood,1,250000,244000,244000,15,,,0,25,26,22,263674,22,37,26,248278,15,19,26,258591,10,10,26,,15,250000,250000,250000,19674,-15396,10313,4,4918.5
100012039,Kaiden Lahrs,1,250000,243000,243000,14,,,26,17,11,23,230482,23,1,11,230377,28,1,13,216818,30,1,12,14,,250000,250000,243000,-12518,-105,-13559,-12,1043.17
504376,Tristan Hope,1,250000,242000,242000,13,,,1,20,20,23,236390,23,43,20,238461,21,45,19,236782,20,48,19,13,,250000,250000,242000,-5610,2071,-1679,-3,1870.0
505633,Luke Sommerton,1,250000,242000,242000,12,,,22,28,19,24,242000,24,34,19,236525,23,31,17,231616,23,31,17,,,250000,242000,242000,0,-5475,-4909,-5,-0.0
510488,Moala Graham-Taufa,1,250000,240000,240000,11,,,25,80,28,25,240000,25,40,28,243662,16,16,28,256330,9,5,28,11,,250000,250000,240000,0,3662,12668,3,0.0
100010604,Oliver Pascoe,1,237000,237000,237000,25,,,0,25,26,13,237863,13,8,26,250975,8,2,26,267250,5,1,26,,25,,230000,230000,863,13112,16275,13,66.38
100006826,Faaletino Tavana,1,233000,233000,233000,21,,,0,80,24,16,236814,16,19,24,241981,12,9,24,253750,9,5,24,,21,,,230000,3814,5167,11769,8,476.75
506618,Brent Woolf,1,230000,230000,230000,15,,,0,25,22,22,230000,22,50,22,232632,18,2,0,232632,33,11,22,,,230000,230000,230000,0,2632,0,0,
100006510,Thomas Fletcher,1,250000,230000,230000,0,,,1,12,34,34,230000,34,50,34,232385,17,33,25,242551,11,7,38,0,,250000,250000,230000,0,2385,10166,0,
100006928,Preston Conn,1,230000,230000,230000,5,,,0,7,18,39,230000,39,1,18,220668,36,2,18,217091,33,4,18,,,230000,230000,230000,0,-9332,-3577,-21,-0.0
100009124,Angus Hinchey,1,230000,230000,230000,5,,,0,5,18,39,230000,39,1,18,220677,36,2,18,217102,33,4,18,,,230000,230000,230000,0,-9323,-3575,-21,-0.0
100011203,Simione Laiafi,1,230000,230000,230000,11,,,0,13,20,30,237876,30,12,20,227584,26,24,20,229592,23,36,20,,11,230000,230000,230000,7876,-10292,2008,-10,-787.6
100013721,Francis Manuleleua,1,230000,230000,230000,11,,,0,11,20,30,227727,30,12,20,227655,26,24,20,229666,23,36,20,11,,230000,230000,230000,-2273,-72,2011,-10,227.3
100010807,Matty Nicholson,0,680000,680000,680000,,,,45,0,49,53,680000,53,39,49,676033,56,32,49,669572,58,42,55,,,680000,680000,680000,0,-3967,-6461,-4,-0.0
500180,Cameron McInnes,0,647000,647000,647000,,,,39,0,0,50,647000,50,1,0,647000,90,1,48,644762,82,1,0,,,647000,647000,647000,0,0,-2238,-50,-0.0
502214,John Bateman,0,625000,625000,625000,,,,76,0,53,48,625000,48,28,53,630033,45,45,46,630679,48,41,50,,,625000,625000,625000,0,5033,646,5,0.0
502511,Jeremy Marshall-King,0,620000,620000,620000,,,,36,0,0,48,620000,48,1,0,620000,86,1,0,620000,115,1,55,,,620000,620000,620000,0,0,0,-48,-0.0
100006243,Dylan Egan,0,616000,616000,616000,,,,4,0,0,48,616000,48,2,0,616000,86,7,51,619566,74,11,45,,,616000,616000,616000,0,0,3566,-48,-0.0
503571,Daniel Saifiti,0,615000,615000,615000,,,,39,0,0,48,615000,48,1,0,615000,86,1,0,615000,114,1,46,,,615000,615000,615000,0,0,0,-48,-0.0
100007572,Leo Thompson,0,610000,610000,610000,,,,60,0,0,47,610000,47,1,0,610000,85,1,45,607678,77,1,42,,,610000,610000,610000,0,0,-2322,-47,-0.0
500149,Jai Arrow,0,573000,573000,573000,,,,72,0,0,44,573000,44,1,0,573000,80,1,47,575893,69,1,45,,,573000,573000,573000,0,0,2893,-44,-0.0
100005899,Kurt Donoghoe,0,560000,560000,560000,,,,64,0,37,43,560000,43,34,37,553153,48,1,0,553153,82,1,42,,,560000,560000,560000,0,-6847,0,-6,-0.0
503524,Jaimin Jolliffe,0,551000,551000,551000,,,,54,0,0,43,551000,43,1,0,551000,77,6,58,567494,56,47,55,,,551000,551000,551000,0,0,16494,-43,-0.0
504788,Shawn Blore,0,547000,547000,547000,,,,37,0,0,42,547000,42,1,0,547000,76,1,42,546692,68,1,39,,,547000,547000,547000,0,0,-308,-42,-0.0
500128,Adam Elliott,0,538000,538000,538000,,,,41,0,0,42,538000,42,1,0,538000,75,1,38,534029,70,2,39,,,538000,538000,538000,0,0,-3971,-42,-0.0
506086,Ronaldo Mulitalo,0,514000,514000,514000,,,,18,0,0,40,514000,40,1,0,514000,72,4,44,518525,60,1,0,,,514000,514000,514000,0,0,4525,-40,-0.0
100007929,Liam Henry,0,513000,513000,513000,,,,54,0,41,40,513000,40,45,41,514389,39,45,38,513485,40,36,43,,,513000,513000,513000,0,1389,-904,1,0.0
100001634,Xavier Coates,0,501000,501000,501000,,,,8,0,0,39,501000,39,2,0,501000,70,7,43,505601,59,14,39,,,501000,501000,501000,0,0,4601,-39,-0.0
504666,Mawene Hiroti,0,500000,500000,500000,,,,1,0,0,39,512311,39,3,0,500000,70,4,35,496041,65,1,0,,,500000,500000,500000,12311,-12311,-3959,-39,-315.67
503920,Victor Radley,0,499000,499000,499000,,,,38,0,0,39,499607,39,1,0,499000,70,1,39,499399,61,8,42,,,499000,499000,499000,607,-607,399,-39,-15.56
509281,Starford To'a,0,490000,490000,490000,,,,34,0,35,38,490000,38,42,35,486867,40,30,32,478468,45,30,37,,,490000,490000,490000,0,-3133,-8399,-3,-0.0
509467,Izack Tago,0,466000,466000,466000,,,,18,0,43,36,474718,36,32,43,473430,31,30,39,481441,30,16,45,,,466000,466000,466000,8718,-1288,8011,7,1245.43
504669,Dean Hawkins,0,462000,462000,462000,,,,1,0,34,36,462000,36,45,34,460120,37,42,40,463479,33,47,34,,,462000,462000,462000,0,-1880,3359,-2,-0.0
507645,Daine Laurie,0,453000,453000,453000,,,,25,0,36,35,452032,35,48,36,454047,34,46,32,451463,37,38,31,,,453000,453000,453000,-968,2015,-2584,1,-968.0
100006109,Jeremiah Nanai,0,453000,453000,453000,,,,49,0,0,35,453000,35,1,0,453000,63,1,32,449653,59,4,35,,,453000,453000,453000,0,0,-3347,-35,-0.0
100017017,Tevita Naufahu,0,450000,450000,450000,,,,1,0,58,35,453588,35,19,58,474980,16,27,0,474980,49,49,48,,,450000,450000,450000,3588,21392,0,23,156.0
100007619,James Schiller,0,421000,421000,421000,,,,16,0,41,33,414049,33,29,41,430014,26,24,36,439576,25,26,34,,,421000,421000,421000,-6951,15965,9562,8,-868.88
100006643,Viliami Vailea,0,416000,416000,416000,,,,28,0,36,32,416000,32,38,36,420065,29,41,32,422520,30,36,35,,,416000,416000,416000,0,4065,2455,4,0.0
100001619,Alofiana Khan-Pereira,0,407000,407000,407000,,,,1,0,25,32,407000,32,37,25,400037,37,44,34,398228,33,44,36,,,407000,407000,407000,0,-6963,-1809,-7,-0.0
100007515,Jack Bostock,0,406000,406000,406000,,,,1,0,0,32,406000,32,6,0,406000,57,1,0,406000,76,8,46,,,406000,406000,406000,0,0,0,-32,-0.0
505560,Spencer Leniu,0,403000,403000,403000,,,,37,0,0,31,403000,31,1,0,403000,56,1,31,402752,50,4,31,,,403000,403000,403000,0,0,-248,-31,-0.0
504190,Billy Walters,0,388000,388000,388000,,,,38,0,0,30,388000,30,1,0,388000,54,3,34,392286,45,5,28,,,388000,388000,388000,0,0,4286,-30,-0.0
100007686,Robert Derby,0,384000,384000,384000,,,,10,0,27,30,386565,30,42,27,381041,32,32,25,374064,35,42,32,,,384000,384000,384000,2565,-5524,-6977,-3,-855.0
504075,Brodie Jones,0,377000,377000,377000,,,,2,0,26,29,377000,29,42,26,373549,32,22,21,362566,38,22,27,,,377000,377000,377000,0,-3451,-10983,-3,-0.0
100000346,Clayton Faulalo,0,374000,374000,374000,,,,1,0,33,29,374000,29,40,33,378330,26,48,27,379105,28,38,33,,,374000,374000,374000,0,4330,775,4,0.0
100008221,Tyrone Munro,0,369000,369000,369000,,,,14,0,31,29,369000,29,44,31,371610,27,47,28,372773,28,32,34,,,369000,369000,369000,0,2610,1163,2,0.0
505889,Jesse Arthars,0,353000,353000,353000,,,,1,0,18,27,344046,27,28,18,342925,35,13,18,326386,40,18,26,,,353000,353000,353000,-8954,-1121,-16539,-9,994.89
506255,Jaxson Paulo,0,350000,350000,350000,,,,17,0,29,27,350000,27,44,29,352101,26,50,26,352230,27,21,38,,,350000,350000,350000,0,2101,129,2,0.0
100006946,Kyle McCarthy,0,350000,350000,350000,,,,57,0,33,27,350000,27,22,33,356365,22,10,32,365797,20,2,36,,,350000,350000,350000,0,6365,9432,6,0.0
100011655,Jacob Halangahu,0,350000,350000,350000,,,,26,0,41,27,365179,27,18,41,365022,16,5,41,389701,8,1,48,,,350000,350000,350000,15179,-157,24679,14,1084.21
100014137,Loko Pasifiki Tonga,0,350000,350000,350000,,,,34,0,28,27,351049,27,46,28,350938,26,41,28,352618,26,29,31,,,350000,350000,350000,1049,-111,1680,1,1049.0
100015584,Eddie Ieremia-Toeava,0,350000,350000,350000,,,,32,0,34,27,350000,27,28,34,357399,22,15,34,369674,17,5,36,,,350000,350000,350000,0,7399,12275,7,0.0
500889,Zach Dockar-Clay,0,347000,347000,347000,,,,1,0,26,27,347000,27,48,26,346027,28,30,19,336982,34,16,17,,,347000,347000,347000,0,-973,-9045,-1,-0.0
509548,Caleb Navale,0,342000,342000,342000,,,,16,0,0,26,342000,26,1,0,342000,48,13,35,351195,36,10,21,,,342000,342000,342000,0,0,9195,-26,-0.0
100006263,Luron Patea,0,326000,326000,326000,,,,1,0,22,25,326000,25,41,22,322511,28,35,23,317859,29,24,20,,,326000,326000,326000,0,-3489,-4652,-3,-0.0
503322,Matthew Eisenhuth,0,325000,325000,325000,,,,15,0,25,25,325000,25,50,25,324836,25,20,36,336465,17,10,34,,,325000,325000,325000,0,-164,11629,0,
500617,Jack Bird,0,322000,322000,322000,,,,14,0,30,25,322000,25,30,30,327420,21,23,28,334268,19,18,28,,,322000,322000,322000,0,5420,6848,5,0.0
506548,Isaiah Tass,0,313000,313000,313000,,,,10,0,0,24,313000,24,2,0,313000,44,5,25,313854,38,21,29,,,313000,313000,313000,0,0,854,-24,-0.0
500907,Ryan Matterson,0,300000,300000,300000,,,,41,0,39,23,300000,23,9,39,316955,11,1,39,344994,1,1,41,,,300000,300000,300000,0,16955,28039,16,0.0
503419,Brandon Smith,0,300000,300000,300000,,,,47,0,0,23,300000,23,3,0,300000,42,8,25,301967,36,22,27,,,300000,300000,300000,0,0,1967,-23,-0.0
507814,Mavrik Geyer,0,300000,300000,300000,,,,1,0,32,23,300000,23,26,32,309461,16,24,26,318635,16,26,25,,,300000,300000,300000,0,9461,9174,9,0.0
509842,Edward Kosi,0,300000,300000,300000,,,,29,0,22,23,300000,23,46,22,298736,24,46,23,297702,24,46,23,,,300000,300000,300000,0,-1264,-1034,-1,-0.0
100003896,Jack Cole,0,300000,300000,300000,,,,1,0,25,23,303084,23,45,25,301967,22,37,28,308298,18,25,30,,,300000,300000,300000,3084,-1117,6331,2,1542.0
100004188,Sione Finau,0,300000,300000,300000,,,,1,0,27,23,300000,23,38,27,304034,20,30,27,310753,18,18,30,,,300000,300000,300000,0,4034,6719,4,0.0
100009053,Josiah Pahulu,0,300000,300000,300000,,,,31,0,23,23,300000,23,50,23,299770,23,44,22,298349,24,50,24,,,300000,300000,300000,0,-230,-1421,0,
100012912,Jed Stuart,0,300000,300000,300000,,,,10,0,23,23,297639,23,50,23,299770,23,35,19,295118,27,25,20,,,300000,300000,300000,-2361,2131,-4652,0,
505642,Tommy Talau,0,286000,286000,286000,,,,1,0,0,22,286000,22,4,0,286000,40,12,25,289046,33,27,25,,,286000,286000,286000,0,0,3046,-22,-0.0
100006630,Josh Feledy,0,285000,285000,285000,,,,0,0,24,22,287126,22,5,24,287094,21,1,24,290583,19,1,24,,,285000,285000,285000,2126,-32,3489,2,1063.0
501744,Bunty Afoa,0,280000,280000,280000,,,,30,0,27,22,282585,22,27,27,285799,17,20,24,292001,17,20,24,,,,280000,280000,2585,3214,6202,5,517.0
100004168,Tony Sukkar,0,276000,276000,276000,,,,1,0,15,21,276000,21,29,15,269147,26,15,15,257906,30,11,17,,,276000,276000,276000,0,-6853,-11241,-6,-0.0
100006697,Rocco Berry,0,272000,272000,272000,,,,6,0,0,21,272000,21,5,0,272000,38,15,25,276254,31,26,23,,,272000,272000,272000,0,0,4254,-21,-0.0
509778,Tony Francis,0,269000,269000,269000,,,,1,0,19,21,269000,21,42,19,267079,22,42,24,269276,19,32,24,,,269000,269000,269000,0,-1921,2197,-2,-0.0
501280,Jake Turpin,0,267000,267000,267000,,,,1,0,24,21,267000,21,44,24,270568,18,37,24,276512,16,39,21,,,267000,267000,267000,0,3568,5944,3,0.0
505987,Jaiyden Hunt,0,265000,265000,265000,,,,1,0,23,21,268859,21,43,23,267725,19,30,25,274315,15,25,23,,,265000,265000,265000,3859,-1134,6590,2,1929.5
509851,Fletcher Baker,0,260000,260000,260000,,,,12,0,23,20,263128,20,40,23,263045,18,33,23,268213,16,6,34,,,,,260000,3128,-83,5168,3,1042.67
500150,Jayden Berrell,0,250000,250000,250000,,,,0,0,17,19,247470,19,40,17,247438,21,30,17,243303,23,1,0,,,250000,250000,250000,-2530,-32,-4135,-2,1265.0
500171,Brock Gray,0,250000,250000,250000,,,,1,0,0,19,250000,19,5,0,250000,35,4,15,245370,34,5,15,,,250000,250000,250000,0,0,-4630,-19,-0.0
500478,Delouise Hoeter,0,250000,250000,250000,,,,45,0,34,19,250000,19,8,34,265786,8,1,35,292920,-2,1,32,,,250000,250000,250000,0,15786,27134,15,0.0
501293,Te Maire Martin,0,250000,250000,250000,,,,1,0,0,19,250000,19,12,0,250000,35,20,21,251831,30,36,24,,,250000,250000,250000,0,0,1831,-19,-0.0
501462,Marion Seve,0,250000,250000,250000,,,,1,0,0,19,250000,19,11,0,250000,35,28,26,257129,26,24,15,,,250000,250000,250000,0,0,7129,-19,-0.0
502409,Karl Lawton,0,250000,250000,250000,,,,1,0,0,19,250000,19,10,0,250000,35,16,20,250668,30,16,15,,,250000,250000,250000,0,0,668,-19,-0.0
504007,Patrick Herbert,0,250000,250000,250000,,,,0,0,25,19,250000,19,27,25,256080,15,15,25,266158,11,7,25,,,,250000,250000,0,6080,10078,6,0.0
504670,Daniel Suluka-Fifita,0,250000,250000,250000,,,,1,0,15,19,250000,19,34,15,245370,23,16,13,235421,27,10,14,,,250000,250000,250000,0,-4630,-9949,-4,-0.0
504711,Sione Fonua,0,250000,250000,250000,,,,0,0,18,19,250000,19,46,18,248601,20,42,18,246146,21,38,18,,,250000,250000,250000,0,-1399,-2455,-1,-0.0
504787,Jake Tago,0,250000,250000,250000,,,,19,0,23,19,250000,19,32,23,253898,16,27,21,258291,16,20,23,,,250000,250000,250000,0,3898,4393,4,0.0
504952,Lazarus Vaalepu,0,250000,250000,250000,,,,1,0,19,19,258359,19,50,19,249634,20,41,17,246921,21,44,19,,,250000,250000,250000,8359,-8725,-2713,0,
505142,Josh Rogers,0,250000,250000,250000,,,,43,0,30,19,250000,19,12,30,261522,11,2,30,280387,4,1,30,,,250000,250000,250000,0,11522,18865,11,0.0
505578,Aaron Schoupp,0,250000,250000,250000,,,,1,0,16,19,250000,19,40,16,246404,22,36,18,242657,22,50,22,,,250000,250000,250000,0,-3596,-3747,-3,-0.0
505828,Hayze Perham,0,250000,250000,250000,,,,9,0,0,19,250000,19,6,0,250000,35,47,36,267982,18,23,27,,,250000,250000,250000,0,0,17982,-19,-0.0
506375,Blake Wilson,0,250000,250000,250000,,,,20,0,26,19,250000,19,34,26,257129,14,30,23,265657,12,26,23,,,250000,250000,250000,0,7129,8528,7,0.0
507765,Junior Tupou,0,250000,250000,250000,,,,22,0,0,19,250000,19,10,0,250000,35,14,19,249634,31,20,19,,,250000,250000,250000,0,0,-366,-19,-0.0
508307,Peter Hola,0,250000,250000,250000,,,,41,0,15,19,250000,19,8,15,245370,23,1,15,237617,25,1,15,,,250000,250000,250000,0,-4630,-7753,-4,-0.0
508341,Trent Toelau,0,250000,250000,250000,,,,22,0,16,19,247470,19,32,16,246404,22,14,15,239427,25,3,13,,,250000,250000,250000,-2530,-1066,-6977,-3,843.33
509404,Cody Ramsey,0,250000,250000,250000,,,,0,0,0,19,256155,19,2,0,250000,35,15,25,256095,26,46,25,,,250000,250000,250000,6155,-6155,6095,-19,-323.95
509561,Kade Dykes,0,250000,250000,250000,,,,0,0,0,19,250000,19,2,0,250000,35,15,25,256095,26,46,25,,,250000,250000,250000,0,0,6095,-19,-0.0
509635,Toni Mataele,0,250000,250000,250000,,,,0,0,23,19,250000,19,34,23,253898,16,23,23,260359,14,18,23,,,250000,250000,250000,0,3898,6461,4,0.0
509779,Asu Kepaoa,0,250000,250000,250000,,,,1,0,23,19,250000,19,39,23,253898,16,14,31,269016,8,7,28,,,250000,250000,250000,0,3898,15118,4,0.0
509843,Tom Ale,0,250000,250000,250000,,,,49,0,18,19,250000,19,44,18,248601,20,32,17,245112,22,26,18,,,250000,250000,250000,0,-1399,-3489,-1,-0.0
509864,Tuku Hau Tapuha,0,250000,250000,250000,,,,35,0,18,19,248636,19,43,18,248601,20,43,19,247309,20,1,0,,,250000,250000,250000,-1364,-35,-1292,-1,1364.0
100000336,Taylor Losalu,0,250000,250000,250000,,,,37,0,0,19,250000,19,1,0,250000,35,11,26,257129,26,29,22,,,250000,250000,250000,0,0,7129,-19,-0.0
100000365,Ronald Volkman,0,250000,250000,250000,,,,55,0,26,19,250000,19,13,26,257129,14,2,27,270050,9,1,27,,,250000,250000,250000,0,7129,12921,7,0.0
100003233,Allan Fitzgibbon,0,250000,250000,250000,,,,1,0,17,19,250000,19,44,17,247438,21,29,14,240073,25,27,17,,,250000,250000,250000,0,-2562,-7365,-2,-0.0
100003968,Chris Vea'ila,0,250000,250000,250000,,,,0,0,28,19,259396,19,20,28,259325,12,6,28,274701,7,25,0,,,250000,250000,250000,9396,-71,15376,9,1044.0
100004119,Michael Asomua,0,250000,250000,250000,,,,0,0,22,19,250000,19,38,22,252865,17,30,22,257517,16,27,22,,,250000,250000,250000,0,2865,4652,3,0.0
100004271,Tom Rodwell,0,250000,250000,250000,,,,0,0,0,19,250000,19,2,0,250000,35,38,32,263589,21,13,32,,,250000,250000,250000,0,0,13589,-19,-0.0
100006251,Liam Ison,0,250000,250000,250000,,,,0,0,0,19,250000,19,2,0,250000,35,42,33,264752,20,2,0,,,250000,250000,250000,0,0,14752,-19,-0.0
100006286,Zyon Maiu'u,0,250000,250000,250000,,,,0,0,21,19,250000,19,42,21,251831,18,38,21,254803,17,34,21,,,250000,250000,250000,0,1831,2972,2,0.0
100006574,Jesse McLean,0,250000,250000,250000,,,,40,0,25,19,250000,19,22,25,256095,15,10,25,266173,11,4,25,,,250000,250000,250000,0,6095,10078,6,0.0
100006657,Heath Mason,0,250000,250000,250000,,,,1,0,17,19,250000,19,46,17,247438,21,48,20,246534,20,48,19,,,250000,250000,250000,0,-2562,-904,-2,-0.0
100006660,Kit Laulilii,0,250000,250000,250000,,,,0,0,20,19,250000,19,44,20,250668,19,44,20,251831,18,37,20,,,250000,250000,250000,0,668,1163,1,0.0
100006861,Jaylan De Groot,0,250000,250000,250000,,,,1,0,18,19,250710,19,46,18,248601,20,42,18,246146,21,24,14,,,250000,250000,250000,710,-2109,-2455,-1,-710.0
100006888,Jack Todd,0,250000,250000,250000,,,,1,0,19,19,250000,19,50,19,249634,20,47,19,248988,20,47,19,,,250000,250000,250000,0,-366,-646,0,
100007297,Chevy Stewart,0,250000,250000,250000,,,,1,0,22,19,252914,19,41,22,252865,17,36,22,257517,16,33,22,,,250000,250000,250000,2914,-49,4652,3,971.33
100007888,Thomas Duffy,0,250000,250000,250000,,,,21,0,21,19,249673,19,41,21,251831,18,37,21,254803,17,33,21,,,250000,250000,250000,-327,2158,2972,2,-163.5
100008874,De La Salle Va'a,0,250000,250000,250000,,,,0,0,0,19,250000,19,1,0,250000,35,1,19,249634,31,1,19,,,250000,250000,250000,0,0,-366,-19,-0.0
100009035,Riley Jones,0,250000,250000,250000,,,,0,0,18,19,250000,19,46,18,248601,20,42,18,246146,21,2,0,,,250000,250000,250000,0,-1399,-2455,-1,-0.0
100009134,Benjamin Te Kura,0,250000,250000,250000,,,,21,0,19,19,250000,19,50,19,249634,20,45,19,248988,20,45,19,,,250000,250000,250000,0,-366,-646,0,
100009139,Liam Le Blanc,0,250000,250000,250000,,,,1,0,18,19,250000,19,47,18,248601,20,47,21,249376,19,43,21,,,250000,250000,250000,0,-1399,775,-1,-0.0
100009156,Blake Mozer,0,250000,250000,250000,,,,10,0,21,19,252914,19,43,21,251831,18,32,23,256870,15,23,23,,,250000,250000,250000,2914,-1083,5039,2,1457.0
100009202,Owen Pattie,0,250000,250000,250000,,,,1,0,18,19,252914,19,46,18,248601,20,41,22,250539,18,46,19,,,250000,250000,250000,2914,-4313,1938,-1,-2914.0
100010520,Ethan King,0,250000,250000,250000,,,,0,0,23,19,250000,19,38,23,253888,16,29,23,260348,14,24,23,,,250000,250000,250000,0,3888,6460,4,0.0
100010840,Will Pryce,0,250000,250000,250000,,,,1,0,33,19,250000,19,26,33,264752,8,16,30,285813,3,11,30,,,250000,250000,250000,0,14752,21061,14,0.0
100010891,Josh Patston,0,250000,250000,250000,,,,15,0,24,19,255118,19,30,24,255061,16,17,25,264364,12,20,20,,,250000,250000,250000,5118,-57,9303,5,1023.6
100011250,Matthew Arthur,0,250000,250000,250000,,,,26,0,16,19,250000,19,29,16,246404,22,9,15,239427,25,3,15,,,250000,250000,250000,0,-3596,-6977,-3,-0.0
100011351,Joey Walsh,0,250000,250000,250000,,,,0,0,21,19,250000,19,42,21,251831,18,38,21,254803,17,34,21,,,250000,250000,250000,0,1831,2972,2,0.0
100011659,Finau Latu,0,250000,250000,250000,,,,0,0,26,19,250000,19,23,26,257129,14,11,26,268887,10,5,26,,,250000,250000,250000,0,7129,11758,7,0.0
100011683,Jaxen Edgar,0,250000,250000,250000,,,,0,0,17,19,247470,19,42,17,247438,21,34,17,243303,23,27,17,,,250000,250000,250000,-2530,-32,-4135,-2,1265.0
100014185,Elijah Salesa-Leaumoana,0,250000,250000,250000,,,,51,0,18,19,248636,19,41,18,248601,20,32,18,246146,21,32,19,,,250000,250000,250000,-1364,-35,-2455,-1,1364.0
100015074,Sebastian Su'a,0,250000,250000,250000,,,,0,0,17,19,250000,19,42,17,247438,21,2,0,247438,36,2,17,,,250000,250000,250000,0,-2562,0,-2,-0.0
100015592,David Fale,0,250000,250000,250000,,,,0,0,36,19,250000,19,4,36,267982,6,1,36,297571,-4,1,36,,,250000,250000,250000,0,17982,29589,17,0.0
100019560,Nathan Lawson,0,250000,250000,250000,,,,32,0,24,19,250000,19,27,24,255061,16,17,24,263330,13,9,24,,,250000,250000,250000,0,5061,8269,5,0.0
505684,Jensen Taumoepeau,0,230000,230000,230000,,,,0,0,24,18,230000,18,25,24,236704,13,11,24,247686,9,5,24,,,230000,230000,230000,0,6704,10982,6,0.0
509464,Niwhai Puru,0,230000,230000,230000,,,,0,0,26,18,230000,18,18,26,238781,11,5,26,253382,6,25,0,,,230000,230000,230000,0,8781,14601,8,0.0
509567,Solome Saukuru,0,230000,230000,230000,,,,0,0,25,18,230000,18,22,25,237747,12,7,25,250539,8,3,25,,,230000,230000,230000,0,7747,12792,7,0.0
509614,Joseph O'Neill,0,230000,230000,230000,,,,0,0,26,18,230000,18,18,26,238781,11,5,26,253382,6,1,26,,,230000,230000,230000,0,8781,14601,8,0.0
510485,Latrell Siegwalt,0,230000,230000,230000,,,,0,0,24,18,230000,18,25,24,236704,13,11,24,247686,9,5,24,,,230000,230000,230000,0,6704,10982,6,0.0
510558,Myles Martin,0,230000,230000,230000,,,,0,0,25,18,230000,18,22,25,237747,12,7,25,250539,8,3,25,,,230000,230000,230000,0,7747,12792,7,0.0
100003974,Lachlan Crouch,0,230000,230000,230000,,,,0,0,25,18,230000,18,22,25,237747,12,7,25,250539,8,3,25,,,230000,230000,230000,0,7747,12792,7,0.0
100004077,Liam Sutton,0,230000,230000,230000,,,,0,0,26,18,238914,18,18,26,238781,11,5,26,253382,6,1,26,,,230000,230000,230000,8914,-133,14601,8,1114.25
100006237,James Walsh,0,230000,230000,230000,,,,0,0,25,18,230000,18,22,25,237747,12,9,0,237747,28,37,25,,,230000,230000,230000,0,7747,0,7,0.0
100006259,Billy Scott,0,230000,230000,230000,,,,0,0,25,18,230000,18,22,25,237747,12,7,25,250539,8,3,25,,,230000,230000,230000,0,7747,12792,7,0.0
100006318,Jett Liu,0,230000,230000,230000,,,,0,0,25,18,237867,18,22,25,237738,12,7,25,250529,8,3,25,,,230000,230000,230000,7867,-129,12791,7,1123.86
100006509,Vena Patuki-Case,0,230000,230000,230000,,,,0,0,25,18,230000,18,22,25,237747,12,7,25,250539,8,3,25,,,230000,230000,230000,0,7747,12792,7,0.0
100006535,Jake Elliott,0,230000,230000,230000,,,,0,0,0,18,230000,18,2,0,230000,32,22,25,237747,23,41,25,,,230000,230000,230000,0,0,7747,-18,-0.0
100006651,William Craig,0,230000,230000,230000,,,,0,0,24,18,230000,18,25,24,236714,13,11,24,247697,9,5,24,,,230000,230000,230000,0,6714,10983,6,0.0
100006754,Wilson De Courcey,0,230000,230000,230000,,,,0,0,24,18,236710,18,25,24,236714,13,11,24,247697,9,5,24,,,230000,230000,230000,6710,4,10983,6,1118.33
100006760,Jett Cleary,0,230000,230000,230000,,,,0,0,26,18,230000,18,18,26,238768,11,5,26,253368,6,1,26,,,,230000,230000,0,8768,14600,8,0.0
100006785,Jake Clydsdale,0,230000,230000,230000,,,,0,0,25,18,230000,18,22,25,237747,12,7,25,250539,8,3,25,,,230000,230000,230000,0,7747,12792,7,0.0
100006845,Richard Penisini,0,230000,230000,230000,,,,0,0,24,18,230000,18,25,24,236714,13,11,24,247697,9,5,24,,,230000,230000,230000,0,6714,10983,6,0.0
100007234,Patrick Young,0,230000,230000,230000,,,,0,0,25,18,230000,18,22,25,237747,12,7,25,250539,8,3,25,,,230000,230000,230000,0,7747,12792,7,0.0
100007304,Navren Willett,0,230000,230000,230000,,,,0,0,24,18,230000,18,25,24,236714,13,11,24,247697,9,5,24,,,230000,230000,230000,0,6714,10983,6,0.0
100007790,Jonah Glover,0,230000,230000,230000,,,,0,0,0,18,230000,18,2,0,230000,32,25,26,238781,22,33,26,,,230000,230000,230000,0,0,8781,-18,-0.0
100008768,Zac Herdegen,0,230000,230000,230000,,,,0,0,26,18,230000,18,18,26,238781,11,5,26,253382,6,1,26,,,230000,230000,230000,0,8781,14601,8,0.0
100008997,Mason Kira,0,230000,230000,230000,,,,0,0,25,18,230000,18,22,25,237747,12,7,25,250539,8,3,25,,,230000,230000,230000,0,7747,12792,7,0.0
100009103,Haizyn Mellars,0,230000,230000,230000,,,,0,0,24,18,230000,18,25,24,236714,13,11,24,247697,9,5,24,,,230000,230000,230000,0,6714,10983,6,0.0
100009111,Jack Underhill,0,230000,230000,230000,,,,0,0,25,18,,18,22,25,237722,12,7,25,250512,8,3,25,,,,,230000,,,12790,7,
100009160,Va'a Semu,0,230000,230000,230000,,,,0,0,25,18,,18,22,25,237722,12,7,25,250512,8,3,25,,,,,230000,,,12790,7,
100009673,Lewis Symonds,0,230000,230000,230000,,,,0,0,25,18,237876,18,22,25,237747,12,9,0,237747,28,37,25,,,230000,230000,230000,7876,-129,0,7,1125.14
100010945,Wil Sullivan,0,230000,230000,230000,,,,0,0,25,18,230000,18,22,25,237747,12,7,25,250539,8,3,25,,,230000,230000,230000,0,7747,12792,7,0.0
100011050,Zane Harrison,0,230000,230000,230000,,,,0,0,26,18,230000,18,18,26,238781,11,5,26,253382,6,1,26,,,230000,230000,230000,0,8781,14601,8,0.0
100011237,Michael Gabrael,0,230000,230000,230000,,,,0,0,24,18,230000,18,25,24,236714,13,11,24,247697,9,16,0,,,230000,230000,230000,0,6714,10983,6,0.0
100011247,Jye Linnane,0,230000,230000,230000,,,,0,0,26,18,230000,18,18,26,238781,11,5,26,253382,6,1,26,,,230000,230000,230000,0,8781,14601,8,0.0
100011249,Mitchell Woods,0,230000,230000,230000,,,,0,0,26,18,230000,18,18,26,238781,11,5,26,253382,6,1,26,,,230000,230000,230000,0,8781,14601,8,0.0
100011328,Jonathan Sua,0,230000,230000,230000,,,,0,0,28,18,241117,18,13,28,240978,10,2,28,259068,4,1,28,,,230000,230000,230000,11117,-139,18090,10,1111.7
100011333,Toby Rodwell,0,230000,230000,230000,,,,0,0,0,18,230000,18,2,0,230000,32,25,26,238781,22,33,26,,,230000,230000,230000,0,0,8781,-18,-0.0
100011390,Max McCarthy,0,230000,230000,230000,,,,0,0,24,18,230000,18,25,24,236714,13,11,24,247697,9,5,24,,,230000,230000,230000,0,6714,10983,6,0.0
100011721,Zaidas Muagututia,0,230000,230000,230000,,,,0,0,25,18,230000,18,22,25,237747,12,7,25,250539,8,3,25,,,230000,230000,230000,0,7747,12792,7,0.0
100011844,Coby Black,0,230000,230000,230000,,,,0,0,26,18,230000,18,18,26,238781,11,5,26,253382,6,1,26,,,230000,230000,230000,0,8781,14601,8,0.0
100011973,Brian Pouniu,0,230000,230000,230000,,,,0,0,25,18,237876,18,22,25,237747,12,9,0,237747,28,37,25,,,230000,230000,230000,7876,-129,0,7,1125.14
100012106,Gabriel Satrick,0,230000,230000,230000,,,,0,0,25,18,230000,18,22,25,237747,12,7,25,250539,8,3,25,,,230000,230000,230000,0,7747,12792,7,0.0
100012114,LJ Nonu,0,230000,230000,230000,,,,0,0,24,18,230000,18,25,24,236714,13,7,0,236714,28,33,24,,,230000,230000,230000,0,6714,0,6,0.0
100013672,Kayliss Fatialofa,0,230000,230000,230000,,,,0,0,25,18,230000,18,22,25,237747,12,7,25,250539,8,3,25,,,230000,230000,230000,0,7747,12792,7,0.0
100013692,Hugo Peel,0,230000,230000,230000,,,,0,0,24,18,230000,18,25,24,236704,13,11,24,247686,9,5,24,,,230000,230000,230000,0,6704,10982,6,0.0
100013788,Onitoni Large,0,230000,230000,230000,,,,0,0,26,18,230000,18,18,26,238781,11,5,26,253382,6,1,26,,,230000,230000,230000,0,8781,14601,8,0.0
100014592,Elijah Rasmussen,0,230000,230000,230000,,,,0,0,25,18,230000,18,22,25,237747,12,9,0,237747,28,37,25,,,230000,230000,230000,0,7747,0,7,0.0
