player_id,name,games_played,start_price,current_price,exact_price_r3,proj_price_r4,proj_price_r5,proj_price_r6,be_r3,be_r4,be_r5,be_pct_r3,be_pct_r4,be_pct_r5,proj_score_r3,proj_score_r4,proj_score_r5,score_r1,score_r2,price_r1,price_r2,price_r3,delta_r3_to_r4,delta_r4_to_r5,delta_r5_to_r6,score_vs_be_r3,implied_ppp_r3,recent_s1,recent_s2,recent_s3,consistency,last_3_tog_avg,proj_score_fc,break_even_fc
504300,Payne Haas,2,950000,920000,914970,919945,922549,916951,75,69,67,47,43,40,76,72,63,56,75,950000,931000,920000,4975,2604,-5598,1,4975.0,75,56,,59,68,76,75
504120,Nathan Cleary,2,900000,902000,879732,925538,944038,954852,58,52,52,15,15,17,80,74,72,57,92,900000,886000,902000,45806,18500,10814,22,2082.09,92,57,,35,62,80,58
508300,Herbie Farnworth,2,800000,792000,781128,796463,801807,802719,60,57,56,38,32,41,64,63,59,54,67,800000,791000,792000,15335,5344,912,4,3833.75,67,54,,56,80,64,60
502502,Latrell Mitchell,2,723000,757000,754212,771430,771430,781325,49,48,99,21,1,2,63,0,61,75,56,723000,743000,757000,17218,0,9895,14,1229.86,56,75,,52,80,63,49
504074,Hudson Young,2,766000,752000,767921,738122,728742,723531,69,68,66,16,18,22,56,56,56,63,40,766000,770000,752000,-29799,-9380,-5211,-13,2292.23,40,63,,52,81,56,69
502490,Nicholas Hynes,2,700000,737000,758146,745474,762144,772172,54,52,45,29,12,15,62,69,60,84,39,700000,732000,737000,-12672,16670,10028,8,-1584.0,39,84,,47,80,62,54
500534,Isaah Yeo,2,738000,726000,724882,720293,715601,712213,60,60,60,32,32,32,54,54,54,52,54,738000,732000,726000,-4589,-4692,-3388,-6,764.83,54,52,,35,54,54,60
505582,Dylan Lucas,2,723000,726000,729875,722538,718501,711208,56,58,59,41,38,27,53,54,51,60,52,723000,727000,726000,-7337,-4037,-7293,-3,2445.67,52,60,,52,80,53,56
504176,Cameron Murray,2,725000,721000,710062,712735,712735,701271,57,61,104,31,1,1,49,0,49,55,54,725000,723000,721000,2673,0,-11464,-8,-334.12,54,55,,35,68,49,57
501600,Damien Cook,2,629000,710000,715940,739586,758092,769691,34,36,40,5,7,8,61,59,62,91,53,629000,675000,710000,23646,18506,11599,27,875.78,53,91,,50,81,61,34
504274,Blayke Brailey,2,686000,699000,699290,701547,699594,694645,50,52,55,41,47,38,53,51,51,61,52,686000,694000,699000,2257,-1953,-4949,3,752.33,52,61,,63,80,53,50
503685,Erin Clark,2,734000,698000,699382,686300,680310,675882,63,61,58,24,30,30,52,53,50,39,53,734000,714000,698000,-13082,-5990,-4428,-11,1189.27,53,39,,31,52,52,63
505904,Harry Grant,2,645000,693000,673586,719871,732253,739422,32,35,43,4,11,14,57,52,58,63,72,645000,659000,693000,46285,12382,7169,25,1851.4,72,63,,46,70,57,32
504174,Keaon Koloamatangi,2,704000,688000,698458,682400,682400,676669,59,56,97,37,1,1,54,0,50,50,47,704000,699000,688000,-16058,0,-5731,-5,3211.6,47,50,,51,71,54,59
500663,James Tedesco,2,684000,687000,698728,681246,676946,676946,56,57,57,39,39,1,51,52,0,61,42,684000,692000,687000,-17482,-4300,0,-5,3496.4,42,61,,23,62,51,56
506603,Patrick Carrigan,2,684000,678000,671698,677913,678043,677261,51,52,52,50,50,46,51,52,51,47,57,684000,677000,678000,6215,130,-782,0,,57,47,,72,65,51,51
506018,Corey Horsburgh,2,664000,677000,690130,679484,681438,681568,52,51,51,44,44,47,54,53,52,63,44,664000,676000,677000,-10646,1954,130,2,-5323.0,44,63,,39,58,54,52
100006258,Isaiya Katoa,2,706000,676000,678549,661887,648600,638700,62,61,62,12,9,9,49,46,47,43,46,706000,693000,676000,-16662,-13287,-9900,-13,1281.69,46,43,,66,80,49,62
100011308,Toby Couchman,2,691000,675000,689763,658115,643777,627484,64,64,64,14,12,7,48,47,42,56,34,691000,693000,675000,-31648,-14338,-16293,-16,1978.0,34,56,,26,54,48,64
501459,Cameron Munster,2,639000,670000,675257,679392,684078,684729,45,45,48,25,30,38,54,52,52,69,46,639000,660000,670000,4135,4686,651,9,459.44,46,69,,59,80,54,45
500555,Joseph Tapine,2,726000,665000,676245,641760,627438,620147,71,66,62,7,10,14,50,48,47,32,40,726000,699000,665000,-34485,-14322,-7291,-21,1642.14,40,32,,36,48,50,71
506314,Beau Fermor,2,672000,665000,662865,673583,675276,677751,52,44,48,30,40,37,60,48,53,48,52,672000,667000,665000,10718,1693,2475,8,1339.75,52,48,,68,80,60,52
501175,Jamal Fogarty,2,687000,664000,664207,664000,654898,647218,57,96,85,1,1,1,0,49,48,43,49,687000,676000,664000,-207,-9102,-7680,-57,3.63,49,43,,52,81,0,57
503528,Jaydn Su'A,2,633000,660000,653066,671310,677174,675089,41,43,46,25,29,45,51,51,48,59,57,633000,644000,660000,18244,5864,-2085,10,1824.4,57,59,,26,85,51,41
100001936,Hamiso Tabuai-Fidow,2,617000,653000,631853,673486,684822,689513,33,36,40,10,16,21,52,51,52,56,67,617000,626000,653000,41633,11336,4691,19,2191.21,67,56,,37,80,52,33
500449,Addin Fonua-Blake,2,661000,651000,663545,639151,629380,621172,58,59,59,22,20,18,47,47,46,54,37,661000,664000,651000,-24394,-9771,-8208,-11,2217.64,37,54,,56,54,47,58
504870,Kalyn Ponga,2,600000,649000,663271,649000,655781,656693,43,86,80,2,4,7,0,49,49,80,36,600000,636000,649000,-14271,6781,912,-43,331.88,36,80,,21,54,0,43
501505,Tom Trbojevic,2,600000,648000,641238,648000,667890,696006,33,78,71,5,10,42,0,52,67,67,57,600000,622000,648000,6762,19890,28116,-33,-204.91,57,67,,30,81,0,33
502363,Jack Williams,2,634000,648000,642843,652624,657053,659789,45,47,46,34,31,31,49,52,51,55,52,634000,640000,648000,9781,4429,2736,4,2445.25,52,55,,72,66,49,45
505423,Jackson Ford,2,625000,645000,617353,665334,677836,682394,33,35,38,9,13,20,52,51,50,44,74,625000,620000,645000,47981,12502,4558,19,2525.32,74,44,,38,73,52,33
505976,Isaiah Papali'i,2,607000,636000,624134,652034,663626,672744,35,38,39,12,14,12,50,52,54,54,62,607000,614000,636000,27900,11592,9118,15,1860.0,62,54,,41,58,50,35
503340,Dylan Edwards,2,614000,633000,647166,636359,640004,642087,48,47,46,44,42,42,51,51,50,64,38,614000,632000,633000,-10807,3645,2083,3,-3602.33,38,64,,5,62,51,48
510216,Reece Walsh,2,654000,628000,617963,644788,667053,690621,45,34,28,27,16,11,61,59,59,25,69,654000,626000,628000,26825,22265,23568,16,1676.56,69,25,,20,80,61,45
500024,Daly Cherry-Evans,2,666000,627000,621884,629948,642849,642849,53,45,37,43,25,2,56,57,0,25,59,666000,637000,627000,8064,12901,0,3,2688.0,59,25,,1,62,56,53
502580,James Fisher-Harris,2,582000,626000,627658,640194,650879,659740,36,39,40,17,17,15,49,52,54,67,49,582000,606000,626000,12536,10685,8861,13,964.31,49,67,,43,55,49,36
500826,Jahrome Hughes,2,635000,622000,613669,620080,618776,615908,48,49,49,46,46,42,46,47,45,38,55,635000,623000,622000,6411,-1304,-2868,-2,-3205.5,55,38,,14,80,46,48
506424,Tom Dearden,2,628000,622000,645382,612031,605517,607601,57,55,54,30,32,45,48,47,52,57,29,628000,637000,622000,-33351,-6514,2084,-9,3705.67,29,57,,35,80,48,57
505555,Lindsay Smith,2,670000,617000,631793,594501,580963,576537,65,62,58,2,4,11,45,45,46,32,36,670000,648000,617000,-37292,-13538,-4426,-20,1864.6,36,32,,38,39,45,65
503240,Angus Crichton,2,638000,615000,625880,602629,597162,597162,56,55,52,17,27,1,45,48,0,43,39,638000,631000,615000,-23251,-5467,0,-11,2113.73,39,43,,38,61,45,56
508033,Haumole Olakau'atu,2,608000,614000,626174,614000,616231,618055,48,86,74,1,2,7,0,50,48,54,41,608000,615000,614000,-12174,2231,1824,-48,253.62,41,54,,9,79,0,48
506513,Tino Fa'asuamaleaui,2,668000,613000,638885,591843,585981,589238,68,61,52,13,27,43,49,51,49,34,30,668000,648000,613000,-47042,-5862,3257,-19,2475.89,30,34,,17,48,49,68
506460,Tanah Boyd,2,500000,611000,584885,665344,704160,723959,5,10,15,1,1,2,55,58,55,78,76,500000,542000,611000,80459,38816,19799,50,1609.18,76,78,,36,80,55,5
505985,Zac Hosking,2,648000,607000,617731,591613,581449,586140,61,57,55,12,14,43,47,44,53,35,37,648000,631000,607000,-26118,-10164,4691,-14,1865.57,37,35,,46,38,47,61
500845,Valentine Holmes,2,643000,606000,598700,596155,590423,588339,53,52,51,25,30,33,44,45,45,27,53,643000,618000,606000,-2545,-5732,-2084,-9,282.78,53,27,,46,85,44,53
505628,Stefano Utoikamanu,2,575000,605000,584939,624716,636574,643741,30,33,36,8,12,13,48,48,50,48,66,575000,579000,605000,39777,11858,7167,18,2209.83,66,48,,56,55,48,30
100006390,Naufahu Whyte,2,638000,604000,616355,583562,566226,566226,61,61,61,7,5,1,42,40,0,40,33,638000,628000,604000,-32793,-17336,0,-19,1725.95,33,40,,38,48,42,61
500441,Euan Aitken,2,610000,600000,610136,590076,590076,583560,54,53,88,28,1,1,45,0,45,50,33,610000,613000,600000,-20060,0,-6516,-9,2228.89,33,50,,62,56,45,54
100018452,Mark Nawaqanitawase,2,612000,597000,606434,598954,601819,601819,50,44,43,45,43,1,52,47,0,41,44,612000,605000,597000,-7480,2865,0,2,-3740.0,44,41,,7,62,52,50
100001736,Jordan Riki,2,611000,593000,597875,588828,586484,586875,52,48,47,38,41,47,48,45,46,41,41,611000,604000,593000,-9047,-2344,391,-4,2261.75,41,41,,53,80,48,52
100009209,Keano Kini,2,600000,593000,569691,579772,559969,544856,44,55,62,30,18,17,32,34,40,39,52,600000,592000,593000,10081,-19803,-15113,-12,-840.08,52,39,,1,80,32,44
500619,Jack De Belin,2,614000,592000,616339,572784,559766,551565,59,59,57,9,11,12,42,43,42,49,25,614000,615000,592000,-43555,-13018,-8201,-17,2562.06,25,49,,38,44,42,59
500086,Adam Reynolds,2,639000,591000,567162,580029,573253,572601,49,52,50,29,31,39,39,43,45,13,65,639000,599000,591000,12867,-6776,-652,-10,-1286.7,65,13,,20,77,39,49
504462,Sam Verrills,2,602000,591000,606940,578188,568673,562547,54,55,54,15,15,17,42,43,43,49,32,602000,604000,591000,-28752,-9515,-6126,-12,2396.0,32,49,,47,57,42,54
508649,KL Iro,2,628000,584000,593220,561690,547491,536288,62,60,57,7,10,9,41,42,38,34,32,628000,612000,584000,-31530,-14199,-11203,-21,1501.43,32,34,,43,80,41,62
500485,Mitchell Moses,2,589000,573000,571859,577232,586744,600947,46,40,36,40,25,14,50,50,52,35,48,589000,577000,573000,5373,9512,14203,4,1343.25,48,35,,35,80,50,46
504072,Tom Starling,2,571000,567000,574386,557747,547592,536916,47,50,52,20,12,7,39,39,38,47,36,571000,574000,567000,-16639,-10155,-10676,-8,2079.88,36,47,,46,53,39,47
504087,Scott Drinkwater,2,635000,567000,592417,550119,548947,557801,65,53,44,24,43,43,50,49,48,21,33,635000,604000,567000,-42298,-1172,8854,-15,2819.87,33,21,,8,74,50,65
100004373,Siua Wong,2,570000,567000,557355,566891,562071,562071,42,43,47,50,41,1,42,39,0,40,48,570000,565000,567000,9536,-4820,0,0,,48,40,,7,48,42,42
506040,Braidon Burns,2,570000,566000,553954,575669,580879,588042,36,36,38,29,33,27,45,43,48,31,62,570000,556000,566000,21715,5210,7163,9,2412.78,62,31,,49,76,45,36
506682,Bradman Best,2,584000,565000,558711,561722,567710,571746,46,45,38,43,38,38,43,50,43,33,48,584000,570000,565000,3011,5988,4036,-3,-1003.67,48,33,,36,80,43,46
500687,Junior Paulo,2,593000,564000,576108,548194,537772,532300,55,54,52,11,13,17,41,41,41,38,32,593000,584000,564000,-27914,-10422,-5472,-14,1993.86,32,38,,55,55,41,55
503639,Nat Butcher,2,532000,563000,577471,570735,578935,578935,38,38,37,29,24,1,46,48,0,63,34,532000,555000,563000,-6736,8200,0,8,-842.0,34,63,,1,38,46,38
100007927,Thomas Jenkins,2,504000,562000,574094,563020,561065,553767,33,45,47,48,46,36,34,43,40,76,31,504000,544000,562000,-11074,-1955,-7298,1,-11074.0,31,76,,17,62,34,33
100006093,Isaiah Iongi,2,496000,560000,533777,595246,617239,624136,15,18,24,1,2,9,48,47,44,57,67,496000,516000,560000,61469,21993,6897,33,1862.7,67,57,,51,76,48,15
507062,Briton Nikora,2,555000,559000,536922,569733,580146,583660,34,35,33,25,21,28,44,47,42,35,60,555000,546000,559000,32811,10413,3514,10,3281.1,60,35,,19,80,44,34
505894,Jake Clifford,2,561000,552000,544420,550022,548851,547159,42,43,43,48,48,45,41,42,41,37,46,561000,554000,552000,5602,-1171,-1692,-1,-5602.0,46,37,,44,80,41,42
509634,Tolutau Koula,2,515000,549000,580679,549000,545273,544752,45,79,73,1,1,2,0,41,45,73,16,515000,551000,549000,-31679,-3727,-521,-45,703.98,16,73,,18,81,0,45
100006297,Sualauvi Faalogo,2,467000,548000,505203,593437,621807,624930,3,11,18,1,2,14,46,47,38,55,80,467000,487000,548000,88234,28370,3123,43,2051.95,80,55,,13,78,46,3
505736,Morgan Knowles,2,550000,545000,555577,536060,527981,521466,47,48,49,13,10,8,39,39,39,46,32,550000,553000,545000,-19517,-8079,-6515,-8,2439.62,32,46,,0,59,39,47
506278,Moeaki Fotuaika,2,566000,545000,565228,532447,525023,520985,52,50,48,19,23,26,41,41,40,41,29,566000,563000,545000,-32781,-7424,-4038,-11,2980.09,29,41,,47,42,41,52
100007811,Kulikefu Finefeuiaki,2,484000,543000,512780,573079,586246,588332,17,22,30,3,10,19,44,40,42,54,64,484000,502000,543000,60299,13167,2086,27,2233.3,64,54,,15,80,44,17
503327,Connor Watson,2,622000,542000,545799,518635,510826,510826,64,56,47,8,21,1,43,44,0,11,36,622000,581000,542000,-27164,-7809,0,-21,1293.52,36,11,,1,30,43,64
504123,Wayde Egan,2,584000,541000,551406,521446,506871,496590,56,54,53,9,9,9,39,37,36,30,31,584000,567000,541000,-29960,-14575,-10281,-17,1762.35,31,30,,37,63,39,56
501271,Luke Garner,2,510000,537000,529650,543144,546399,546139,31,37,39,35,37,45,37,42,41,50,47,510000,521000,537000,13494,3255,-260,6,2249.0,47,50,,18,43,37,31
508009,Kotoni Staggs,2,573000,537000,539996,525240,519643,516909,50,48,45,26,33,35,40,41,39,27,40,573000,554000,537000,-14756,-5597,-2734,-10,1475.6,40,27,,35,80,40,50
100004843,Sam Walker,2,570000,537000,539617,527091,517976,517976,49,47,48,29,27,1,40,37,0,27,42,570000,551000,537000,-12526,-9115,0,-9,1391.78,42,27,,3,62,40,49
500043,Dane Gagai,2,532000,534000,527026,535814,535684,534251,39,40,41,44,50,47,41,40,40,41,43,532000,532000,534000,8788,-130,-1433,2,4394.0,43,41,,37,80,41,39
509529,Tallis Duncan,2,551000,534000,555878,524252,524252,522429,53,48,78,32,1,4,44,0,44,45,23,551000,553000,534000,-31626,0,-1823,-9,3514.0,23,45,,34,58,44,53
500005,Roger Tuivasa-Sheck,2,559000,532000,559854,515923,510057,512925,57,52,47,10,22,40,42,43,44,42,20,559000,557000,532000,-43931,-5866,2868,-15,2928.73,20,42,,34,80,42,57
507965,Kitione Kautoga,2,554000,529000,540923,521358,518231,516537,51,46,43,33,38,40,44,41,39,36,31,554000,546000,529000,-19565,-3127,-1694,-7,2795.0,31,36,,44,80,44,51
507915,Trey Mooney,2,450000,526000,520974,559806,581182,595519,15,18,23,4,6,7,46,45,49,66,53,450000,484000,526000,38832,21376,14337,31,1252.65,53,66,,1,50,46,15
502072,Jesse Ramien,2,479000,523000,529133,533219,539207,541290,30,34,36,17,22,28,40,42,42,63,35,479000,507000,523000,4086,5988,2083,10,408.6,35,63,,56,80,40,30
507833,Peter Mamouzelos,2,540000,522000,534960,512368,512368,505208,48,46,76,25,1,1,40,0,38,39,30,540000,537000,522000,-22592,0,-7160,-8,2824.0,30,39,,42,54,40,48
504325,Greg Marzhew,2,527000,520000,528260,515350,511836,512747,45,43,43,40,40,47,41,39,42,43,31,527000,529000,520000,-12910,-3514,911,-4,3227.5,31,43,,50,80,41,45
505460,Reed Mahoney,2,489000,520000,518402,527262,529087,527001,34,36,39,36,43,50,40,39,39,56,36,489000,508000,520000,8860,1825,-2086,6,1476.67,36,56,,1,68,40,34
507850,Ben Trbojevic,2,504000,520000,503156,520000,529486,536650,30,64,60,1,3,10,0,39,42,40,52,504000,505000,520000,16844,9486,7164,-30,-561.47,52,40,,37,81,0,30
501247,Josh King,2,505000,519000,504023,527151,530410,532105,32,35,37,23,33,33,39,39,41,40,50,505000,506000,519000,23128,3259,1695,7,3304.0,50,40,,56,63,39,32
504251,Taniela Paseka,2,500000,518000,520379,518000,522772,524987,36,69,62,1,1,2,0,40,40,49,38,500000,511000,518000,-2379,4772,2215,-36,66.08,38,49,,51,55,0,36
503922,Sione Katoa,2,468000,515000,508371,532763,544880,550222,25,28,30,13,14,20,41,43,42,57,45,468000,490000,515000,24392,12117,5342,16,1524.5,45,57,,21,80,41,25
508443,Murray Taulagi,2,508000,515000,538449,508860,507557,506385,45,44,42,32,44,41,39,42,39,53,23,508000,523000,515000,-29589,-1303,-1172,-6,4931.5,23,53,,45,80,39,45
504363,Kyle Flanagan,2,533000,514000,531675,501031,489316,486582,50,48,49,6,5,15,38,35,41,40,26,533000,531000,514000,-30644,-11715,-2734,-12,2553.67,26,40,,63,85,38,50
504597,Phoenix Crossland,2,498000,514000,521640,512132,510960,508095,39,41,41,43,47,40,37,40,38,52,31,498000,512000,514000,-9508,-1172,-2865,-2,4754.0,31,52,,47,80,37,39
508629,Jake Simpkin,2,509000,513000,532732,513000,507800,510665,45,75,66,1,1,10,0,40,45,51,24,509000,521000,513000,-19732,-5200,2865,-45,438.49,24,51,,18,67,0,45
505410,Brian To'o,2,533000,512000,496638,514152,520138,528206,37,36,33,41,31,24,40,43,43,22,54,533000,512000,512000,17514,5986,8068,3,5838.0,54,22,,28,62,40,37
505537,Nick Meaney,2,529000,508000,530254,494746,494355,497351,51,48,40,22,42,50,39,45,40,40,23,529000,528000,508000,-35508,-391,2996,-12,2959.0,23,40,,40,80,39,51
506156,Tom Gilbert,2,513000,508000,486047,519142,524738,527992,31,30,33,20,27,30,42,38,40,26,58,513000,498000,508000,33095,5596,3254,11,3008.64,58,26,,28,40,42,31
504065,Sam McIntyre,2,458000,506000,491896,520581,522927,518626,23,30,37,13,33,50,36,35,37,55,47,458000,479000,506000,28685,2346,-4301,13,2206.54,47,55,,24,75,36,23
506259,AJ Brimson,2,542000,505000,507402,494066,490549,491591,48,45,41,24,36,44,38,40,39,23,39,542000,521000,505000,-13336,-3517,1042,-10,1333.6,39,23,,39,80,38,48
507949,Connelly Lemuelu,2,449000,504000,492877,522926,531906,534899,19,26,31,13,21,27,37,39,41,57,49,449000,473000,504000,30049,8980,2993,18,1669.39,49,57,,1,80,37,19
503443,Reuben Garrick,2,551000,503000,508737,503000,481129,468632,54,80,71,1,1,1,0,34,37,23,31,551000,529000,503000,-5737,-21871,-12497,-54,106.24,31,23,,11,81,0,54
100004700,Daniel Atkinson,2,450000,503000,485228,519092,520133,505034,22,28,38,15,36,24,37,33,28,59,44,450000,476000,503000,33864,1041,-15099,15,2257.6,44,59,,1,85,37,22
506482,David Fifita,2,500000,502000,496690,495609,495609,497955,36,43,73,38,2,7,30,0,44,37,43,500000,498000,502000,-1081,0,2346,-6,180.17,43,37,,1,76,30,36
100013674,Leka Halasima,2,498000,502000,463049,523706,537786,552648,24,23,25,12,16,10,44,40,47,22,69,498000,480000,502000,60657,14080,14862,20,3032.85,69,22,,1,58,44,24
100008071,Dominic Young,2,440000,498000,486571,519402,520444,513929,17,25,37,8,36,47,37,30,36,56,51,440000,464000,498000,32831,1042,-6515,20,1641.55,51,56,,11,80,37,17
505643,Jake Averillo,2,481000,497000,484183,503622,507793,505317,30,34,35,28,31,50,36,39,35,40,47,481000,484000,497000,19439,4171,-2476,6,3239.83,47,40,,46,76,36,30
504298,Mat Croker,2,500000,494000,494128,486469,478129,471353,41,43,45,24,19,16,34,34,35,38,34,500000,499000,494000,-7659,-8340,-6776,-7,1094.14,34,38,,42,58,34,41
505414,Mitch Kenny,2,521000,494000,490247,488307,487136,487266,43,41,38,34,43,47,38,39,37,25,41,521000,504000,494000,-1940,-1171,130,-5,388.0,41,25,,35,62,38,43
504315,Thomas Flegler,2,500000,493000,521818,485166,482039,485687,47,44,41,29,35,47,40,39,42,46,20,500000,508000,493000,-36652,-3127,3648,-7,5236.0,20,46,,38,33,40,47
100006524,Ethan Strange,2,508000,493000,477806,503390,515642,527764,36,30,27,32,25,21,45,43,43,23,52,508000,490000,493000,25584,12252,12122,9,2842.67,52,23,,14,81,45,36
100009148,Jye Gray,2,500000,493000,501601,492181,492181,495304,39,38,68,50,1,3,39,0,41,36,37,500000,497000,493000,-9420,0,3123,0,,37,36,,40,80,39,39
505626,Dylan Brown,2,486000,492000,486731,492000,497107,500103,33,65,58,2,4,10,0,38,38,37,44,486000,485000,492000,5269,5107,2996,-33,-159.67,44,37,,27,61,0,33
100006166,Morgan Smithies,2,487000,489000,503210,488358,488358,489660,39,38,37,50,50,43,39,38,39,43,31,487000,493000,489000,-14852,0,1302,0,,31,43,,67,36,39,39
501559,Charnze Nicoll-Klokstad,2,481000,486000,494742,486000,485943,491807,38,68,60,2,5,18,0,38,43,43,32,481000,487000,486000,-8742,-57,5864,-38,230.05,32,43,,25,74,0,38
503523,Jacob Saifiti,2,451000,483000,479958,495135,498522,500867,27,29,34,21,33,33,38,35,40,49,41,451000,466000,483000,15177,3387,2345,11,1379.73,41,49,,49,53,38,27
504371,Gehamat Shibasaki,2,560000,481000,518577,443692,429615,429094,71,62,50,1,9,21,36,41,37,21,7,560000,535000,481000,-74885,-14077,-521,-35,2139.57,7,21,,8,80,36,71
506153,Ethan Bullemor,2,499000,481000,488997,481000,471217,468611,44,72,64,1,1,1,0,35,39,33,31,499000,493000,481000,-7997,-9783,-2606,-44,181.75,31,33,,62,38,0,44
503450,Tevita Tatola,2,463000,480000,479567,494825,494825,504860,30,27,59,8,1,2,44,0,39,42,41,463000,469000,480000,15258,0,10035,14,1089.86,41,42,,58,51,44,30
100004042,Paul Alamoti,2,517000,480000,485748,472645,468871,471344,48,41,39,34,36,50,42,36,39,25,31,517000,500000,480000,-13103,-3774,2473,-6,2183.83,31,25,,28,62,42,48
502014,Jamayne Isaako,2,481000,479000,493222,469682,461213,456653,43,44,44,25,23,28,34,34,36,44,24,481000,488000,479000,-23540,-8469,-4560,-9,2615.56,24,44,,20,80,34,43
100004865,Jack Howarth,2,452000,478000,462221,491741,499939,502281,23,27,29,13,17,25,36,38,37,40,51,452000,457000,478000,29520,8198,2342,13,2270.77,51,40,,37,80,36,23
501781,Lindsay Collins,2,463000,477000,479629,480814,479641,479641,33,34,38,31,50,1,37,34,0,44,35,463000,472000,477000,1185,-1173,0,4,296.25,35,44,,48,50,37,33
100001349,Chris Randall,2,487000,476000,467866,479709,485958,493378,34,33,31,40,33,29,38,40,40,26,47,487000,474000,476000,11843,6249,7420,4,2960.75,47,26,,27,51,38,34
504321,Braydon Trindall,2,416000,475000,485635,485427,489593,487380,25,31,34,19,30,43,35,37,36,69,26,416000,456000,475000,-208,4166,-2213,10,-20.8,26,69,,19,80,35,25
100003194,Christian Tuipulotu,2,507000,475000,478302,464845,459637,456512,47,43,40,32,36,38,38,36,34,27,30,507000,493000,475000,-13457,-5208,-3125,-9,1495.22,30,27,,1,81,38,47
500622,Tyson Frizell,2,479000,470000,473841,472477,479517,488904,39,34,31,42,24,16,41,41,41,33,35,479000,474000,470000,-1364,7040,9387,2,-682.0,35,33,,61,42,41,39
506851,Chanel Harris-Tavita,2,501000,470000,513384,470000,444392,440356,59,83,70,1,1,5,0,36,45,45,0,501000,508000,470000,-43384,-25608,-4036,-59,735.32,0,45,,21,45,0,59
500108,Alex Johnston,2,463000,467000,448337,474828,474828,478215,29,30,60,35,5,9,36,0,35,30,49,463000,456000,467000,26491,0,3387,7,3784.43,49,30,,24,80,36,29
501461,Moses Leota,2,501000,466000,473297,452167,445787,445396,46,45,41,10,16,29,34,36,36,24,31,501000,485000,466000,-21130,-6380,-391,-12,1760.83,31,24,,51,36,34,46
507846,Kaeo Weekes,2,467000,466000,470708,458553,452304,449700,41,41,41,37,37,41,34,34,36,43,24,467000,474000,466000,-12155,-6249,-2604,-7,1736.43,24,43,,1,81,34,41
500729,Clinton Gutherson,2,503000,465000,476768,450730,447605,448126,49,45,38,18,33,42,36,39,35,25,27,503000,488000,465000,-26038,-3125,521,-13,2002.92,27,25,,36,78,36,49
100006683,Josiah Karapani,2,505000,464000,479761,448356,437932,431547,53,46,44,20,23,25,38,33,32,27,21,505000,492000,464000,-31405,-10424,-6385,-15,2093.67,21,27,,21,80,38,53
100013751,Savelio Tamale,2,468000,464000,476828,449947,436935,422882,41,46,47,20,17,11,28,31,28,41,25,468000,473000,464000,-26881,-13012,-14053,-13,2067.77,25,41,,1,81,28,41
504294,Campbell Graham,2,440000,463000,462806,474431,474431,484852,26,28,59,9,1,1,37,0,40,42,42,440000,448000,463000,11625,0,10421,11,1056.82,42,42,,55,80,37,26
500002,Daniel Tupou,2,486000,461000,466525,451063,448067,448067,43,42,38,18,30,1,34,37,0,27,32,486000,474000,461000,-15462,-2996,0,-9,1718.0,32,27,,19,62,34,43
100006241,Hamish Stewart,2,442000,461000,456511,465913,465392,465392,30,33,36,39,50,47,34,33,37,43,37,442000,451000,461000,9402,-521,0,4,2350.5,37,43,,10,58,34,30
504101,Moses Suli,2,462000,459000,458458,458857,458596,458335,34,35,35,50,50,50,34,35,35,32,39,462000,458000,459000,399,-261,-261,0,,39,32,,45,79,34,34
100008940,Jaxon Purdue,2,468000,459000,449003,461355,460704,462528,32,33,35,43,50,43,34,33,37,24,48,468000,455000,459000,12352,-651,1824,2,6176.0,48,24,,46,80,34,32
100011678,Casey McLean,2,480000,459000,445684,459265,461220,466304,37,34,33,50,43,33,37,36,38,21,44,480000,462000,459000,13581,1955,5084,0,,44,21,,30,62,37,37
500265,Kodi Nikorima,2,495000,458000,474369,441853,433781,434432,50,46,42,21,27,39,35,35,37,27,23,495000,482000,458000,-32516,-8072,651,-15,2167.73,23,27,,1,80,35,50
500459,Luciano Leilua,2,430000,457000,448283,469204,478322,479625,25,27,28,16,16,29,36,38,34,43,42,430000,440000,457000,20921,9118,1303,11,1901.91,42,43,,42,68,36,25
100010997,Will Warbrick,2,426000,457000,441992,481132,490512,494030,17,18,26,13,24,29,39,32,37,35,58,426000,428000,457000,39140,9380,3518,22,1779.09,58,35,,1,77,39,17
500852,Scott Sorensen,2,495000,456000,471589,443993,437357,437487,50,42,40,24,31,40,39,34,36,26,23,495000,481000,456000,-27596,-6636,130,-11,2508.73,23,26,,1,23,39,50
500405,Coen Hess,2,462000,455000,470841,452493,454445,459259,40,36,33,44,44,34,38,38,38,38,26,462000,464000,455000,-18348,1952,4814,-2,9174.0,26,38,,55,35,38,40
100004534,Ezra Mam,2,475000,455000,455430,445536,437726,430958,40,41,41,31,29,27,32,32,31,28,33,475000,465000,455000,-9894,-7810,-6768,-8,1236.75,33,28,,4,65,32,40
100003898,Ryley Smith,2,473000,452000,447912,450381,454940,459889,38,35,31,46,34,31,37,39,36,24,38,473000,459000,452000,2469,4559,4949,-1,-2469.0,38,24,,49,59,37,38
500257,Ben Hunt,2,463000,450000,467670,445746,449655,462945,42,37,32,35,38,12,38,40,44,35,25,463000,462000,450000,-21924,3909,13290,-4,5481.0,25,35,,46,57,38,42
500083,Dylan Walker,2,448000,449000,462196,445652,445261,445913,39,37,36,33,44,44,36,36,35,42,23,448000,456000,449000,-16544,-391,652,-3,5514.67,23,42,,65,45,36,39
500646,Luke Brooks,2,437000,449000,432186,449000,462113,474099,24,54,48,6,12,27,0,36,39,30,51,437000,433000,449000,16814,13113,11986,-24,-700.58,51,30,,10,81,0,24
100011191,Lehi Hopoate,2,496000,448000,480230,448000,424186,428096,57,79,65,1,3,25,0,35,49,28,11,496000,484000,448000,-32230,-23814,3910,-57,565.44,11,28,,1,81,0,57
505918,Phillip Sami,2,513000,446000,471313,418878,405593,402467,59,52,45,4,11,20,34,34,33,16,17,513000,487000,446000,-52435,-13285,-3126,-25,2097.4,17,16,,21,80,34,59
100006848,Blaize Talagi,2,435000,444000,434587,441984,440422,438079,28,36,36,46,42,39,27,34,33,35,40,435000,436000,444000,7397,-1562,-2343,-1,-7397.0,40,35,,33,62,27,28
500301,Jason Taumalolo,2,439000,443000,450261,448265,454251,459976,33,30,29,28,21,18,38,37,37,37,33,439000,442000,443000,-1996,5986,5725,5,-399.2,33,37,,72,45,38,33
504426,Emre Guler,2,440000,442000,457467,440969,447867,453724,38,35,29,46,27,24,37,41,36,42,23,440000,448000,442000,-16498,6898,5857,-1,16498.0,23,42,,50,44,37,38
505564,Lachlan Ilias,2,442000,442000,438301,452307,461564,465736,32,27,26,21,18,24,41,37,34,31,39,442000,438000,442000,14006,9257,4172,9,1556.22,39,31,,52,80,41,32
510238,Thomas Hazelton,2,457000,442000,455952,429125,424565,420657,43,43,39,15,28,25,31,36,31,35,22,457000,456000,442000,-26827,-4560,-3908,-12,2235.58,22,35,,40,37,31,43
504678,Egan Butcher,2,440000,440000,439309,441944,445464,445464,32,33,31,44,41,1,34,36,0,32,37,440000,438000,440000,2635,3520,0,2,1317.5,37,32,,30,38,34,32
506567,Kobe Hetherington,2,461000,440000,459985,440000,424062,413649,46,70,62,1,1,1,0,32,32,36,16,461000,461000,440000,-19985,-15938,-10413,-46,434.46,16,36,,41,40,0,46
100004649,Selwyn Cobbo,2,454000,440000,450958,436450,439446,447651,39,36,31,40,44,26,36,38,39,31,29,454000,449000,440000,-14508,2996,8205,-3,4836.0,29,31,,38,80,36,39
504411,Bailey Simonsson,2,468000,439000,450355,425248,417564,418476,46,43,40,16,22,38,33,33,36,28,23,468000,459000,439000,-25107,-7684,912,-13,1931.31,23,28,,44,75,33,46
500751,Jake Trbojevic,2,443000,436000,438384,436000,441298,449506,33,60,49,1,1,13,0,38,38,28,38,443000,436000,436000,-2384,5298,8208,-33,72.24,38,28,,64,63,0,33
100004833,Xavier Willison,2,468000,436000,435492,425099,419632,420803,40,40,37,25,32,45,30,33,35,18,37,468000,448000,436000,-10393,-5467,1171,-10,1039.3,37,18,,25,50,30,40
100000129,Simi Sasagi,2,374000,435000,401546,467034,484887,499352,4,12,18,3,7,5,33,35,43,41,65,374000,387000,435000,65488,17853,14465,29,2258.21,65,41,,46,78,33,4
505413,Billy Burns,2,438000,430000,445440,422122,423294,428113,39,39,33,32,47,42,32,38,36,36,23,438000,440000,430000,-23318,1172,4819,-7,3331.14,23,36,,1,80,32,39
504279,William Kennedy,2,421000,427000,434754,425035,421647,418780,35,35,36,43,37,37,33,31,32,41,24,421000,430000,427000,-9719,-3388,-2867,-2,4859.5,24,41,,55,80,33,35
506446,Lachlan Hubner,2,475000,427000,450209,406238,406238,391916,54,46,67,4,1,1,35,0,29,25,12,475000,462000,427000,-43971,0,-14322,-19,2314.26,12,25,,21,16,35,54
100010528,Ativalu Lisati,2,285000,427000,389923,489246,525076,533675,-19,-8,4,1,1,6,38,38,34,74,67,285000,341000,427000,99323,35830,8599,57,1742.51,67,74,,1,80,38,-19
100004869,Griffin Neame,2,475000,424000,437692,409475,405702,412078,48,41,35,13,31,43,35,35,37,15,26,475000,451000,424000,-28217,-3773,6376,-13,2170.54,26,15,,34,38,35,48
100008220,Jojo Fifita,2,451000,422000,419706,416087,413354,417649,39,35,34,33,39,43,34,32,36,20,33,451000,435000,422000,-3619,-2733,4295,-5,723.8,33,20,,25,80,34,39
100010109,Klese Haas,2,430000,421000,414208,429424,437497,441143,30,26,25,27,25,30,38,35,32,23,42,430000,419000,421000,15216,8073,3646,8,1902.0,42,23,,22,32,38,30
504460,Oregon Kaufusi,2,435000,419000,424977,407966,401976,397028,39,40,37,13,19,19,29,32,29,30,25,435000,431000,419000,-17011,-5990,-4948,-10,1701.1,25,30,,37,29,29,39
509579,Sandon Smith,2,439000,419000,414490,411145,402818,397484,36,37,38,33,28,30,29,28,30,23,34,439000,427000,419000,-3345,-8327,-5334,-7,477.86,34,23,,32,67,29,36
100001946,Heilum Luki,2,300000,419000,398151,481683,527911,574139,-11,-10,-6,1,1,1,47,46,62,68,59,300000,348000,419000,83532,46228,46228,58,1440.21,59,68,,38,80,47,-11
100008236,Jermaine McEwen,2,412000,419000,421300,425464,436140,444082,31,27,23,30,15,15,37,39,35,37,30,412000,417000,419000,4164,10676,7942,6,694.0,30,37,,53,74,37,31
500339,Jack Wighton,2,401000,416000,413938,425201,425201,431061,26,25,53,25,3,7,35,0,33,37,35,401000,407000,416000,11263,0,5860,9,1251.44,35,37,,30,80,35,26
100003925,Ethan Sanders,2,350000,413000,414961,436801,452564,460511,14,16,19,2,3,5,36,36,36,58,34,350000,383000,413000,21840,15763,7947,22,992.73,34,58,,43,81,36,14
100008216,Joe Chan,2,311000,413000,403017,448276,470149,477570,-1,9,15,1,3,8,32,37,35,69,44,311000,360000,413000,45259,21873,7421,33,1371.48,44,69,,19,76,32,-1
507680,Tyran Wishart,2,398000,403000,425210,401413,413261,421724,35,32,23,48,25,27,34,43,33,42,17,398000,410000,403000,-23797,11848,8463,-1,23797.0,17,42,,17,36,34,35
100006323,Noah Martin,2,250000,403000,368631,462492,492986,497026,-22,-8,7,2,6,18,33,33,31,80,60,250000,316000,403000,93861,30494,4040,55,1706.56,60,80,,1,81,33,-22
100006533,Blake Steep,2,423000,400000,403469,387194,375615,375615,39,39,40,21,17,1,28,26,0,26,23,423000,415000,400000,-16275,-11579,0,-11,1479.55,23,26,,10,17,28,39
100004272,Jesse Colquhoun,2,347000,399000,377489,428148,449770,459148,7,11,13,1,2,5,34,37,33,40,53,347000,361000,399000,50659,21622,9378,27,1876.26,53,40,,33,50,34,7
509762,Sean Russell,2,364000,398000,405287,405669,409186,408014,24,26,28,22,29,41,31,31,30,49,25,364000,386000,398000,382,3517,-1172,7,54.57,25,49,,41,80,31,24
504148,Sebastian Kris,2,421000,397000,408888,380704,367303,358716,41,41,41,14,14,16,26,26,27,27,20,421000,415000,397000,-28184,-13401,-8587,-15,1878.93,20,27,,1,81,26,41
507924,Max Feagai,2,426000,395000,400875,378724,369214,367651,41,41,38,9,14,26,26,29,31,21,24,426000,413000,395000,-22151,-9510,-1563,-15,1476.73,24,21,,42,80,26,41
500406,Corey Jensen,2,407000,393000,372231,400060,408910,413595,24,24,22,18,10,15,31,34,30,12,51,407000,386000,393000,27829,8850,4685,7,3975.57,51,12,,38,37,31,24
508026,Adam Pompey,2,391000,393000,412873,398791,404776,406988,34,26,25,35,33,37,40,33,30,39,18,391000,400000,393000,-14082,5985,2212,6,-2347.0,18,39,,10,80,40,34
100013336,Demitric Vaimauga,2,434000,392000,397064,380681,374562,370786,43,37,34,18,23,26,33,29,27,16,24,434000,415000,392000,-16383,-6119,-3776,-10,1638.3,24,16,,42,32,33,43
507925,Mathew Feagai,2,477000,389000,418373,346942,317650,304241,64,58,54,2,3,6,26,22,25,9,2,477000,446000,389000,-71431,-29292,-13409,-38,1879.76,2,9,,1,30,26,64
500611,Cody Walker,2,347000,386000,404988,400705,400705,413195,23,20,48,15,7,16,37,0,35,53,20,347000,375000,386000,-4283,0,12490,14,-305.93,20,53,,1,76,37,23
100007650,Deine Mariner,2,421000,383000,396806,366458,359043,360994,42,40,35,18,27,43,27,30,32,18,22,421000,405000,383000,-30348,-7415,1951,-15,2023.2,22,18,,1,80,27,42
509559,Samuel Stonestreet,2,370000,380000,369610,385025,385155,386196,23,25,28,36,44,41,28,27,31,30,36,370000,371000,380000,15415,130,1041,5,3083.0,36,30,,19,80,28,23
510366,Oryn Keeley,2,373000,380000,384501,386472,388555,386212,28,24,27,34,39,50,34,28,27,34,27,373000,378000,380000,1971,2083,-2343,6,328.5,27,34,,13,36,34,28
502016,Jayden Brailey,2,445000,378000,401634,351426,341917,344392,55,46,37,10,23,37,31,32,31,13,8,445000,421000,378000,-50208,-9509,2475,-24,2092.0,8,13,,1,29,31,55
504006,Fetalaiga Pauga,2,350000,376000,388223,388694,402632,402632,22,20,18,14,8,5,34,36,0,41,28,350000,365000,376000,471,13938,0,12,39.25,28,41,,8,62,34,22
506492,Cory Paix,2,409000,376000,379846,358276,348385,340837,39,41,37,7,12,12,23,28,24,18,24,409000,394000,376000,-21570,-9891,-7548,-16,1348.12,24,18,,39,48,23,39
509524,Jonah Pezet,2,400000,374000,355474,363696,355883,350935,32,35,35,22,22,22,23,26,26,14,35,400000,381000,374000,8222,-7813,-4948,-9,-913.56,35,14,,1,80,23,32
510220,Xavier Savage,2,316000,373000,363043,390616,396603,394911,10,17,24,16,28,41,27,27,28,50,35,316000,344000,373000,27573,5987,-1692,17,1621.94,35,50,,1,81,27,10
503533,Josh Kerr,2,379000,369000,372625,369617,368836,369487,30,27,28,46,50,46,31,27,29,24,29,379000,373000,369000,-3008,-781,651,1,-3008.0,29,24,,51,27,31,30
100004109,Ata Mariota,2,368000,365000,363836,363241,362329,362068,29,29,29,40,45,45,27,28,28,27,28,368000,366000,365000,-595,-912,-261,-2,297.5,28,27,,34,28,27,29
100002660,Brad Schneider,2,335000,364000,356495,377428,387336,393463,18,19,20,26,26,27,30,31,31,37,34,335000,347000,364000,20933,9908,6127,12,1744.42,34,37,,1,61,30,18
100006296,Ali Leiataua,2,364000,362000,335087,372382,380969,392679,18,20,19,24,24,13,28,30,35,14,50,364000,348000,362000,37295,8587,11710,10,3729.5,50,14,,1,80,28,18
100008396,Ryan Couchman,2,250000,362000,331227,409938,446377,465507,-16,-4,-1,1,1,1,29,40,36,58,59,250000,292000,362000,78711,36439,19130,45,1749.13,59,58,,1,57,29,-16
502695,Jack Cogger,2,420000,360000,387114,360000,320398,290666,54,69,65,1,1,1,0,17,19,16,4,420000,402000,360000,-27114,-39602,-29732,-54,502.11,4,16,,1,18,0,54
500600,Matthew Lodge,2,378000,354000,361106,352193,357273,360008,35,28,23,44,38,41,33,32,26,19,24,378000,367000,354000,-8913,5080,2735,-2,4456.5,24,19,,23,27,33,35
508071,Aublix Tawha,2,411000,352000,365667,330882,320863,324376,46,40,35,5,13,37,27,27,31,8,17,411000,385000,352000,-34785,-10019,3513,-19,1830.79,17,8,,21,27,27,46
100004781,Tom Chester,2,250000,351000,313571,410727,450941,474627,-17,-14,-7,1,1,1,38,36,38,47,67,250000,280000,351000,97156,40214,23686,55,1766.47,67,47,,1,80,38,-17
500598,Felise Kaufusi,2,351000,348000,346190,353666,360430,368364,25,22,20,27,21,14,31,30,31,24,30,351000,347000,348000,7476,6764,7934,6,1246.0,30,24,,24,37,31,25
100018554,Moses Leo,2,250000,347000,350420,380019,399842,407667,1,6,12,9,13,20,31,31,31,68,28,250000,303000,347000,29599,19823,7825,30,986.63,28,68,,1,80,31,1
500168,Bronson Garlick,2,367000,342000,356932,325516,325516,316651,40,38,55,14,1,2,25,0,26,26,9,367000,364000,342000,-31416,0,-8865,-15,2094.4,9,26,,7,31,25,40
501290,Hame Sele,2,325000,342000,334742,351017,358436,361690,18,20,20,22,22,27,27,29,27,30,33,325000,330000,342000,16275,7419,3254,9,1808.33,33,30,,58,38,27,18
100007527,Benaiah Ioelu,2,327000,342000,344553,342000,341457,341457,25,47,44,1,2,1,0,24,0,36,21,327000,338000,342000,-2553,-543,0,-25,102.12,21,36,,16,37,0,25
100008234,Salesi Foketi,2,393000,334000,344013,308576,288022,288022,45,42,42,7,6,1,22,18,0,7,15,393000,367000,334000,-35437,-20554,0,-23,1540.74,15,7,,1,9,22,45
100013671,Tanner Stowers-Smith,2,340000,328000,328049,328649,329301,329953,28,24,24,50,44,44,28,25,25,19,27,340000,332000,328000,600,652,652,0,,27,19,,64,38,28,28
504326,Toby Rudolf,2,345000,327000,332432,328623,337603,349446,30,23,17,44,26,16,32,32,31,19,23,345000,336000,327000,-3809,8980,11843,2,-1904.5,23,19,,1,28,32,30
509563,Samuel Healey,2,350000,324000,337714,320112,322194,333645,33,27,23,44,48,32,30,28,33,17,20,350000,339000,324000,-17602,2082,11451,-3,5867.33,20,17,,1,24,30,33
100012134,Jacob Laban,2,335000,320000,300974,317059,311067,312500,24,26,29,42,34,47,21,20,28,12,35,335000,320000,320000,16085,-5992,1433,-3,-5361.67,35,12,,1,56,21,24
500170,Jack Gosiewski,2,332000,319000,340335,319000,303645,297916,36,53,48,1,2,8,0,22,27,31,5,332000,338000,319000,-21335,-15355,-5729,-36,592.64,5,31,,1,43,0,36
500532,Dallin Watene-Zelezniak,2,309000,316000,301578,331824,346937,360747,15,13,11,17,13,10,30,30,31,18,40,309000,302000,316000,30246,15113,13810,15,2016.4,40,18,,1,80,30,15
504175,Siosifa Talakai,2,344000,311000,323224,301722,300941,306145,36,29,24,26,44,41,28,27,27,16,14,344000,332000,311000,-21502,-781,5204,-8,2687.75,14,16,,37,25,28,36
507670,Jason Saab,2,347000,310000,334861,310000,287349,272630,42,56,49,1,1,1,0,21,21,20,4,347000,339000,310000,-24861,-22651,-14719,-42,591.93,4,20,,1,81,0,42
100009453,Arama Hau,2,250000,302000,279353,314703,313271,303249,4,15,24,14,43,29,16,17,18,39,35,250000,271000,302000,35350,-1432,-10022,12,2945.83,35,39,,1,80,16,4
500647,Nathan Brown,2,351000,298000,319978,298000,279411,269776,42,55,43,1,1,3,0,25,22,8,10,351000,330000,298000,-21978,-18589,-9635,-42,523.29,10,8,,1,18,0,42
506555,Kai O'Donnell,2,277000,298000,303244,301470,303812,302641,19,21,21,38,41,47,23,24,22,36,17,277000,293000,298000,-1774,2342,-1171,4,-443.5,17,36,,1,59,23,19
504573,Ben Talty,2,320000,297000,307366,279680,267565,272515,33,35,33,5,7,42,17,20,31,19,13,320000,314000,297000,-27686,-12115,4950,-16,1730.38,13,19,,13,27,17,33
500901,Tui Kamikamica,2,255000,277000,272487,292759,305895,316820,11,10,10,3,2,1,26,26,27,26,30,255000,262000,277000,20272,13136,10925,15,1351.47,30,26,,26,45,26,11
100008487,Billy Phillips,2,250000,274000,268618,293689,311540,326003,10,7,6,1,1,1,28,28,28,25,32,250000,256000,274000,25071,17851,14463,18,1392.83,32,25,,1,23,28,10
510696,Setu Tu,2,230000,271000,289946,287267,301572,312496,12,10,9,12,10,8,27,27,27,42,16,230000,256000,271000,-2679,14305,10924,15,-178.6,16,42,,0,73,27,12
507928,Jayden Sullivan,2,277000,270000,269198,275513,275513,281372,21,16,34,40,20,28,26,0,23,16,24,277000,271000,270000,6315,0,5859,5,1263.0,24,16,,46,55,26,21
100014118,Sialetili Faeamani,2,230000,270000,264742,296250,318638,335559,5,2,2,1,1,1,29,29,29,31,33,230000,244000,270000,31508,22388,16921,24,1312.83,33,31,,0,80,29,5
505631,Matt Doorey,2,297000,269000,274445,259994,256213,256735,31,27,24,17,27,38,22,21,21,12,15,297000,285000,269000,-14451,-3781,522,-9,1605.67,15,12,,38,25,22,31
100013815,Cooper Clarke,2,230000,268000,277489,288070,306026,320208,9,7,6,1,1,1,28,28,28,36,23,230000,250000,268000,10581,17956,14182,19,556.89,23,36,,0,26,28,9
504079,Pasami Saulo,2,250000,261000,257500,271898,288420,300259,14,12,6,16,4,4,24,30,24,21,27,250000,252000,261000,14398,16522,11839,10,1439.8,27,21,,56,32,24,14
505648,Kurtis Morrin,2,250000,261000,249756,273279,285263,295553,13,11,10,10,5,4,24,25,25,19,30,250000,249000,261000,23523,11984,10290,11,2138.45,30,19,,46,35,24,13
100014512,Cooper Bai,2,250000,261000,251401,275353,288490,299156,11,9,8,1,1,1,25,25,25,18,32,250000,248000,261000,23952,13137,10666,14,1710.86,32,18,,0,27,25,11
100006658,Tallyn Da Silva,2,250000,246000,251063,236631,232600,229220,23,25,23,24,33,30,15,20,17,23,10,250000,254000,246000,-14432,-4031,-3380,-8,1804.0,10,23,,1,22,15,23
504144,Kalani Going,2,250000,230000,231708,222969,220459,221516,27,25,22,1,3,14,18,18,18,9,15,250000,239000,230000,-8739,-2510,1057,-9,971.0,15,9,,0,22,18,27
508065,Terrell May,1,930000,919000,931834,910912,898279,886427,77,76,80,32,19,16,70,63,65,,62,930000,930000,919000,-20922,-12633,-11852,-7,2988.86,62,,,66,53,70,77
507878,Jacob Preston,1,720000,740000,740000,759570,774039,781600,43,43,45,6,7,11,61,60,59,74,,720000,740000,740000,19570,14469,7561,18,1087.22,74,,,63,85,61,43
100008107,Kai Pearce-Paul,1,695000,703000,691445,703739,702827,696442,48,54,55,47,47,30,49,53,49,,61,695000,695000,703000,12294,-912,-6385,1,12294.0,61,,,63,80,49,48
100006482,Fletcher Sharpe,1,717000,701000,701000,690105,677858,666523,64,61,64,31,26,21,54,48,48,41,,717000,701000,701000,-10895,-12247,-11335,-10,1089.5,41,,,16,26,54,64
100004133,Jacob Kiraz,1,664000,674000,674000,679089,676614,669972,44,48,53,39,48,39,49,47,48,61,,664000,674000,674000,5089,-2475,-6642,5,1017.8,61,,,24,85,49,44
500408,Viliame Kikau,1,628000,655000,655000,673056,681520,682692,31,38,43,10,20,30,48,49,50,74,,628000,655000,655000,18056,8464,1172,17,1062.12,74,,,36,82,48,31
504397,Max King,1,643000,647000,647000,648954,645959,642964,46,48,52,44,44,40,48,46,49,54,,643000,647000,647000,1954,-2995,-2995,2,977.0,54,,,61,53,48,46
507648,J'maine Hopgood,1,597000,600000,606871,608990,621892,635576,44,40,36,22,11,5,52,53,53,49,,597000,600000,600000,2119,12902,13684,8,264.88,49,,,55,54,52,44
505811,Adam Doueihi,1,557000,599000,556258,633512,674401,700445,17,22,14,6,2,3,49,66,54,,82,557000,557000,599000,77254,40889,26044,32,2414.19,82,,,24,80,49,17
502532,Alex Twal,1,570000,582000,571381,597848,608403,616743,36,33,36,9,13,13,51,46,49,,55,570000,570000,582000,26467,10555,8340,15,1764.47,55,,,61,61,51,36
500109,Apisai Koroisau,1,583000,568000,586502,567245,569982,574935,54,44,41,48,45,38,53,46,46,,31,583000,583000,568000,-19257,2737,4953,-1,19257.0,31,,,60,73,53,54
100007336,Lachlan Galvin,1,535000,566000,566000,596178,618070,630710,22,22,25,2,3,5,50,48,48,70,,535000,566000,566000,30178,21892,12640,28,1077.79,70,,,35,85,50,22
507807,Taylan May,1,610000,564000,614530,564000,526107,497067,74,101,88,1,1,1,0,39,36,,5,610000,610000,564000,-50530,-37893,-29040,-74,682.84,5,,,1,16,0,74
504374,Reuben Cotter,1,569000,559000,556655,554372,553199,555674,49,46,44,32,41,45,45,44,45,35,,569000,559000,559000,-2283,-1173,2475,-4,570.75,35,,,71,65,45,49
510577,Samuela Fainu,1,517000,556000,523929,587429,607357,616996,16,21,26,2,5,8,45,45,46,,76,517000,517000,556000,63500,19928,9639,29,2189.66,76,,,55,80,45,16
100002172,Max Plath,1,560000,555000,562255,554385,554645,552171,45,43,42,50,50,45,45,43,40,,39,560000,560000,555000,-7870,260,-2474,0,,39,,,27,42,45,45
509397,Matt Burton,1,549000,554000,554000,559603,565469,573812,39,39,38,35,32,21,44,45,48,47,,549000,554000,554000,5603,5866,8343,5,1120.6,47,,,34,85,44,39
100008243,Robert Toia,1,552000,540000,551565,531260,524751,524751,49,47,46,30,33,1,41,40,0,,32,552000,552000,540000,-20305,-6509,0,-8,2538.12,32,,,52,53,41,49
506628,Kelma Tuilagi,1,495000,533000,489642,566498,584226,591135,15,18,26,2,8,14,46,40,43,,73,495000,495000,533000,76856,17728,6909,31,2479.23,73,,,26,80,46,15
100006687,Harry Hayes,1,523000,531000,531000,533260,533390,534172,35,39,41,43,46,46,37,40,42,48,,523000,531000,531000,2260,130,782,2,1130.0,48,,,58,44,37,35
504712,Josh Curran,1,566000,530000,530000,493751,471349,463665,64,66,60,2,4,10,31,39,40,11,,566000,530000,530000,-36249,-22402,-7684,-33,1098.45,11,,,10,17,31,64
509757,Matthew Timoko,1,554000,530000,556779,530000,511050,500894,56,85,74,1,1,2,0,39,41,,21,554000,554000,530000,-26779,-18950,-10156,-56,478.2,21,,,28,20,0,56
508062,Stephen Crichton,1,523000,523000,523000,523484,521401,522052,39,39,41,47,47,47,40,38,42,41,,523000,523000,523000,484,-2083,651,1,484.0,41,,,60,85,40,39
504121,Jarome Luai,1,486000,517000,491078,550050,574418,587840,19,16,19,1,1,3,49,45,44,,66,486000,486000,517000,58972,24368,13422,30,1965.73,66,,,34,80,49,19
508480,Trai Fuller,1,550000,507000,487846,478045,468922,474396,68,59,47,9,24,44,41,45,44,3,,550000,507000,507000,-9801,-9123,5474,-27,363.0,3,,,1,9,41,68
502015,Connor Tracey,1,500000,502000,502000,499181,494624,489416,36,40,42,45,40,35,34,36,36,41,,500000,502000,502000,-2819,-4557,-5208,-2,1409.5,41,,,26,85,34,36
500872,Brian Kelly,1,505000,500000,500000,496646,496516,497557,41,40,38,42,50,47,38,40,39,35,,505000,500000,500000,-3354,-130,1041,-3,1118.0,35,,,30,80,38,41
100012669,Jahream Bula,1,499000,493000,505156,486772,480127,476479,42,42,43,31,28,31,36,35,37,,33,499000,499000,493000,-18384,-6645,-3648,-6,3064.0,33,,,32,80,36,42
504609,Alex Seyfarth,1,517000,491000,515194,467067,447524,435147,55,54,54,5,5,6,33,32,33,,16,517000,517000,491000,-48127,-19543,-12377,-22,2187.59,16,,,40,19,33,55
501351,Josh Addo-Carr,1,493000,466000,496422,446455,433811,429249,54,49,46,13,17,24,36,34,35,,13,493000,493000,466000,-49967,-12644,-4562,-18,2775.94,13,,,24,80,36,54
500973,Josh Papalii,1,477000,450000,450000,433159,425599,425990,53,46,41,8,19,33,37,36,36,12,,477000,450000,450000,-16841,-7560,391,-16,1052.56,12,,,45,38,37,53
508254,Taine Tuaupiki,1,439000,443000,442582,442016,445530,456073,30,34,31,50,39,23,30,38,42,,38,439000,439000,443000,-566,3514,10543,0,,38,,,25,71,30,30
500992,Kurt Capewell,1,426000,442000,456467,442000,458672,471304,23,53,45,3,10,25,0,38,37,48,,426000,442000,442000,-14467,16672,12632,-23,629.0,48,,,21,80,0,23
501179,Siosiua Taukeiaho,1,462000,431000,431000,431000,407252,391864,54,75,64,1,1,1,0,32,31,7,,462000,431000,431000,0,-23748,-15388,-54,-0.0,7,,,40,14,0,54
504714,Bronson Xerri,1,425000,428000,428000,428000,428665,426972,30,57,53,1,3,5,0,31,31,36,,425000,428000,428000,0,665,-1693,-30,-0.0,36,,,1,90,0,30
509128,Billy Smith,1,410000,423000,434692,423000,435739,435739,23,51,45,4,11,1,0,35,0,44,,410000,423000,423000,-11692,12739,0,-23,508.35,44,,,5,80,0,23
505612,Harrison Edwards,1,447000,421000,452098,399940,385624,380678,49,47,44,6,8,16,30,30,32,,11,447000,447000,421000,-52158,-14316,-4946,-19,2745.16,11,,,29,13,30,49
507922,Will Penisini,1,416000,420000,420000,420000,428384,438416,29,56,46,1,6,24,0,37,37,36,,416000,420000,420000,0,8384,10032,-29,-0.0,36,,,47,80,0,29
509527,Thomas Cant,1,440000,418000,398974,396785,386885,378027,47,47,41,11,21,17,27,34,26,14,,440000,418000,418000,-2189,-9900,-8858,-20,109.45,14,,,13,24,27,47
100013303,Jeral Skelton,1,386000,418000,386395,446829,467169,480468,11,12,16,3,5,6,37,36,38,,59,386000,386000,418000,60434,20340,13299,26,2324.38,59,,,12,64,37,11
505361,Sitili Tupouniua,1,414000,417000,417000,416316,413581,414102,30,33,34,48,43,50,29,30,34,35,,414000,417000,417000,-684,-2735,521,-1,684.0,35,,,19,42,29,30
509455,Sunia Turuva,1,401000,417000,406732,433400,442643,450715,21,20,24,11,16,14,36,32,37,,46,401000,401000,417000,26668,9243,8072,15,1777.87,46,,,15,80,36,21
508408,Samuel Hughes,1,425000,410000,410000,397599,389126,382608,42,40,39,12,16,14,30,30,28,19,,425000,410000,410000,-12401,-8473,-6518,-12,1033.42,19,,,19,18,30,42
503964,Ray Stone,1,406000,408000,402560,406975,403846,400587,30,32,34,46,39,36,29,29,30,,33,406000,406000,408000,4415,-3129,-3259,-1,-4415.0,33,,,33,36,29,30
503341,Corey Waddell,1,423000,405000,394009,405000,391821,385562,43,65,56,1,1,4,0,31,32,16,,423000,405000,405000,10991,-13179,-6259,-43,-255.6,16,,,19,25,0,43
502487,Marcelo Montoya,1,386000,399000,399000,410354,417128,420515,22,23,25,19,24,27,32,31,32,42,,386000,399000,399000,11354,6774,3387,10,1135.4,42,,,26,85,32,22
505864,Bailey Hayward,1,375000,393000,393000,410848,423866,432588,17,17,19,7,9,10,34,33,34,46,,375000,393000,393000,17848,13018,8722,17,1049.88,46,,,5,80,34,17
500601,Kurt Mann,1,389000,392000,392000,392275,391102,389148,28,30,31,50,46,42,28,29,29,33,,389000,392000,392000,275,-1173,-1954,0,,33,,,27,40,28,28
100004194,Fonua Pole,1,397000,382000,397606,375327,370378,368555,39,34,33,32,32,38,33,28,29,,17,397000,397000,382000,-22279,-4949,-1823,-6,3713.17,17,,,34,34,33,39
100006239,Ashton Ward,1,400000,381000,381000,381000,381000,381552,41,62,76,2,1,4,0,0,42,14,,400000,381000,381000,0,0,552,-41,-0.0,14,,,1,41,0,41
504301,Jaeman Salmon,1,360000,380000,380000,398848,413586,422064,16,16,17,8,8,11,33,33,32,46,,360000,380000,380000,18848,14738,8478,17,1108.71,46,,,32,51,33,16
504265,Sean Keppie,1,403000,378000,403082,356441,356441,344451,46,44,62,4,1,1,26,0,29,,8,403000,403000,378000,-46641,0,-11990,-20,2332.05,8,,,1,13,26,46
509297,Sione Fainu,1,354000,353000,360323,363507,370790,375732,27,19,20,16,19,19,37,28,29,,27,354000,354000,353000,3184,7283,4942,10,318.4,27,,,28,48,37,27
509444,Davvy Moale,1,361000,346000,337765,331308,320225,315662,37,37,36,10,11,18,23,24,26,14,,361000,346000,346000,-6457,-11083,-4563,-14,461.21,14,,,34,27,23,37
504377,Thomas Mikaele,1,353000,342000,342000,342000,336982,330853,34,53,44,1,2,3,0,29,23,17,,353000,342000,342000,0,-5018,-6129,-34,-0.0,17,,,4,9,0,34
504307,Brandon Wakeham,1,350000,341000,370752,341000,336651,341728,32,51,43,1,5,23,0,28,33,,19,350000,350000,341000,-29752,-4349,5077,-32,929.75,19,,,31,29,0,32
100007566,Alec MacDonald,1,367000,336000,336000,313838,311623,314489,46,41,29,6,32,41,26,35,26,0,,367000,336000,336000,-22162,-2215,2866,-20,1108.1,0,,,1,1,26,46
500213,Braden Hamlin-Uele,1,332000,318000,311991,309853,310374,316105,33,30,24,28,47,37,26,29,28,13,,332000,318000,318000,-2138,521,5731,-7,305.43,13,,,1,22,26,33
100008414,Fletcher Hunt,1,280000,312000,283800,342125,367801,384093,2,3,3,1,1,1,30,32,30,,51,280000,280000,312000,58325,25676,16292,28,2083.04,51,,,15,52,30,2
502756,Soni Luke,1,318000,306000,324081,298230,296669,299790,31,28,25,28,43,47,24,26,26,,14,318000,318000,306000,-25851,-1561,3121,-7,3693.0,14,,,1,24,24,31
509558,Jordan Samrani,1,311000,303000,304658,293955,287449,285887,28,29,28,28,30,38,20,22,24,,17,311000,311000,303000,-10703,-6506,-1562,-8,1337.88,17,,,1,80,20,28
506220,Harrison Graham,1,300000,299000,303225,297198,306066,313499,24,24,17,44,28,28,22,32,25,,22,300000,300000,299000,-6027,8868,7433,-2,3013.5,22,,,1,40,22,24
100004407,Joash Papalii,1,318000,292000,282781,270768,258531,256839,39,37,33,9,15,27,20,22,24,1,,318000,292000,292000,-12013,-12237,-1692,-19,632.26,1,,,1,10,20,39
100006424,Sam Tuivaiti,1,290000,292000,296315,291846,291324,292628,21,23,23,50,46,46,21,22,24,,24,290000,290000,292000,-4469,-522,1304,0,,24,,,14,26,21,21
100011335,Luke Laulilii,1,250000,292000,255250,328968,355676,378476,-6,-3,0,1,1,1,28,28,35,,58,250000,250000,292000,73718,26708,22800,34,2168.18,58,,,1,80,28,-6
100013780,Heamasi Makasini,1,250000,267000,262811,291023,316165,338311,9,3,0,1,1,1,31,31,31,,35,250000,250000,267000,28212,25142,22146,22,1282.36,35,,,0,80,31,9
510935,Tukimihia Simpkins,1,250000,260000,274380,274348,289048,301796,12,9,8,1,1,1,26,26,26,29,,250000,260000,260000,-32,14700,12748,14,-2.29,29,,,0,31,26,12
503336,Jack Hetherington,1,250000,252000,248732,254227,257226,258269,18,18,17,41,37,41,20,21,19,,21,250000,250000,252000,5495,2999,1043,2,2747.5,21,,,51,34,20,18
100006112,Paul Bryan,1,245000,245000,258498,245000,246172,251637,22,36,28,1,2,20,0,23,23,,15,,250000,245000,-13498,1172,5465,-22,613.55,15,,,0,22,0,22
507815,Hohepa Puru,1,250000,244000,245473,236894,228824,222316,22,24,25,21,12,12,16,15,16,,14,250000,250000,244000,-8579,-8070,-6508,-6,1429.83,14,,,15,16,16,22
500136,Royce Hunt,1,250000,243000,249774,236327,229686,226170,23,23,24,24,21,24,17,16,18,,13,250000,250000,243000,-13447,-6641,-3516,-6,2241.17,13,,,1,31,17,23
505633,Luke Sommerton,1,250000,242000,255250,242000,236800,236539,24,37,32,3,7,18,0,19,21,,12,250000,250000,242000,-13250,-5200,-261,-24,552.08,12,,,22,28,0,24
506618,Brent Woolf,1,230000,230000,230000,230000,232982,239850,22,36,28,1,5,25,0,22,22,15,,230000,230000,230000,0,2982,6868,-22,-0.0,15,,,0,25,0,22
100006928,Preston Conn,1,230000,230000,219722,219731,214598,214043,39,36,33,1,1,3,17,17,17,5,,230000,230000,230000,9,-5133,-555,-22,-0.41,5,,,0,7,17,39
100009124,Angus Hinchey,1,230000,230000,,230000,219739,214609,39,50,44,1,1,1,0,17,17,,5,,230000,230000,,-10261,-5130,-39,,5,,,0,5,0,39
100001622,Jayden Campbell,0,766000,766000,766000,762955,761261,756440,59,61,60,44,46,40,56,59,55,,,766000,766000,766000,-3045,-1694,-4821,-3,1015.0,,,,20,0,56,59
100010807,Matty Nicholson,0,680000,680000,680000,680000,685175,686217,52,94,80,1,1,2,0,57,50,,,680000,680000,680000,0,5175,1042,-52,-0.0,,,,45,0,0,52
504296,Luke Metcalf,0,666000,666000,666000,666000,662635,664589,51,92,84,1,2,8,0,48,55,,,666000,666000,666000,0,-3365,1954,-51,-0.0,,,,42,0,0,51
500180,Cameron McInnes,0,647000,647000,647000,647000,648433,649736,50,89,78,1,1,2,0,51,50,,,647000,647000,647000,0,1433,1303,-50,-0.0,,,,39,0,0,50
502214,John Bateman,0,625000,625000,625000,625000,628239,634753,48,86,74,1,1,1,0,51,52,,,625000,625000,625000,0,3239,6514,-48,-0.0,,,,76,0,0,48
502511,Jeremy Marshall-King,0,620000,620000,620000,620000,621595,624070,48,86,75,1,1,4,0,49,49,,,620000,620000,620000,0,1595,2475,-48,-0.0,,,,36,0,0,48
100001560,Trent Loiero,0,619000,619000,619000,616252,612865,611692,48,50,50,41,39,44,45,46,48,,,619000,619000,619000,-2748,-3387,-1173,-3,916.0,,,,29,0,45,48
100006243,Dylan Egan,0,616000,616000,616000,616000,621073,623027,47,85,72,2,8,13,0,52,46,,,616000,616000,616000,0,5073,1954,-47,-0.0,,,,4,0,0,47
503571,Daniel Saifiti,0,615000,615000,615000,615000,613648,614690,47,85,77,1,1,3,0,46,49,,,615000,615000,615000,0,-1352,1042,-47,-0.0,,,,39,0,0,47
100007572,Leo Thompson,0,610000,610000,610000,610000,610259,611692,47,84,75,1,1,1,0,47,48,,,610000,610000,610000,0,259,1433,-47,-0.0,,,,60,0,0,47
501267,Mitchell Barnett,0,587000,587000,587000,589155,591500,591500,45,44,43,46,46,48,47,46,44,,,587000,587000,587000,2155,2345,0,2,1077.5,,,,43,0,47,45
503944,Reece Robson,0,579000,579000,579000,576385,571955,571955,44,46,48,43,36,1,42,42,0,,,579000,579000,579000,-2615,-4430,0,-2,1307.5,,,,41,26,42,44
500149,Jai Arrow,0,573000,573000,573000,573000,573000,572997,44,79,106,1,1,1,0,0,44,,,573000,573000,573000,0,0,-3,-44,-0.0,,,,72,0,0,44
100005899,Kurt Donoghoe,0,560000,560000,560000,560000,558928,552805,43,77,70,1,1,1,0,42,38,,,560000,560000,560000,0,-1072,-6123,-43,-0.0,,,,64,0,0,43
503524,Jaimin Jolliffe,0,551000,551000,551000,551000,552803,556972,42,76,66,1,1,4,0,44,45,,,551000,551000,551000,0,1803,4169,-42,-0.0,,,,54,0,0,42
504788,Shawn Blore,0,547000,547000,545960,547000,551371,549938,42,76,64,1,1,1,0,46,38,,,547000,547000,547000,1040,4371,-1433,-42,-24.76,,,,37,0,0,42
500128,Adam Elliott,0,538000,538000,538000,538000,538000,537691,41,74,99,1,1,1,0,0,41,,,538000,538000,538000,0,0,-309,-41,-0.0,,,,41,0,0,41
507615,Teig Wilton,0,536000,536000,536000,536909,538472,536909,41,40,40,46,43,46,42,42,39,,,536000,536000,536000,909,1563,-1563,1,909.0,,,,32,0,42,41
100006585,Jamie Humphreys,0,526000,526000,526000,526616,526616,525574,40,40,72,48,2,4,41,0,39,,,526000,526000,526000,616,0,-1042,1,616.0,,,,44,0,41,40
506086,Ronaldo Mulitalo,0,514000,514000,514000,514000,519972,531046,39,71,59,1,5,21,0,45,46,,,514000,514000,514000,0,5972,11074,-39,-0.0,,,,18,0,0,39
100007929,Liam Henry,0,513000,513000,513000,513000,513718,515933,39,71,63,1,1,1,0,40,41,,,513000,513000,513000,0,718,2215,-39,-0.0,,,,54,0,0,39
503449,Jacob Liddle,0,510000,510000,510000,512023,519710,532608,39,38,33,45,32,17,41,45,47,,,510000,510000,510000,2023,7687,12898,2,1011.5,,,,27,0,41,39
100001634,Xavier Coates,0,501000,501000,501000,501000,500558,505118,39,69,62,2,5,15,0,38,43,,,501000,501000,501000,0,-442,4560,-39,-0.0,,,,8,0,0,39
504666,Mawene Hiroti,0,500000,500000,500000,501732,514370,524663,38,37,29,46,28,28,40,49,41,,,500000,500000,500000,1732,12638,10293,2,866.0,,,,1,0,40,38
503920,Victor Radley,0,499000,499000,501897,501991,504597,504597,38,36,36,41,41,1,41,39,0,,,499000,499000,499000,94,2606,0,3,31.33,,,,38,0,41,38
504125,Liam Martin,0,494000,494000,494000,496259,501080,507073,38,36,34,43,33,27,40,41,41,,,494000,494000,494000,2259,4821,5993,2,1129.5,,,,36,26,40,38
509281,Starford To'a,0,490000,490000,490000,490000,481797,474631,38,68,66,1,1,3,0,30,36,,,490000,490000,490000,0,-8203,-7166,-38,-0.0,,,,34,0,0,38
509467,Izack Tago,0,466000,466000,469567,467335,477106,489613,36,35,28,47,28,18,37,44,42,,,466000,466000,466000,-2232,9771,12507,1,-2232.0,,,,4,0,37,36
504669,Dean Hawkins,0,462000,462000,462000,462000,458215,454176,35,64,60,1,2,5,0,32,34,,,462000,462000,462000,0,-3785,-4039,-35,-0.0,,,,1,0,0,35
504372,Enari Tuala,0,458000,458000,458000,451311,450008,453135,35,40,37,32,44,47,29,38,38,,,458000,458000,458000,-6689,-1303,3127,-6,1114.83,,,,24,80,29,35
507645,Daine Laurie,0,453000,453000,455487,455479,456261,457694,35,33,34,46,48,46,37,34,36,,,453000,453000,453000,-8,782,1433,2,-4.0,,,,25,0,37,35
100006109,Jeremiah Nanai,0,453000,453000,453000,453000,453264,451440,35,63,55,1,2,5,0,35,33,,,453000,453000,453000,0,264,-1824,-35,-0.0,,,,49,0,0,35
100008673,Morgan Gannon,0,450000,450000,450534,450530,451312,452224,35,34,34,50,48,48,35,35,35,,,450000,450000,450000,-4,782,912,0,,,,,0,0,35,35
100017017,Tevita Naufahu,0,450000,450000,461355,454830,461735,489747,35,31,29,44,40,15,39,38,57,,,450000,450000,450000,-6525,6905,28012,4,-1631.25,,,,1,0,39,35
100012312,Lyhkan King-Togia,0,445000,445000,444798,447012,445970,449227,34,33,35,44,47,41,36,32,38,,,445000,445000,445000,2214,-1042,3257,2,1107.0,,,,26,0,36,34
500264,Francis Molo,0,424000,424000,423419,424472,423169,422778,33,32,34,50,45,45,33,31,33,,,424000,424000,424000,1053,-1303,-391,0,,,,,56,0,33,33
100007619,James Schiller,0,421000,421000,424983,421736,416394,421475,32,32,36,47,36,39,33,27,40,,,421000,421000,421000,-3247,-5342,5081,1,-3247.0,,,,16,0,33,32
507987,Grant Anderson,0,420000,420000,417553,416525,411835,412356,32,35,36,38,31,46,29,30,35,,,420000,420000,420000,-1028,-4690,521,-3,342.67,,,,53,0,29,32
100006643,Viliami Vailea,0,416000,416000,416000,416000,418217,424080,32,57,49,1,4,17,0,34,36,,,416000,416000,416000,0,2217,5863,-32,-0.0,,,,28,0,0,32
100006434,Charlie Guymer,0,415000,415000,418464,410790,410399,408705,32,35,32,36,46,43,28,34,30,,,415000,415000,415000,-7674,-391,-1694,-4,1918.5,,,,29,0,28,32
100001619,Alofiana Khan-Pereira,0,407000,407000,407000,415482,420693,417175,31,25,27,35,38,48,39,31,26,,,407000,407000,407000,8482,5211,-3518,8,1060.25,,,,1,0,39,31
100007515,Jack Bostock,0,406000,406000,406000,406000,410139,420301,31,56,47,7,16,33,0,35,38,,,406000,406000,406000,0,4139,10162,-31,-0.0,,,,1,0,0,31
505560,Spencer Leniu,0,403000,403000,403000,403000,406363,406363,31,56,47,1,2,1,0,34,0,,,403000,403000,403000,0,3363,0,-31,-0.0,,,,37,0,0,31
508479,Tyson Gamble,0,403000,403000,405298,403106,410793,417698,31,31,25,50,32,29,31,38,33,,,403000,403000,403000,-2192,7687,6905,0,,,,,8,0,31,31
504190,Billy Walters,0,388000,388000,388000,388000,393726,400892,30,54,43,1,4,17,0,35,33,,,388000,388000,388000,0,5726,7166,-30,-0.0,,,,38,0,0,30
100007686,Robert Derby,0,384000,384000,380268,384000,386688,385776,30,53,45,2,8,11,0,32,27,,,384000,384000,384000,3732,2688,-912,-30,-124.4,,,,10,0,0,30
504075,Brodie Jones,0,377000,377000,377000,377000,371576,365974,29,52,50,2,3,6,0,24,27,,,377000,377000,377000,0,-5424,-5602,-29,-0.0,,,,2,0,0,29
100006631,Latu Fainu,0,377000,377000,377000,377000,374833,373530,29,52,48,5,7,14,0,27,29,,,377000,377000,377000,0,-2167,-1303,-29,-0.0,,,,1,0,0,29
100000346,Clayton Faulalo,0,374000,374000,374000,374000,374311,379132,29,52,46,4,8,21,0,29,33,,,374000,374000,374000,0,311,4821,-29,-0.0,,,,1,0,0,29
505676,Luca Moretti,0,373000,373000,373000,373400,373009,373139,29,28,29,50,50,50,29,28,29,,,373000,373000,373000,400,-391,130,0,,,,,40,0,29,29
510612,Zac Laybutt,0,373000,373000,373360,372358,370143,370404,29,29,30,47,44,50,28,27,30,,,373000,373000,373000,-1002,-2215,261,-1,1002.0,,,,12,0,28,29
100008221,Tyrone Munro,0,369000,369000,369000,369000,369000,371967,28,51,68,1,1,1,0,0,31,,,369000,369000,369000,0,0,2967,-28,-0.0,,,,14,0,0,28
502522,Marata Niukore,0,365000,365000,365000,364931,365973,370924,28,28,27,50,46,32,28,29,32,,,365000,365000,365000,-69,1042,4951,0,,,,,35,0,28,28
509484,Tyrell Sloan,0,359000,359000,359541,367147,375094,379393,28,22,21,32,30,32,35,30,28,,,359000,359000,359000,7606,7947,4299,7,1086.57,,,,1,0,35,28
505889,Jesse Arthars,0,353000,353000,353000,348514,337961,323369,27,30,35,40,26,15,23,20,19,,,353000,353000,353000,-4486,-10553,-14592,-4,1121.5,,,,1,0,23,27
504842,Sean O'Sullivan,0,350000,350000,350000,361024,378092,391512,27,19,14,28,16,16,37,36,31,,,350000,350000,350000,11024,17068,13420,10,1102.4,,,,6,0,37,27
505701,Jock Madden,0,350000,350000,358889,355552,372359,390599,27,23,14,32,6,2,32,39,35,,,350000,350000,350000,-3337,16807,18240,5,-667.4,,,,35,0,32,27
506255,Jaxson Paulo,0,350000,350000,350000,350000,358809,367929,27,48,37,2,17,30,0,35,30,,,350000,350000,350000,0,8809,9120,-27,-0.0,,,,17,0,0,27
100006946,Kyle McCarthy,0,350000,350000,350000,350000,357766,369492,27,48,37,1,4,31,0,34,33,,,350000,350000,350000,0,7766,11726,-27,-0.0,,,,57,0,0,27
100011655,Jacob Halangahu,0,350000,350000,364234,350000,365323,390599,27,48,32,4,32,27,0,41,41,,,350000,350000,350000,-14234,15323,25276,-27,527.19,,,,26,0,0,27
100014137,Loko Pasifiki Tonga,0,350000,350000,350000,351252,353337,355682,27,26,25,46,41,37,28,28,28,,,350000,350000,350000,1252,2085,2345,1,1252.0,,,,34,0,28,27
100015584,Eddie Ieremia-Toeava,0,350000,350000,354457,357766,367277,379784,27,21,19,28,20,10,34,31,34,,,350000,350000,350000,3309,9511,12507,7,472.71,,,,32,0,34,27
500889,Zach Dockar-Clay,0,347000,347000,347000,347000,342001,338092,27,48,46,5,6,12,0,22,26,,,347000,347000,347000,0,-4999,-3909,-27,-0.0,,,,1,0,0,27
509548,Caleb Navale,0,342000,342000,342000,342000,347211,355680,26,47,38,1,8,27,0,31,31,,,342000,342000,342000,0,5211,8469,-26,-0.0,,,,16,0,0,26
503440,Blake Lawrie,0,335000,335000,340769,340699,345780,349558,26,21,21,29,25,25,31,27,27,,,335000,335000,335000,-70,5081,3778,5,-14.0,,,,29,0,31,26
100006263,Luron Patea,0,326000,326000,326000,326000,323762,319072,25,45,42,3,4,6,0,23,22,,,326000,326000,326000,0,-2238,-4690,-25,-0.0,,,,1,0,0,25
503322,Matthew Eisenhuth,0,325000,325000,325000,325000,325064,325194,25,45,40,3,6,13,0,25,25,,,325000,325000,325000,0,64,130,-25,-0.0,,,,15,0,0,25
500617,Jack Bird,0,322000,322000,322000,322000,327799,337310,25,45,35,1,6,30,0,30,30,,,322000,322000,322000,0,5799,9511,-25,-0.0,,,,14,0,0,25
506548,Isaiah Tass,0,313000,313000,313000,313000,313000,316204,24,43,58,2,1,1,0,0,27,,,313000,313000,313000,0,0,3204,-24,-0.0,,,,10,0,0,24
510228,Brendan Piakura,0,313000,313000,313000,316204,318289,319071,24,22,22,43,45,45,27,24,24,,,313000,313000,313000,3204,2085,782,3,1068.0,,,,1,0,27,24
500907,Ryan Matterson,0,300000,300000,300000,300000,318420,346692,23,41,23,3,47,11,0,40,38,,,300000,300000,300000,0,18420,28272,-23,-0.0,,,,41,0,0,23
503419,Brandon Smith,0,300000,300000,300000,300000,300000,306434,23,41,55,3,1,1,0,0,29,,,300000,300000,300000,0,0,6434,-23,-0.0,,,,47,0,0,23
507814,Mavrik Geyer,0,300000,300000,303225,300000,307606,322328,23,41,31,5,21,47,0,30,32,,,300000,300000,300000,-3225,7606,14722,-23,140.22,,,,1,0,0,23
507945,Lipoi Hopoi,0,300000,300000,300000,300000,303176,308518,23,41,35,1,4,15,0,26,26,,,300000,300000,300000,0,3176,5342,-23,-0.0,,,,22,0,0,23
509842,Edward Kosi,0,300000,300000,300000,300000,300000,298877,23,41,55,1,1,1,0,0,22,,,300000,300000,300000,0,0,-1123,-23,-0.0,,,,29,0,0,23
100003896,Jack Cole,0,300000,300000,309743,304349,310342,316726,23,20,18,41,37,32,27,26,26,,,300000,300000,300000,-5394,5993,6384,4,-1348.5,,,,1,0,27,23
100004188,Sione Finau,0,300000,300000,300000,300000,307606,316856,23,41,31,4,21,38,0,30,27,,,300000,300000,300000,0,7606,9250,-23,-0.0,,,,1,0,0,23
100009053,Josiah Pahulu,0,300000,300000,300000,300000,301092,302786,23,41,36,1,1,3,0,24,24,,,300000,300000,300000,0,1092,1694,-23,-0.0,,,,31,0,0,23
100012912,Jed Stuart,0,300000,300000,300000,297835,294187,292233,23,25,26,42,35,39,21,21,23,,,300000,300000,300000,-2165,-3648,-1954,-2,1082.5,,,,10,0,21,23
505642,Tommy Talau,0,286000,286000,286000,286000,288193,288193,22,39,33,4,12,1,0,24,0,,,286000,286000,286000,0,2193,0,-22,-0.0,,,,1,0,0,22
100006630,Josh Feledy,0,285000,285000,287307,285000,287268,291046,22,39,33,1,1,1,0,24,24,,,,285000,285000,-2307,2268,3778,-22,104.86,,,,0,0,0,22
100004168,Tony Sukkar,0,276000,276000,271415,271516,273731,269953,21,25,20,35,46,35,17,26,16,,,276000,276000,276000,101,2215,-3778,-4,-25.25,,,,1,0,17,21
100006697,Rocco Berry,0,272000,272000,272000,272000,272168,277770,21,38,33,5,9,29,0,21,26,,,272000,272000,272000,0,168,5602,-21,-0.0,,,,6,0,0,21
509778,Tony Francis,0,269000,269000,269000,269000,268257,266042,21,37,34,2,5,8,0,20,19,,,269000,269000,269000,0,-743,-2215,-21,-0.0,,,,1,0,0,21
501280,Jake Turpin,0,267000,267000,267000,275164,282069,287932,20,14,15,33,33,33,28,22,23,,,267000,267000,267000,8164,6905,5863,8,1020.5,,,,1,0,28,20
505987,Jaiyden Hunt,0,265000,265000,267895,267868,273731,279724,20,18,16,40,30,27,23,24,23,,,265000,265000,265000,-27,5863,5993,3,-9.0,,,,1,0,23,20
500150,Jayden Berrell,0,250000,250000,247689,247673,243764,239334,19,21,22,40,30,26,17,17,17,,,250000,250000,250000,-16,-3909,-4430,-2,8.0,,,,0,0,17,19
500171,Brock Gray,0,250000,250000,250000,250000,246501,239726,19,35,33,5,5,5,0,16,15,,,250000,250000,250000,0,-3499,-6775,-19,-0.0,,,,1,0,0,19
500478,Delouise Hoeter,0,250000,250000,250000,250000,267216,294446,19,35,18,4,50,7,0,35,34,,,250000,250000,250000,0,17216,27230,-19,-0.0,,,,45,0,0,19
501293,Te Maire Martin,0,250000,250000,250000,250000,255230,257315,19,35,27,12,25,29,0,24,18,,,250000,250000,250000,0,5230,2085,-19,-0.0,,,,1,0,0,19
501462,Marion Seve,0,250000,250000,250000,250000,248715,254187,19,35,32,11,14,33,0,18,25,,,250000,250000,250000,0,-1285,5472,-19,-0.0,,,,1,0,0,19
502409,Karl Lawton,0,250000,250000,250000,250000,247673,243764,19,35,32,10,11,16,0,17,17,,,250000,250000,250000,0,-2327,-3909,-19,-0.0,,,,1,0,0,19
504376,Tristan Hope,0,250000,250000,251991,255230,259529,265652,19,15,16,39,39,35,24,20,23,,,250000,250000,250000,3239,4299,6123,5,647.8,,,,1,0,24,19
504670,Daniel Suluka-Fifita,0,250000,250000,250000,250000,245458,237901,19,35,34,3,2,3,0,15,15,,,250000,250000,250000,0,-4542,-7557,-19,-0.0,,,,1,0,0,19
504711,Sione Fonua,0,250000,250000,248732,250000,248715,246630,19,35,32,2,4,7,0,18,18,,,250000,250000,250000,1268,-1285,-2085,-19,-66.74,,,,0,0,0,19
504787,Jake Tago,0,250000,250000,250000,250000,254187,262134,19,35,28,1,8,32,0,23,24,,,250000,250000,250000,0,4187,7947,-19,-0.0,,,,19,0,0,19
504830,Freddy Lussick,0,250000,250000,251991,245458,245588,251451,19,23,19,39,47,36,15,22,24,,,250000,250000,250000,-6533,130,5863,-4,1633.25,,,,1,0,15,19
504952,Lazarus Vaalepu,0,250000,250000,250000,250000,258487,263829,19,35,24,8,27,35,0,27,19,,,250000,250000,250000,0,8487,5342,-19,-0.0,,,,1,0,0,19
505142,Josh Rogers,0,250000,250000,250000,250000,259529,277508,19,35,24,2,22,26,0,28,30,,,250000,250000,250000,0,9529,17979,-19,-0.0,,,,43,0,0,19
505578,Aaron Schoupp,0,250000,250000,250000,250000,243243,235426,19,35,36,5,3,4,0,13,16,,,250000,250000,250000,0,-6757,-7817,-19,-0.0,,,,1,0,0,19
505828,Hayze Perham,0,250000,250000,250000,250000,265001,281026,19,35,20,6,44,34,0,33,25,,,250000,250000,250000,0,15001,16025,-19,-0.0,,,,9,0,0,19
506375,Blake Wilson,0,250000,250000,250000,250000,253015,261353,19,35,28,14,23,43,0,22,25,,,250000,250000,250000,0,3015,8338,-19,-0.0,,,,20,0,0,19
507765,Junior Tupou,0,250000,250000,250000,250000,251973,251973,19,35,29,10,17,2,0,21,0,,,250000,250000,250000,0,1973,0,-19,-0.0,,,,22,0,0,19
508307,Peter Hola,0,250000,250000,250000,250000,245458,237901,19,35,34,1,1,1,0,15,15,,,250000,250000,250000,0,-4542,-7557,-19,-0.0,,,,41,0,0,19
508341,Trent Toelau,0,250000,250000,250000,246501,241941,236078,19,22,23,32,22,14,16,17,16,,,250000,250000,250000,-3499,-4560,-5863,-3,1166.33,,,,22,0,16,19
509404,Cody Ramsey,0,250000,250000,256293,256272,266695,266695,19,15,11,27,15,13,25,25,0,,,250000,250000,250000,-21,10423,0,6,-3.5,,,,0,0,25,19
509560,Manaia Waitere,0,250000,250000,250000,250000,255230,263829,19,35,27,2,13,38,0,24,24,,,250000,250000,250000,0,5230,8599,-19,-0.0,,,,0,0,0,19
509561,Kade Dykes,0,250000,250000,250000,250000,256272,266695,19,35,26,2,15,46,0,25,25,,,250000,250000,250000,0,6272,10423,-19,-0.0,,,,0,0,0,19
509635,Toni Mataele,0,250000,250000,250000,250000,254187,260962,19,35,28,2,11,30,0,23,23,,,250000,250000,250000,0,4187,6775,-19,-0.0,,,,0,0,0,19
509779,Asu Kepaoa,0,250000,250000,250000,250000,263959,277118,19,35,20,8,41,41,0,32,23,,,250000,250000,250000,0,13959,13159,-19,-0.0,,,,1,0,0,19
509843,Tom Ale,0,250000,250000,248732,250000,249758,248325,19,35,31,1,1,2,0,19,18,,,250000,250000,250000,1268,-242,-1433,-19,-66.74,,,,49,0,0,19
509864,Tuku Hau Tapuha,0,250000,250000,250000,250000,248715,247673,19,35,32,1,1,1,0,18,19,,,250000,250000,250000,0,-1285,-1042,-19,-0.0,,,,35,0,0,19
510488,Moala Graham-Taufa,0,250000,250000,262811,262786,262786,283892,19,10,27,3,6,26,31,0,31,,,250000,250000,250000,-25,0,21106,12,-2.08,,,,66,0,31,19
100000336,Taylor Losalu,0,250000,250000,254207,253015,259138,259138,19,17,14,34,20,3,22,23,0,,,250000,250000,250000,-1192,6123,0,3,-397.33,,,,37,0,22,19
100000365,Ronald Volkman,0,250000,250000,250000,250000,258487,271385,19,35,24,1,10,38,0,27,26,,,250000,250000,250000,0,8487,12898,-19,-0.0,,,,55,0,0,19
100003233,Allan Fitzgibbon,0,250000,250000,250000,250000,247673,243764,19,35,32,7,8,12,0,17,17,,,250000,250000,250000,0,-2327,-3909,-19,-0.0,,,,1,0,0,19
100003968,Chris Vea'ila,0,250000,250000,259552,259529,275294,293143,19,12,7,20,6,2,28,28,28,,,250000,250000,250000,-23,15765,17849,9,-2.56,,,,0,0,28,19
100004119,Michael Asomua,0,250000,250000,250000,250000,253015,258096,19,35,28,2,9,27,0,22,22,,,250000,250000,250000,0,3015,5081,-19,-0.0,,,,0,0,0,19
100004271,Tom Rodwell,0,250000,250000,263984,250000,263959,263959,19,35,20,2,38,2,0,32,0,,,250000,250000,250000,-13984,13959,0,-19,736.0,,,,0,0,0,19
100006251,Liam Ison,0,250000,250000,250000,250000,265001,289755,19,35,20,2,42,9,0,33,33,,,250000,250000,250000,0,15001,24754,-19,-0.0,,,,0,0,0,19
100006286,Zyon Maiu'u,0,250000,250000,250000,250000,251973,255230,19,35,29,2,7,20,0,21,21,,,250000,250000,250000,0,1973,3257,-19,-0.0,,,,0,0,0,19
100006510,Thomas Fletcher,0,250000,250000,258509,258487,258487,272428,19,13,30,30,19,42,27,0,27,,,250000,250000,250000,-22,0,13941,8,-2.75,,,,1,0,27,19
100006574,Jesse McLean,0,250000,250000,250000,250000,256272,266695,19,35,26,1,10,45,0,25,25,,,250000,250000,250000,0,6272,10423,-19,-0.0,,,,40,0,0,19
100006657,Heath Mason,0,250000,250000,254207,250000,246501,242983,19,35,33,15,15,20,0,16,18,,,250000,250000,250000,-4207,-3499,-3518,-19,221.42,,,,1,0,0,19
100006660,Kit Laulilii,0,250000,250000,250000,250000,250930,252363,19,35,30,1,1,5,0,20,20,,,250000,250000,250000,0,930,1433,-19,-0.0,,,,0,0,0,19
100006817,Joe Roddy,0,250000,250000,277020,250000,276987,321414,19,35,11,2,17,1,0,44,44,,,250000,250000,250000,-27020,26987,44427,-19,1422.11,,,,0,0,0,19
100006861,Jaylan De Groot,0,250000,250000,250000,250930,252363,251842,19,19,18,46,46,50,20,20,18,,,250000,250000,250000,930,1433,-521,1,930.0,,,,1,0,20,19
100006888,Jack Todd,0,250000,250000,250000,250000,249758,249367,19,35,31,8,12,19,0,19,19,,,250000,250000,250000,0,-242,-391,-19,-0.0,,,,1,0,0,19
100007297,Chevy Stewart,0,250000,250000,250000,250000,253015,258096,19,35,28,8,17,33,0,22,22,,,250000,250000,250000,0,3015,5081,-19,-0.0,,,,1,0,0,19
100007888,Thomas Duffy,0,250000,250000,250000,254187,257705,262395,19,16,16,33,33,26,23,20,22,,,250000,250000,250000,4187,3518,4690,4,1046.75,,,,21,0,23,19
100008874,De La Salle Va'a,0,250000,250000,250000,250000,249758,249758,19,35,31,1,1,1,0,19,0,,,250000,250000,250000,0,-242,0,-19,-0.0,,,,0,0,0,19
100009035,Riley Jones,0,250000,250000,250000,250000,248715,246630,19,35,32,2,4,7,0,18,18,,,250000,250000,250000,0,-1285,-2085,-19,-0.0,,,,0,0,0,19
100009134,Benjamin Te Kura,0,250000,250000,250000,250000,249758,249367,19,35,31,1,2,6,0,19,19,,,250000,250000,250000,0,-242,-391,-19,-0.0,,,,21,0,0,19
100009139,Liam Le Blanc,0,250000,250000,246515,250930,250930,250148,19,19,34,47,6,9,20,0,18,,,250000,250000,250000,4415,0,-782,1,4415.0,,,,1,0,20,19
100009156,Blake Mozer,0,250000,250000,250000,254187,259920,264871,19,16,15,35,29,29,23,22,21,,,250000,250000,250000,4187,5733,4951,4,1046.75,,,,10,0,23,19
100009202,Owen Pattie,0,250000,250000,249774,250000,253015,253666,19,35,28,2,8,14,0,22,18,,,250000,250000,250000,226,3015,651,-19,-11.89,,,,1,0,0,19
100010520,Ethan King,0,250000,250000,254196,254177,260952,268639,19,16,14,38,29,24,23,23,23,,,,250000,250000,-19,6775,7687,4,-4.75,,,,0,0,23,19
100010840,Will Pryce,0,250000,250000,250000,250000,250930,266434,19,35,30,19,25,45,0,20,33,,,250000,250000,250000,0,930,15504,-19,-0.0,,,,1,0,0,19
100010891,Josh Patston,0,250000,250000,249774,255230,263829,273600,19,15,12,30,17,11,24,24,24,,,250000,250000,250000,5456,8599,9771,5,1091.2,,,,15,0,24,19
100011250,Matthew Arthur,0,250000,250000,250000,250000,245458,239074,19,35,34,1,1,1,0,15,16,,,250000,250000,250000,0,-4542,-6384,-19,-0.0,,,,26,0,0,19
100011256,Cody Hopwood,0,250000,250000,263984,263959,286889,312946,19,9,1,9,1,1,32,32,32,,,250000,250000,250000,-25,22930,26057,13,-1.92,,,,0,0,32,19
100011324,Siulagi Tuimalatu-Brown,0,250000,250000,259552,259529,275294,293143,19,12,7,17,5,1,28,28,28,,,250000,250000,250000,-23,15765,17849,9,-2.56,,,,0,0,28,19
100011351,Joey Walsh,0,250000,250000,250948,250000,250930,252363,19,35,30,2,6,15,0,20,20,,,250000,250000,250000,-948,930,1433,-19,49.89,,,,0,0,0,19
100011659,Finau Latu,0,250000,250000,250000,250000,257445,269692,19,35,25,2,17,46,0,26,26,,,250000,250000,250000,0,7445,12247,-19,-0.0,,,,0,0,0,19
100011683,Jaxen Edgar,0,250000,250000,250000,250000,247673,243764,19,35,32,2,3,6,0,17,17,,,250000,250000,250000,0,-2327,-3909,-19,-0.0,,,,0,0,0,19
100012039,Kaiden Lahrs,0,250000,250000,239997,241159,226437,208718,19,26,31,3,1,1,11,11,10,,,250000,250000,250000,1162,-14722,-17719,-8,-145.25,,,,21,0,11,19
100014185,Elijah Salesa-Leaumoana,0,250000,250000,250000,248715,246630,244155,19,20,21,41,32,24,18,18,18,,,250000,250000,250000,-1285,-2085,-2475,-1,1285.0,,,,51,0,18,19
100015074,Sebastian Su'a,0,250000,250000,247689,247673,243764,239334,19,21,22,42,34,30,17,17,17,,,250000,250000,250000,-16,-3909,-4430,-2,8.0,,,,0,0,17,19
100015592,David Fale,0,250000,250000,268286,250000,268258,298354,19,35,17,2,46,2,0,36,36,,,250000,250000,250000,-18286,18258,30096,-19,962.42,,,,0,0,0,19
100019560,Nathan Lawson,0,250000,250000,250000,250000,255230,263829,19,35,27,1,9,36,0,24,24,,,250000,250000,250000,0,5230,8599,-19,-0.0,,,,32,0,0,19
505684,Jensen Taumoepeau,0,230000,230000,,230000,236850,248184,18,32,23,2,18,45,0,24,24,,,,230000,230000,,6850,11334,-18,,,,,0,0,0,18
509464,Niwhai Puru,0,230000,230000,239085,230000,239074,254057,18,32,22,2,25,33,0,26,26,,,230000,230000,230000,-9085,9074,14983,-18,504.72,,,,0,0,0,18
509567,Solome Saukuru,0,230000,230000,230000,230000,238032,251191,18,32,22,2,21,37,0,25,25,,,230000,230000,230000,0,8032,13159,-18,-0.0,,,,0,0,0,18
509614,Joseph O'Neill,0,230000,230000,230000,230000,239074,254057,18,32,22,2,25,33,0,26,26,,,230000,230000,230000,0,9074,14983,-18,-0.0,,,,0,0,0,18
510485,Latrell Siegwalt,0,230000,230000,236859,236850,236850,248184,18,13,28,25,7,33,24,0,24,,,,230000,230000,-9,0,11334,6,-1.5,,,,0,0,24,18
510558,Myles Martin,0,230000,230000,230000,230000,238032,251191,18,32,22,2,21,37,0,25,25,,,230000,230000,230000,0,8032,13159,-18,-0.0,,,,0,0,0,18
100003974,Lachlan Crouch,0,230000,230000,230000,230000,238032,251191,18,32,22,2,21,37,0,25,25,,,230000,230000,230000,0,8032,13159,-18,-0.0,,,,0,0,0,18
100004077,Liam Sutton,0,230000,230000,239085,239074,254057,270994,18,11,6,18,4,1,26,26,26,,,230000,230000,230000,-11,14983,16937,8,-1.38,,,,0,0,26,18
100006237,James Walsh,0,230000,230000,230000,230000,238032,251191,18,32,22,2,21,37,0,25,25,,,230000,230000,230000,0,8032,13159,-18,-0.0,,,,0,0,0,18
100006259,Billy Scott,0,230000,230000,230000,230000,238032,251191,18,32,22,2,21,37,0,25,25,,,230000,230000,230000,0,8032,13159,-18,-0.0,,,,0,0,0,18
100006318,Jett Liu,0,230000,230000,,238023,251181,266033,18,12,7,21,7,2,25,25,25,,,,230000,230000,,13158,14852,7,,,,,0,0,25,18
100006509,Vena Patuki-Case,0,230000,230000,230000,230000,238032,251191,18,32,22,2,21,37,0,25,25,,,230000,230000,230000,0,8032,13159,-18,-0.0,,,,0,0,0,18
100006535,Jake Elliott,0,230000,230000,230000,230000,238032,238032,18,32,22,2,21,1,0,25,0,,,230000,230000,230000,0,8032,0,-18,-0.0,,,,0,0,0,18
100006651,William Craig,0,230000,230000,230000,230000,236860,248195,18,32,23,2,18,45,0,24,24,,,230000,230000,230000,0,6860,11335,-18,-0.0,,,,0,0,0,18
100006754,Wilson De Courcey,0,230000,230000,230000,230000,236860,248195,18,32,23,2,18,45,0,24,24,,,230000,230000,230000,0,6860,11335,-18,-0.0,,,,0,0,0,18
100006785,Jake Clydsdale,0,230000,230000,230000,230000,238032,251191,18,32,22,2,21,37,0,25,25,,,230000,230000,230000,0,8032,13159,-18,-0.0,,,,0,0,0,18
100006845,Richard Penisini,0,230000,230000,230000,230000,236860,248195,18,32,23,2,18,45,0,24,24,,,230000,230000,230000,0,6860,11335,-18,-0.0,,,,0,0,0,18
100007234,Patrick Young,0,230000,230000,230000,230000,238032,251191,18,32,22,2,21,37,0,25,25,,,230000,230000,230000,0,8032,13159,-18,-0.0,,,,0,0,0,18
100007304,Navren Willett,0,230000,230000,230000,230000,236860,248195,18,32,23,2,18,45,0,24,24,,,230000,230000,230000,0,6860,11335,-18,-0.0,,,,0,0,0,18
100007790,Jonah Glover,0,230000,230000,230000,230000,230000,239074,18,32,42,2,1,3,0,0,26,,,230000,230000,230000,0,0,9074,-18,-0.0,,,,0,0,0,18
100008768,Zac Herdegen,0,230000,230000,230000,230000,239074,254057,18,32,22,2,25,33,0,26,26,,,230000,230000,230000,0,9074,14983,-18,-0.0,,,,0,0,0,18
100008997,Mason Kira,0,230000,230000,230000,230000,238032,251191,18,32,22,2,21,37,0,25,25,,,230000,230000,230000,0,8032,13159,-18,-0.0,,,,0,0,0,18
100009103,Haizyn Mellars,0,230000,230000,230000,230000,236860,248195,18,32,23,2,18,45,0,24,24,,,230000,230000,230000,0,6860,11335,-18,-0.0,,,,0,0,0,18
100009673,Lewis Symonds,0,230000,230000,238042,238032,251191,266044,18,12,7,21,7,2,25,25,25,,,230000,230000,230000,-10,13159,14853,7,-1.43,,,,0,0,25,18
100010945,Wil Sullivan,0,230000,230000,230000,230000,238032,251191,18,32,22,2,21,37,0,25,25,,,230000,230000,230000,0,8032,13159,-18,-0.0,,,,0,0,0,18
100011050,Zane Harrison,0,230000,230000,239085,230000,239074,254057,18,32,22,2,25,33,0,26,26,,,230000,230000,230000,-9085,9074,14983,-18,504.72,,,,0,0,0,18
100011203,Simione Laiafi,0,230000,230000,238042,230000,238032,251191,18,32,22,2,21,37,0,25,25,,,230000,230000,230000,-8042,8032,13159,-18,446.78,,,,0,0,0,18
100011237,Michael Gabrael,0,230000,230000,236869,230000,236860,248195,18,32,23,2,18,45,0,24,24,,,230000,230000,230000,-6869,6860,11335,-18,381.61,,,,0,0,0,18
100011247,Jye Linnane,0,230000,230000,230000,230000,239074,254057,18,32,22,2,25,33,0,26,26,,,230000,230000,230000,0,9074,14983,-18,-0.0,,,,0,0,0,18
100011249,Mitchell Woods,0,230000,230000,230000,230000,239074,254057,18,32,22,2,25,33,0,26,26,,,230000,230000,230000,0,9074,14983,-18,-0.0,,,,0,0,0,18
100011328,Jonathan Sua,0,230000,230000,230000,230000,241289,259790,18,32,20,2,33,18,0,28,28,,,230000,230000,230000,0,11289,18501,-18,-0.0,,,,0,0,0,18
100011333,Toby Rodwell,0,230000,230000,239085,239074,254057,254057,18,11,6,18,4,25,26,26,0,,,230000,230000,230000,-11,14983,0,8,-1.38,,,,0,0,26,18
100011390,Max McCarthy,0,230000,230000,230000,230000,230000,236860,18,32,42,2,1,2,0,0,24,,,230000,230000,230000,0,0,6860,-18,-0.0,,,,0,0,0,18
100011721,Zaidas Muagututia,0,230000,230000,230000,230000,238032,251191,18,32,22,2,21,37,0,25,25,,,230000,230000,230000,0,8032,13159,-18,-0.0,,,,0,0,0,18
100011844,Coby Black,0,230000,230000,230000,230000,239074,254057,18,32,22,2,25,33,0,26,26,,,230000,230000,230000,0,9074,14983,-18,-0.0,,,,0,0,0,18
100011973,Brian Pouniu,0,230000,230000,238042,238032,251191,266044,18,12,7,21,7,2,25,25,25,,,230000,230000,230000,-10,13159,14853,7,-1.43,,,,0,0,25,18
100012106,Gabriel Satrick,0,230000,230000,230000,230000,238032,251191,18,32,22,2,21,37,0,25,25,,,230000,230000,230000,0,8032,13159,-18,-0.0,,,,0,0,0,18
100012114,LJ Nonu,0,230000,230000,230000,230000,236860,248195,18,32,23,2,18,45,0,24,24,,,230000,230000,230000,0,6860,11335,-18,-0.0,,,,0,0,0,18
100013672,Kayliss Fatialofa,0,230000,230000,230000,230000,238032,251191,18,32,22,2,21,37,0,25,25,,,230000,230000,230000,0,8032,13159,-18,-0.0,,,,0,0,0,18
100013692,Hugo Peel,0,230000,230000,,230000,236850,248184,18,32,23,2,18,45,0,24,24,,,,230000,230000,,6850,11334,-18,,,,,0,0,0,18
100013721,Francis Manuleleua,0,230000,230000,238042,238032,251191,266044,18,12,7,21,7,2,25,25,25,,,230000,230000,230000,-10,13159,14853,7,-1.43,,,,0,0,25,18
100013788,Onitoni Large,0,230000,230000,230000,230000,239074,254057,18,32,22,2,25,33,0,26,26,,,230000,230000,230000,0,9074,14983,-18,-0.0,,,,0,0,0,18
100014592,Elijah Rasmussen,0,230000,230000,230000,230000,238032,251191,18,32,22,2,21,37,0,25,25,,,230000,230000,230000,0,8032,13159,-18,-0.0,,,,0,0,0,18
504007,Unknown_504007,,,,,256257,266679,278534,19,15,11,27,15,7,25,25,25,,,,,,,10422,11855,6,,,,,0,0,25,19
100006264,Unknown_100006264,,,,,239061,254043,270979,18,11,6,18,4,1,26,26,26,,,,,,,14982,16936,8,,,,,0,0,26,18
100006760,Unknown_100006760,,,,,,,,,,,,,,,,,,,,,,,,,,,,,,0,0,0,0
100010604,Unknown_100010604,,,,,238019,251177,266029,18,12,7,21,7,2,25,25,25,,,,,,,13158,14852,7,,,,,0,0,25,18
