player_id,name,games_played,start_price,current_price,exact_price_r9,recent_s1,recent_s2,recent_s3,consistency,last_3_tog_avg,proj_score_fc,break_even_fc,proj_price_r10,be_r10,be_pct_r10,proj_score_r10,proj_price_r11,be_r11,be_pct_r11,proj_score_r11,proj_price_r12,be_r12,be_pct_r12,proj_score_r12,score_r8,score_r9,price_r7,price_r8,price_r9,delta_r9_to_r10,delta_r10_to_r11,delta_r11_to_r12,score_vs_be_r10,implied_ppp_r10
504120,Nathan Cleary,9,900000,938000,938000,82,85,93,51,82,76,58,932556,58,11,76,954622,59,10,78,968744,BYE,BYE,0,85,82,893000,900000,917000,-5444,22066,14122,18,-302.44
505423,Jackson Ford,9,625000,868000,868000,90,87,83,54,77,0,34,842324,34,3,0,868000,100,1,60,894470,104,2,67,87,90,742000,772000,812000,-25676,25676,26470,-34,755.18
500534,Isaah Yeo,9,738000,755000,755000,71,65,67,77,74,57,45,741197,45,14,57,766362,51,26,58,769766,BYE,BYE,0,65,71,719000,725000,734000,-13803,25165,3404,12,-1150.25
506424,Tom Dearden,9,628000,713000,713000,53,75,50,55,80,53,47,718127,47,35,53,717613,54,45,52,712822,59,43,56,75,53,645000,664000,696000,5127,-514,-4791,6,854.5
506460,Tanah Boyd,9,500000,701000,701000,53,45,57,53,80,0,62,706179,62,1,0,701000,104,1,54,691759,92,2,52,45,53,757000,746000,719000,5179,-5179,-9241,-62,-83.53
100001736,Jordan Riki,9,611000,698000,698000,50,62,46,55,80,56,55,707540,55,47,56,697900,56,37,52,692352,BYE,BYE,0,62,50,687000,695000,700000,9540,-9640,-5548,1,9540.0
504087,Scott Drinkwater,9,635000,688000,688000,53,64,37,37,80,55,51,694147,51,41,55,690760,54,50,54,689121,52,44,55,64,53,654000,668000,682000,6147,-3387,-1639,4,1536.75
503340,Dylan Edwards,9,614000,682000,682000,54,92,41,19,82,51,37,685172,37,26,51,694888,43,32,53,700937,BYE,BYE,0,92,54,630000,618000,654000,3172,9716,6049,14,226.57
503685,Erin Clark,9,734000,672000,672000,59,66,70,28,48,0,37,657533,37,1,0,672000,83,2,50,684292,82,3,52,66,59,625000,630000,649000,-14467,14467,12292,-37,391.0
505894,Jake Clifford,9,561000,661000,661000,50,53,31,40,80,51,62,665976,62,24,51,647759,57,29,48,639317,56,31,48,53,50,692000,687000,676000,4976,-18217,-8442,-11,-452.36
500555,Joseph Tapine,9,726000,650000,650000,55,54,51,61,55,49,44,645875,44,35,49,654147,50,1,0,654147,91,1,53,54,55,622000,632000,640000,-4125,8272,0,5,-825.0
505904,Harry Grant,9,645000,644000,644000,63,56,57,46,80,52,38,635302,38,14,52,658397,39,11,55,670634,41,14,55,56,63,645000,630000,628000,-8698,23095,12237,14,-621.29
100001946,Heilum Luki,9,300000,644000,644000,33,69,35,56,80,52,57,674311,57,36,52,636977,56,29,48,628912,55,36,50,69,33,635000,639000,655000,30311,-37334,-8065,-5,-6062.2
505628,Stefano Utoikamanu,9,575000,642000,642000,56,61,43,66,51,47,43,637443,43,35,47,645428,47,39,50,646058,49,43,51,61,56,646000,632000,633000,-4557,7985,630,4,-1139.25
100006297,Sualauvi Faalogo,9,467000,633000,633000,68,43,55,54,79,46,38,611785,38,33,46,640052,43,37,49,642573,47,50,47,43,68,635000,631000,619000,-21215,28267,2521,8,-2651.88
100004833,Xavier Willison,9,468000,624000,624000,49,79,83,4,70,45,22,620641,22,11,45,646595,34,26,46,652646,BYE,BYE,0,79,49,451000,505000,578000,-3359,25954,6051,23,-146.04
100007927,Thomas Jenkins,9,504000,620000,620000,19,31,49,21,82,42,83,652778,83,2,42,574800,79,6,47,550986,BYE,BYE,0,31,19,724000,721000,683000,32778,-77978,-23814,-41,-799.46
502363,Jack Williams,9,634000,611000,611000,46,36,53,71,80,45,53,612745,53,13,45,601036,55,8,45,591082,BYE,BYE,0,36,46,633000,636000,621000,1745,-11709,-9954,-8,-218.12
500485,Mitchell Moses,9,589000,603000,603000,45,55,68,37,80,45,40,607637,40,36,45,606782,44,42,47,608169,BYE,BYE,0,55,45,570000,580000,593000,4637,-855,1387,5,927.4
505976,Isaiah Papali'i,9,607000,597000,597000,37,39,67,49,71,47,54,607818,54,29,47,588506,52,37,48,585101,BYE,BYE,0,39,37,626000,627000,615000,10818,-19312,-3405,-7,-1545.43
502580,James Fisher-Harris,9,582000,588000,588000,47,50,57,59,53,0,42,592576,42,1,0,588000,79,1,43,588136,76,1,44,50,47,602000,592000,587000,4576,-4576,136,-42,-108.95
506018,Corey Horsburgh,9,664000,585000,585000,60,44,69,35,55,47,30,574038,30,12,47,601583,33,1,0,601583,77,3,49,44,60,561000,563000,564000,-10962,27545,0,17,-644.82
504597,Phoenix Crossland,9,498000,570000,570000,34,57,39,61,80,43,47,582676,47,34,43,564012,49,21,41,555820,BYE,BYE,0,57,34,564000,566000,577000,12676,-18664,-8192,-4,-3169.0
501459,Cameron Munster,9,639000,539000,539000,45,36,36,50,80,46,48,538424,48,43,46,535636,42,36,46,539799,38,30,44,36,45,618000,586000,554000,-576,-2788,4163,-2,288.0
508009,Kotoni Staggs,9,573000,538000,538000,25,41,37,44,77,40,60,559293,60,9,40,516128,56,13,39,502393,BYE,BYE,0,41,25,591000,585000,570000,21293,-43165,-13735,-20,-1064.65
507846,Kaeo Weekes,9,467000,535000,535000,56,42,29,31,80,43,35,516879,35,34,43,542721,36,4,0,542721,70,10,45,42,56,532000,530000,523000,-18121,25842,0,8,-2265.12
100003925,Ethan Sanders,9,350000,529000,529000,53,43,46,49,80,45,29,519806,29,6,45,545129,31,1,0,545129,68,1,42,43,53,495000,505000,511000,-9194,25323,0,16,-574.62
500043,Dane Gagai,9,532000,526000,526000,12,17,24,1,80,42,81,561055,81,2,42,483972,72,5,42,462157,BYE,BYE,0,17,12,600000,611000,584000,35055,-77083,-21815,-39,-898.85
501247,Josh King,9,505000,508000,508000,68,37,38,50,57,41,20,478083,20,2,41,529075,24,4,42,541675,27,11,39,37,68,486000,481000,477000,-29917,50992,12600,21,-1424.62
500301,Jason Taumalolo,9,439000,505000,505000,49,33,42,68,44,43,33,500458,33,5,43,513885,33,5,43,520183,32,5,42,33,49,484000,497000,496000,-4542,13427,6298,10,-454.2
100008236,Jermaine McEwen,9,412000,496000,496000,15,40,33,34,78,38,57,524873,57,5,38,475826,55,4,35,458918,BYE,BYE,0,40,15,503000,519000,523000,28873,-49047,-16908,-19,-1519.63
100008940,Jaxon Purdue,9,468000,490000,490000,24,28,36,34,80,38,58,507536,58,6,38,467897,52,10,36,455166,49,26,41,28,24,552000,547000,523000,17536,-39639,-12731,-20,-876.8
503523,Jacob Saifiti,9,451000,485000,485000,19,30,33,38,60,39,61,510075,61,4,39,460351,53,13,39,450521,BYE,BYE,0,30,19,564000,553000,528000,25075,-49724,-9830,-22,-1139.77
504298,Mat Croker,9,500000,481000,481000,32,45,26,60,55,37,43,486755,43,27,37,473576,42,30,37,469667,BYE,BYE,0,45,32,525000,506000,495000,5755,-13179,-3909,-6,-959.17
501461,Moses Leota,9,501000,480000,480000,30,60,36,45,43,37,31,487772,31,26,37,484452,34,42,36,483822,BYE,BYE,0,60,30,458000,454000,474000,7772,-3320,-630,6,1295.33
504573,Ben Talty,9,320000,477000,477000,38,57,64,1,46,40,13,479211,13,4,40,505071,22,15,38,513773,BYE,BYE,0,57,38,306000,367000,433000,2211,25860,8702,27,81.89
100006166,Morgan Smithies,9,487000,477000,477000,43,42,29,61,50,40,31,474999,31,12,40,485587,32,1,0,485587,63,1,39,42,43,469000,466000,468000,-2001,10588,0,9,-222.33
100004534,Ezra Mam,9,475000,475000,475000,29,47,17,3,80,32,44,486024,44,24,32,460823,47,27,37,452889,BYE,BYE,0,47,29,485000,480000,484000,11024,-25201,-7934,-12,-918.67
100006848,Blaize Talagi,9,435000,475000,475000,54,45,63,21,82,33,15,456741,15,8,33,493302,23,14,37,502759,BYE,BYE,0,45,54,421000,428000,442000,-18259,36561,9457,18,-1014.39
504072,Tom Starling,9,571000,472000,472000,44,35,38,40,65,36,30,465012,30,28,36,477558,34,1,0,477558,65,1,37,35,44,464000,463000,463000,-6988,12546,0,6,-1164.67
100004042,Paul Alamoti,9,517000,469000,469000,26,75,25,15,82,33,31,481496,31,45,33,470582,34,47,35,470708,BYE,BYE,0,75,26,455000,434000,462000,12496,-10914,126,2,6248.0
500687,Junior Paulo,9,593000,465000,465000,41,38,39,68,57,38,33,462011,33,33,38,468928,32,29,38,473593,BYE,BYE,0,38,41,481000,469000,462000,-2989,6917,4665,5,-597.8
500005,Roger Tuivasa-Sheck,9,559000,461000,461000,51,32,51,24,80,0,18,445082,18,10,0,461000,55,12,38,480827,51,18,38,32,51,402000,422000,433000,-15918,15918,19827,-18,884.33
504123,Wayde Egan,9,584000,461000,461000,11,35,28,27,51,0,61,493718,61,1,0,461000,83,1,36,434467,69,1,36,35,11,520000,512000,499000,32718,-32718,-26533,-61,-536.36
100008071,Dominic Young,9,440000,461000,461000,26,36,8,1,80,39,56,477421,56,16,39,442041,46,30,37,436489,BYE,BYE,0,36,26,573000,533000,499000,16421,-35380,-5552,-17,-965.94
100008216,Joe Chan,9,311000,459000,459000,9,32,44,1,55,32,62,482855,62,5,32,426085,55,10,32,408326,53,14,33,32,9,562000,540000,509000,23855,-56770,-17759,-30,-795.17
505410,Brian To'o,9,533000,453000,453000,52,81,13,1,82,39,7,439691,7,3,39,485005,9,3,40,507927,BYE,BYE,0,81,52,414000,376000,408000,-13309,45314,22922,32,-415.91
505555,Lindsay Smith,9,670000,452000,452000,43,24,32,60,47,35,38,444906,38,40,35,447970,37,50,37,448222,BYE,BYE,0,24,43,514000,492000,461000,-7094,3064,252,-3,2364.67
500405,Coen Hess,9,462000,451000,451000,33,34,56,37,43,37,30,456523,30,23,37,457736,32,30,37,460131,35,50,35,34,33,399000,425000,441000,5523,1213,2395,7,789.0
500532,Dallin Watene-Zelezniak,9,309000,448000,448000,48,17,37,12,80,0,33,433160,33,2,0,448000,63,5,36,450318,54,17,38,17,48,409000,438000,436000,-14840,14840,2318,-33,449.7
100010997,Will Warbrick,9,426000,430000,430000,17,19,43,1,80,34,53,453265,53,19,34,409278,48,26,34,398942,43,29,31,19,17,507000,499000,471000,23265,-43987,-10336,-19,-1224.47
100013674,Leka Halasima,9,498000,418000,418000,37,23,37,1,72,0,38,414821,38,2,0,418000,60,11,37,416087,50,20,34,23,37,478000,455000,428000,-3179,3179,-1913,-38,83.66
501271,Luke Garner,9,510000,413000,413000,29,34,31,22,59,32,37,420213,37,35,32,406623,35,50,35,407631,BYE,BYE,0,34,29,453000,432000,421000,7213,-13590,1008,-5,-1442.6
500083,Dylan Walker,9,448000,402000,402000,16,8,46,27,43,33,52,423043,52,2,33,380888,46,4,30,368036,BYE,BYE,0,8,16,453000,464000,438000,21043,-42155,-12852,-19,-1107.53
100013815,Cooper Clarke,9,230000,398000,398000,23,41,31,32,44,35,28,410185,28,25,35,405129,30,43,32,405255,30,35,34,41,23,333000,360000,388000,12185,-5056,126,7,1740.71
504148,Sebastian Kris,9,421000,390000,390000,36,35,47,18,80,31,19,389205,19,17,31,401281,22,4,0,401281,52,5,31,35,36,348000,361000,375000,-795,12076,0,12,-66.25
100007650,Deine Mariner,9,421000,389000,389000,-3,45,41,2,70,0,44,428688,44,1,0,389000,67,1,30,373243,BYE,BYE,0,45,-3,378000,392000,413000,39688,-39688,-15757,-44,-902.0
500852,Scott Sorensen,9,495000,360000,360000,24,32,32,50,41,28,28,365629,28,50,28,359465,29,41,32,362113,BYE,BYE,0,32,24,368000,362000,361000,5629,-6164,2648,0,
100004109,Ata Mariota,9,368000,353000,353000,28,37,31,50,42,28,19,354541,19,14,28,361326,23,1,0,361326,48,2,30,37,28,321000,326000,342000,1541,6785,0,9,171.22
100004869,Griffin Neame,9,475000,320000,320000,23,27,24,32,34,26,27,326980,27,47,26,318441,26,44,28,321092,23,37,27,27,23,344000,332000,325000,6980,-8539,2651,-1,-6980.0
100003898,Ryley Smith,9,473000,315000,315000,3,29,13,7,31,0,46,343663,46,1,0,315000,58,1,26,293377,BYE,BYE,0,29,3,414000,378000,353000,28663,-28663,-21623,-46,-623.11
504079,Pasami Saulo,9,250000,312000,312000,23,32,22,51,29,23,22,318803,22,45,23,312153,24,50,24,311270,BYE,BYE,0,32,23,301000,302000,310000,6803,-6650,-883,1,6803.0
100006658,Tallyn Da Silva,9,250000,312000,312000,33,31,33,21,49,23,11,301258,11,16,23,323821,16,34,21,324955,BYE,BYE,0,31,33,267000,278000,291000,-10742,22563,1134,12,-895.17
100008487,Billy Phillips,9,250000,312000,312000,27,30,32,44,35,25,19,312836,19,21,25,317397,19,21,25,321553,BYE,BYE,0,30,27,299000,300000,306000,836,4561,4156,6,139.33
100012134,Jacob Laban,9,335000,284000,284000,12,10,19,1,21,0,39,297694,39,1,0,284000,52,3,24,267093,41,6,18,10,12,371000,354000,320000,13694,-13694,-16907,-39,-351.13
507680,Tyran Wishart,9,398000,249000,249000,25,20,7,1,16,0,22,248183,22,10,0,249000,34,28,24,250036,25,50,25,20,25,317000,281000,257000,-817,817,1036,-22,37.14
502016,Jayden Brailey,9,445000,236000,236000,42,22,6,1,35,24,5,232535,5,16,24,255608,1,48,0,255608,20,42,24,22,42,259000,230000,230000,-3465,23073,0,19,-182.37
509563,Samuel Healey,9,350000,231000,231000,35,6,28,1,29,0,10,219155,10,29,0,231000,25,33,17,237301,26,29,16,6,35,244000,238000,230000,-11845,11845,6301,-10,1184.5
502502,Latrell Mitchell,8,723000,919000,919000,81,87,104,60,80,72,46,905037,46,7,72,945598,56,17,73,956070,66,28,76,87,81,775000,822000,873000,-13963,40561,10472,26,-537.04
508300,Herbie Farnworth,8,800000,890000,890000,63,56,109,48,82,65,67,894624,67,45,65,886314,76,26,66,874839,82,10,62,56,63,806000,864000,884000,4624,-8310,-11475,-2,-2312.0
508065,Terrell May,8,930000,878000,878000,70,65,83,69,62,63,64,868251,64,46,63,874684,72,19,63,863968,BYE,BYE,0,65,70,847000,864000,871000,-9749,6433,-10716,-1,9749.0
502532,Alex Twal,8,570000,846000,846000,81,93,50,60,75,62,45,829700,45,18,62,862064,54,29,64,866476,BYE,BYE,0,93,81,759000,774000,810000,-16300,32364,4412,17,-958.82
502490,Nicholas Hynes,8,700000,772000,772000,81,63,33,50,80,63,51,754709,51,24,63,783332,52,26,63,791153,BYE,BYE,0,63,81,766000,766000,756000,-17291,28623,7821,12,-1440.92
500663,James Tedesco,8,684000,744000,744000,51,70,97,38,80,59,42,751862,42,19,59,760472,51,38,57,761986,BYE,BYE,0,70,51,637000,678000,721000,7862,8610,1514,17,462.47
504274,Blayke Brailey,8,686000,743000,743000,46,71,69,61,80,56,59,757899,59,41,56,738963,61,33,55,732528,BYE,BYE,0,71,46,734000,734000,748000,14899,-18936,-6435,-3,-4966.33
505811,Adam Doueihi,8,557000,739000,739000,22,93,57,8,57,48,66,773939,66,20,48,719158,75,14,52,699350,BYE,BYE,0,93,22,712000,717000,755000,34939,-54781,-19808,-18,-1941.06
508033,Haumole Olakau'atu,8,608000,726000,726000,85,70,47,25,76,60,32,695044,32,8,60,754049,35,8,63,774977,37,14,58,70,85,661000,665000,683000,-30956,59005,20928,28,-1105.57
100007811,Kulikefu Finefeuiaki,8,484000,707000,707000,71,49,66,57,82,50,46,686637,46,40,50,710269,52,50,52,708629,57,34,50,49,71,662000,686000,689000,-20363,23632,-1640,4,-5090.75
100000129,Simi Sasagi,8,374000,697000,697000,69,73,60,46,80,51,28,677558,28,8,51,718993,41,1,0,718993,91,1,49,,69,602000,651000,651000,-19442,41435,0,23,-845.3
100004373,Siua Wong,8,570000,684000,684000,43,67,62,67,80,48,51,693896,51,43,48,679747,58,21,44,664734,BYE,BYE,0,67,43,622000,649000,678000,9896,-14149,-15013,-3,-3298.67
507878,Jacob Preston,8,720000,669000,669000,58,42,44,45,76,54,53,665287,53,47,54,669130,55,50,55,668625,50,35,55,42,58,700000,690000,671000,-3713,3843,-505,1,-3713.0
100007336,Lachlan Galvin,8,535000,668000,668000,66,56,57,60,80,55,37,656244,37,10,55,685687,40,15,55,695392,43,26,52,56,66,611000,627000,643000,-11756,29443,9705,18,-653.11
509529,Tallis Duncan,8,551000,656000,656000,34,91,51,27,80,49,43,673424,43,38,49,661876,49,40,54,664778,51,50,51,91,34,553000,575000,636000,17424,-11548,2902,6,2904.0
507850,Ben Trbojevic,8,504000,651000,651000,27,70,49,42,80,46,61,673536,61,17,46,634102,63,14,46,619226,64,16,48,70,27,619000,637000,663000,22536,-39434,-14876,-15,-1502.4
500459,Luciano Leilua,8,430000,648000,648000,34,56,77,24,74,49,49,648000,49,50,49,647008,55,34,49,639065,59,39,55,34,,605000,646000,648000,0,-992,-7943,0,
500826,Jahrome Hughes,8,635000,645000,645000,37,71,32,10,75,0,59,645000,59,1,0,645000,95,2,51,634764,82,5,49,37,,663000,666000,645000,0,0,-10236,-59,-0.0
510577,Samuela Fainu,8,517000,643000,643000,43,53,52,63,78,0,54,651508,54,1,0,643000,94,1,47,634122,BYE,BYE,0,53,43,656000,655000,652000,8508,-8508,-8878,-54,-157.56
501600,Damien Cook,8,629000,640000,640000,49,74,28,36,71,52,48,640000,48,39,52,643040,45,32,52,648592,44,32,51,49,,644000,642000,640000,0,3040,5552,4,0.0
100006241,Hamish Stewart,8,442000,633000,633000,54,63,47,40,57,49,40,633000,40,29,49,640918,43,24,54,648986,42,31,50,54,,587000,616000,633000,0,7918,8068,9,0.0
500024,Daly Cherry-Evans,8,666000,628000,628000,58,33,57,35,80,53,49,622032,49,41,53,630134,46,33,54,636182,BYE,BYE,0,33,58,630000,643000,629000,-5968,8102,6048,4,-1492.0
100001936,Hamiso Tabuai-Fidow,8,617000,624000,624000,31,29,75,34,78,47,63,641224,63,14,47,606173,65,13,48,592167,63,16,48,29,31,638000,661000,649000,17224,-35051,-14006,-16,-1076.5
100006258,Isaiya Katoa,8,706000,618000,618000,67,34,59,63,82,48,40,595151,40,22,48,624921,42,28,48,628325,45,42,47,34,67,628000,627000,608000,-22849,29770,3404,8,-2856.12
500108,Alex Johnston,8,463000,612000,612000,59,46,47,45,80,45,36,604668,36,30,45,620382,45,50,45,616726,49,45,47,46,59,534000,569000,588000,-7332,15714,-3656,9,-814.67
509397,Matt Burton,8,549000,607000,607000,35,44,54,44,80,47,59,627935,59,17,47,592858,56,22,46,584288,55,26,47,44,35,651000,649000,633000,20935,-35077,-8570,-12,-1744.58
504176,Cameron Murray,8,725000,605000,605000,42,35,41,42,74,49,61,615169,61,20,49,590932,56,29,48,584628,51,44,49,35,42,686000,665000,632000,10169,-24237,-6304,-12,-847.42
508649,KL Iro,8,628000,605000,605000,74,68,40,29,80,48,16,578795,16,2,48,637465,25,7,47,651594,BYE,BYE,0,68,74,531000,531000,556000,-26205,58670,14129,32,-818.91
100004843,Sam Walker,8,570000,605000,605000,41,81,53,5,80,50,30,612484,30,14,50,625040,35,19,51,635510,BYE,BYE,0,81,41,501000,521000,574000,7484,12556,10470,20,374.2
100009209,Keano Kini,8,600000,601000,601000,28,43,90,16,78,47,52,622278,52,40,47,594440,52,34,44,586245,59,22,44,,28,599000,614000,614000,21278,-27838,-8195,-5,-4255.6
507949,Connelly Lemuelu,8,449000,599000,599000,36,63,45,52,82,46,51,614351,51,39,46,592556,49,39,44,588016,52,31,43,63,36,606000,601000,609000,15351,-21795,-4540,-5,-3070.2
100009453,Arama Hau,8,250000,596000,596000,20,54,56,2,68,51,60,625575,60,35,51,585113,55,25,39,569732,60,35,51,,20,571000,610000,610000,29575,-40462,-15381,-9,-3286.11
506314,Beau Fermor,8,672000,593000,593000,58,43,45,67,75,47,39,582824,39,19,47,600097,41,19,49,605011,40,7,53,,58,598000,587000,587000,-10176,17273,4914,8,-1272.0
502014,Jamayne Isaako,8,481000,592000,592000,39,55,29,38,82,45,54,600755,54,29,45,581625,53,29,44,574060,51,29,42,55,39,590000,594000,601000,8755,-19130,-7565,-9,-972.78
100004781,Tom Chester,8,250000,582000,582000,43,62,46,11,80,47,35,587157,35,26,47,593811,40,23,54,604536,37,30,47,62,43,489000,523000,559000,5157,6654,10725,12,429.75
500449,Addin Fonua-Blake,8,661000,575000,575000,42,51,44,78,53,43,46,581816,46,40,43,570648,47,47,46,569639,BYE,BYE,0,51,42,586000,586000,581000,6816,-11168,-1009,-3,-2272.0
100006323,Noah Martin,8,250000,575000,575000,23,32,50,9,52,0,65,575000,65,1,0,575000,99,1,0,575000,120,1,45,23,,617000,611000,575000,0,0,0,-65,-0.0
507915,Trey Mooney,8,450000,574000,574000,80,26,54,27,49,41,24,533821,24,18,41,589975,33,35,40,591613,BYE,BYE,0,26,80,547000,557000,542000,-40179,56154,1638,17,-2363.47
100006524,Ethan Strange,8,508000,569000,569000,11,68,50,20,72,0,52,569000,52,1,0,569000,91,1,0,569000,116,1,43,11,,545000,584000,569000,0,0,0,-52,-0.0
509634,Tolutau Koula,8,515000,564000,564000,24,37,61,14,76,42,62,584149,62,11,42,542138,58,21,45,532680,55,23,43,37,24,588000,598000,593000,20149,-42011,-9458,-20,-1007.45
504374,Reuben Cotter,8,569000,561000,561000,59,45,45,51,71,47,28,547485,28,2,47,579537,32,2,50,592138,31,5,46,45,59,507000,521000,533000,-13515,32052,12601,19,-711.32
506040,Braidon Burns,8,570000,560000,560000,51,34,40,41,79,45,47,554805,47,45,45,557200,44,43,47,559975,41,45,43,34,51,581000,580000,562000,-5195,2395,2775,-2,2597.5
100008220,Jojo Fifita,8,451000,557000,557000,44,36,65,20,80,41,36,556504,36,36,41,561205,45,44,43,556922,47,36,42,,44,510000,540000,540000,-496,4701,-4283,5,-99.2
100011678,Casey McLean,8,480000,556000,556000,33,50,38,37,77,35,48,565799,48,15,35,540419,55,15,42,528578,BYE,BYE,0,50,33,542000,542000,559000,9799,-25380,-11841,-13,-753.77
100011191,Lehi Hopoate,8,496000,554000,554000,29,62,63,18,80,48,38,567674,38,33,48,563919,38,45,41,564045,45,41,40,62,29,456000,494000,541000,13674,-3755,126,10,1367.4
100018452,Mark Nawaqanitawase,8,612000,553000,553000,2,51,49,12,62,0,71,600616,71,1,0,553000,99,1,48,528000,BYE,BYE,0,51,2,587000,591000,596000,47616,-47616,-25000,-71,-670.65
509455,Sunia Turuva,8,401000,549000,549000,15,45,50,1,80,36,55,585032,55,12,36,528469,64,9,42,509667,BYE,BYE,0,45,15,495000,537000,565000,36032,-56563,-18802,-19,-1896.42
504174,Keaon Koloamatangi,8,704000,547000,547000,37,41,33,73,63,44,53,554171,53,28,44,536558,49,33,42,531011,46,37,41,41,37,627000,596000,570000,7171,-17613,-5547,-9,-796.78
503639,Nat Butcher,8,532000,542000,542000,61,29,58,17,49,47,30,524979,30,11,47,558159,30,11,47,570257,BYE,BYE,0,29,61,524000,532000,524000,-17021,33180,12098,17,-1001.24
504251,Taniela Paseka,8,500000,540000,540000,34,39,60,50,47,42,44,548671,44,43,42,537114,46,34,41,531689,48,31,42,39,34,515000,535000,543000,8671,-11557,-5425,-2,-4335.5
503240,Angus Crichton,8,638000,532000,532000,27,39,46,53,75,0,53,553836,53,1,0,532000,85,1,44,521635,BYE,BYE,0,39,27,567000,563000,554000,21836,-21836,-10365,-53,-412.0
506513,Tino Fa'asuamaleaui,8,668000,532000,532000,57,52,39,51,59,42,25,522629,25,14,42,548226,29,14,46,560697,30,21,43,,57,501000,509000,509000,-9371,25597,12471,17,-551.24
505985,Zac Hosking,8,648000,530000,530000,60,39,37,45,65,0,29,530000,29,1,0,530000,66,1,0,530000,93,1,44,60,,521000,514000,530000,0,0,0,-29,-0.0
100004272,Jesse Colquhoun,8,347000,530000,530000,46,35,65,56,41,38,34,521321,34,37,38,532384,40,47,39,529486,BYE,BYE,0,35,46,511000,511000,520000,-8679,11063,-2898,4,-2169.75
506156,Tom Gilbert,8,513000,528000,528000,27,41,61,29,50,40,47,544113,47,30,40,519704,48,28,40,512397,49,44,47,41,27,520000,537000,541000,16113,-24409,-7307,-7,-2301.86
100006390,Naufahu Whyte,8,638000,521000,521000,42,25,28,43,46,37,54,519557,54,10,37,501426,52,20,41,493109,BYE,BYE,0,25,42,598000,579000,545000,-1443,-18131,-8317,-17,84.88
504321,Braydon Trindall,8,416000,519000,519000,65,17,47,19,80,43,35,493446,35,29,43,526370,33,31,40,530778,BYE,BYE,0,17,65,537000,537000,511000,-25554,32924,4408,8,-3194.25
503443,Reuben Garrick,8,551000,517000,517000,35,44,29,18,80,44,42,521951,42,45,44,518495,42,47,41,515595,40,45,42,44,35,491000,504000,515000,4951,-3456,-2900,2,2475.5
509579,Sandon Smith,8,439000,510000,510000,36,38,58,22,80,48,37,511028,37,24,48,520150,34,50,34,516998,BYE,BYE,0,36,,483000,504000,510000,1028,9122,-3152,11,93.45
505361,Sitili Tupouniua,8,414000,493000,493000,50,45,26,53,54,37,28,482021,28,27,37,501404,33,47,34,498632,38,47,37,45,50,466000,469000,477000,-10979,19383,-2772,9,-1219.89
504279,William Kennedy,8,421000,481000,481000,37,44,21,23,80,38,36,481934,36,43,38,482622,39,47,38,480100,BYE,BYE,0,44,37,461000,461000,473000,934,688,-2522,2,467.0
505918,Phillip Sami,8,513000,474000,474000,47,35,50,33,80,37,27,463285,27,20,37,482747,30,20,40,489928,32,20,42,,47,445000,458000,458000,-10715,19462,7181,10,-1071.5
503327,Connor Watson,8,622000,470000,470000,37,13,32,11,37,36,54,478044,54,14,36,449711,48,40,44,449207,BYE,BYE,0,13,37,540000,535000,498000,8044,-28333,-504,-18,-446.89
504426,Emre Guler,8,440000,470000,470000,39,30,43,59,42,36,38,470000,38,41,36,467388,38,37,35,463855,40,33,36,39,,479000,475000,470000,0,-2612,-3533,-2,-0.0
100004700,Daniel Atkinson,8,450000,469000,469000,43,28,26,24,77,36,39,469000,39,43,36,465568,40,32,32,457493,41,38,36,43,,500000,478000,469000,0,-3432,-8075,-3,-0.0
100013751,Savelio Tamale,8,468000,467000,467000,39,43,17,22,80,37,40,473537,40,42,37,462830,36,1,0,462830,64,4,37,43,39,487000,487000,475000,6537,-10707,0,-3,-2179.0
500002,Daniel Tupou,8,486000,463000,463000,39,37,36,47,80,36,32,458613,32,35,36,465707,35,46,36,465077,BYE,BYE,0,37,39,439000,448000,454000,-4387,7094,-630,4,-1096.75
505413,Billy Burns,8,438000,463000,463000,30,37,16,28,53,38,44,472374,44,35,38,455927,43,35,37,450627,BYE,BYE,0,37,30,475000,475000,473000,9374,-16447,-5300,-6,-1562.33
504325,Greg Marzhew,8,527000,456000,456000,67,26,17,29,77,41,22,427427,22,6,41,475485,21,9,37,486707,BYE,BYE,0,,67,461000,436000,436000,-28573,48058,11222,19,-1503.84
500646,Luke Brooks,8,437000,455000,455000,36,31,52,41,80,37,32,457883,32,34,37,458814,33,37,37,460577,35,47,36,31,36,442000,455000,454000,2883,931,1763,5,576.6
506492,Cory Paix,8,409000,454000,454000,44,46,29,42,63,35,25,446669,25,18,35,463580,29,29,35,466983,BYE,BYE,0,46,44,418000,418000,435000,-7331,16911,3403,10,-733.1
500845,Valentine Holmes,8,643000,452000,452000,30,15,38,13,80,38,54,452000,54,13,38,433871,44,29,36,428204,40,24,30,30,,539000,492000,452000,0,-18129,-5667,-16,-0.0
505864,Bailey Hayward,8,375000,449000,449000,43,22,54,20,61,33,32,440673,32,47,33,449787,34,50,34,448526,38,41,35,22,43,418000,440000,440000,-8327,9114,-1261,1,-8327.0
100004649,Selwyn Cobbo,8,454000,448000,448000,50,15,58,20,82,36,30,433935,30,33,36,454211,30,28,38,460898,31,24,41,15,50,439000,455000,441000,-14065,20276,6687,6,-2344.17
500611,Cody Walker,8,347000,444000,444000,32,33,38,33,76,39,33,456468,33,32,39,448814,33,24,42,455362,28,22,38,33,32,410000,428000,440000,12468,-7654,6548,6,2078.0
504301,Jaeman Salmon,8,360000,443000,443000,38,52,23,51,47,31,26,443025,26,32,31,446959,32,43,34,447589,33,43,35,52,38,420000,414000,429000,25,3934,630,5,5.0
508629,Jake Simpkin,8,509000,440000,440000,43,23,29,36,45,34,35,436286,35,47,34,438384,36,37,31,432712,37,47,36,23,43,477000,465000,444000,-3714,2098,-5672,-1,3714.0
505460,Reed Mahoney,8,489000,431000,431000,71,35,2,1,48,37,13,393365,13,12,37,455114,15,15,36,470112,15,13,38,35,71,431000,431000,404000,-37635,61749,14998,24,-1568.12
100014512,Cooper Bai,8,250000,430000,430000,45,55,52,22,41,38,6,419271,6,1,38,462772,11,2,37,480154,20,8,38,,45,330000,383000,383000,-10729,43501,17382,32,-335.28
100004865,Jack Howarth,8,452000,422000,422000,32,36,27,34,80,33,32,424838,32,46,33,422076,34,50,34,420942,32,43,34,36,32,451000,436000,427000,2838,-2762,-1134,1,2838.0
100013336,Demitric Vaimauga,8,434000,422000,422000,35,38,32,49,33,0,26,421606,26,1,0,422000,57,1,33,427802,51,5,36,38,35,382000,396000,411000,-394,394,5802,-26,15.15
500751,Jake Trbojevic,8,443000,415000,415000,37,45,32,53,66,39,24,416983,24,7,39,429497,20,3,39,444877,20,3,39,45,37,405000,396000,403000,1983,12514,15380,15,132.2
506278,Moeaki Fotuaika,8,566000,415000,415000,30,22,35,53,37,33,40,422427,40,28,33,406136,37,47,36,405506,33,40,36,,30,455000,433000,433000,7427,-16291,-630,-7,-1061.0
503450,Tevita Tatola,8,463000,414000,414000,23,22,31,45,45,30,47,421416,47,4,30,395300,45,8,32,385585,41,17,32,22,23,484000,470000,443000,7416,-26116,-9715,-17,-436.24
510238,Thomas Hazelton,8,457000,414000,414000,26,32,34,64,31,33,38,424072,38,32,33,407314,36,36,32,403784,BYE,BYE,0,32,26,432000,432000,426000,10072,-16758,-3530,-5,-2014.4
506567,Kobe Hetherington,8,461000,412000,412000,5,30,27,4,30,31,55,445050,55,4,31,385876,52,6,31,369488,46,13,31,30,5,467000,464000,454000,33050,-59174,-16388,-24,-1377.08
501351,Josh Addo-Carr,8,493000,410000,410000,31,17,30,20,80,32,41,414730,41,22,32,399801,40,34,35,396522,BYE,BYE,0,17,31,449000,450000,427000,4730,-14929,-3279,-9,-525.56
100004194,Fonua Pole,8,397000,410000,410000,41,38,26,49,45,33,24,404183,24,18,33,419337,26,24,33,424258,BYE,BYE,0,38,41,392000,392000,396000,-5817,15154,4921,9,-646.33
502015,Connor Tracey,8,500000,403000,403000,20,15,28,21,80,31,53,417750,53,9,31,379243,47,14,30,366883,42,23,30,15,20,518000,490000,444000,14750,-38507,-12360,-22,-670.45
100006683,Josiah Karapani,8,505000,398000,398000,7,43,27,16,75,30,41,425859,41,22,30,385025,43,17,29,372544,BYE,BYE,0,43,7,406000,405000,416000,27859,-40834,-12481,-11,-2532.64
504462,Sam Verrills,8,602000,397000,397000,9,23,16,26,42,29,60,426199,60,3,29,363609,52,11,32,349377,42,19,28,,9,492000,451000,451000,29199,-62590,-14232,-31,-941.9
504175,Siosifa Talakai,8,344000,386000,386000,22,70,25,1,62,30,13,399569,13,9,30,403256,21,17,33,410953,BYE,BYE,0,70,22,299000,299000,356000,13569,3687,7697,17,798.18
100014118,Sialetili Faeamani,8,230000,386000,386000,22,53,44,32,80,32,19,396329,19,12,32,399173,22,18,32,405353,27,32,32,,22,327000,368000,368000,10329,2844,6180,13,794.54
505564,Lachlan Ilias,8,442000,385000,385000,31,27,40,34,80,31,27,384510,27,34,31,387829,28,50,28,385562,32,34,36,,31,383000,382000,382000,-490,3319,-2267,4,-122.5
509297,Sione Fainu,8,354000,377000,377000,28,33,36,48,34,24,28,378884,28,33,24,372328,33,37,30,370057,BYE,BYE,0,33,28,364000,369000,374000,1884,-6556,-2271,-4,-471.0
504460,Oregon Kaufusi,8,435000,368000,368000,19,28,41,47,23,29,32,382119,32,36,29,363322,33,32,29,359669,BYE,BYE,0,28,19,373000,373000,376000,14119,-18797,-3653,-3,-4706.33
505537,Nick Meaney,8,529000,365000,365000,28,21,38,36,80,32,29,367627,29,43,32,367429,28,41,32,370581,26,41,30,21,28,389000,381000,369000,2627,-198,3152,3,875.67
504326,Toby Rudolf,8,345000,364000,364000,17,20,44,30,37,30,35,381553,35,34,30,357519,34,40,31,354120,BYE,BYE,0,20,17,369000,369000,375000,17553,-24034,-3399,-5,-3510.6
501781,Lindsay Collins,8,463000,356000,356000,12,23,22,32,32,0,47,376826,47,1,0,356000,63,1,32,339052,BYE,BYE,0,23,12,446000,419000,391000,20826,-20826,-16948,-47,-443.11
509559,Samuel Stonestreet,8,370000,350000,350000,30,18,12,15,80,26,35,347051,35,25,26,338879,34,38,30,336361,BYE,BYE,0,18,30,395000,395000,367000,-2949,-8172,-2518,-9,327.67
500601,Kurt Mann,8,389000,341000,341000,10,41,22,9,28,0,36,364617,36,1,0,341000,53,1,28,331610,46,5,28,41,10,373000,356000,359000,23617,-23617,-9390,-36,-656.03
505648,Kurtis Morrin,8,250000,339000,339000,34,45,20,37,47,28,13,334265,13,5,28,353929,15,13,25,359593,20,25,26,,34,299000,319000,319000,-4735,19664,5664,15,-315.67
500339,Jack Wighton,8,401000,317000,317000,4,32,12,8,60,0,40,344617,40,1,0,317000,57,3,30,305509,43,21,31,32,4,384000,359000,347000,27617,-27617,-11491,-40,-690.42
500600,Matthew Lodge,8,378000,305000,305000,29,34,18,35,23,27,18,304254,18,23,27,314183,16,17,28,324151,15,17,27,34,29,319000,300000,299000,-746,9929,9968,9,-82.89
504371,Gehamat Shibasaki,8,560000,303000,303000,9,27,22,1,80,27,35,329264,35,33,27,293134,29,48,28,293512,BYE,BYE,0,27,9,363000,339000,327000,26264,-36130,378,-8,-3283.0
500136,Royce Hunt,8,250000,291000,291000,9,44,18,1,20,20,23,309317,23,39,20,286432,26,43,24,284669,BYE,BYE,0,44,9,270000,272000,294000,18317,-22885,-1763,-3,-6105.67
500598,Felise Kaufusi,8,351000,282000,282000,12,21,15,44,23,26,33,295195,33,22,26,273804,27,41,25,273047,22,37,25,21,12,332000,317000,302000,13195,-21391,-757,-7,-1885.0
504074,Hudson Young,7,766000,745000,745000,70,77,45,59,80,58,46,766082,46,17,58,756120,48,1,0,756120,98,1,57,,,726000,745000,745000,21082,-9962,0,12,1756.83
506603,Patrick Carrigan,7,684000,743000,743000,73,62,61,59,77,62,42,731038,42,2,62,762441,45,6,60,771901,BYE,BYE,0,,73,719000,719000,719000,-11962,31403,9460,20,-598.1
100008107,Kai Pearce-Paul,7,695000,740000,740000,30,51,57,43,71,0,81,740000,81,1,0,740000,125,1,57,713926,BYE,BYE,0,30,,779000,778000,740000,0,0,-26074,-81,-0.0
501175,Jamal Fogarty,7,687000,720000,720000,78,73,65,53,79,0,29,748225,29,1,0,720000,81,2,56,747770,80,4,58,78,,649000,678000,720000,28225,-28225,27770,-29,-973.28
100011308,Toby Couchman,7,691000,699000,699000,61,81,64,33,65,55,31,699000,31,7,55,723083,39,15,56,733297,47,38,52,61,,627000,665000,699000,0,24083,10214,24,0.0
505582,Dylan Lucas,7,723000,692000,692000,61,38,51,70,80,54,59,686196,59,33,54,685483,58,50,58,685609,BYE,BYE,0,,61,702000,702000,702000,-5804,-713,126,-5,1160.8
503528,Jaydn Su'A,7,633000,653000,653000,32,43,46,34,72,47,75,653000,75,4,47,622836,71,11,52,609334,63,17,48,,,691000,653000,653000,0,-30164,-13502,-28,-0.0
505643,Jake Averillo,7,481000,626000,626000,22,67,46,25,77,0,59,626000,59,1,0,626000,99,1,47,612848,88,1,50,22,,605000,639000,626000,0,0,-13152,-59,-0.0
500109,Apisai Koroisau,7,583000,610000,610000,34,63,50,56,70,43,47,607265,47,40,43,604784,54,37,49,599615,BYE,BYE,0,34,,579000,609000,610000,-2735,-2481,-5169,-4,683.75
100002172,Max Plath,7,560000,601000,601000,62,56,62,24,79,51,25,584533,25,5,51,626859,29,9,50,641232,35,13,53,56,62,518000,538000,564000,-16467,42326,14373,26,-633.35
100001560,Trent Loiero,7,619000,585000,585000,53,34,53,53,62,45,46,578293,46,47,45,582453,46,47,45,580689,47,47,46,34,53,613000,609000,589000,-6707,4160,-1764,-1,6707.0
100012669,Jahream Bula,7,499000,549000,549000,22,37,67,27,76,0,53,549000,53,1,0,549000,88,1,40,534540,BYE,BYE,0,22,,545000,564000,549000,0,0,-14460,-53,-0.0
500408,Viliame Kikau,7,628000,547000,547000,8,52,52,11,60,0,66,547000,66,1,0,547000,93,1,39,517460,84,1,40,8,,600000,591000,547000,0,0,-29540,-66,-0.0
100008243,Robert Toia,7,552000,544000,544000,28,54,33,47,80,41,53,562776,53,21,41,530398,51,32,44,525856,BYE,BYE,0,54,28,572000,561000,562000,18776,-32378,-4542,-12,-1564.67
500086,Adam Reynolds,7,639000,530000,530000,8,57,58,1,68,0,57,571988,57,1,0,530000,86,1,42,512353,BYE,BYE,0,57,8,552000,549000,562000,41988,-41988,-17647,-57,-736.63
508254,Taine Tuaupiki,7,439000,516000,516000,38,64,29,45,80,0,33,524455,33,1,0,516000,67,1,40,521954,61,6,42,64,38,486000,486000,507000,8455,-8455,5954,-33,-256.21
508443,Murray Taulagi,7,508000,508000,508000,60,16,50,33,74,0,35,508000,35,1,0,508000,67,2,40,511703,61,6,41,60,,503000,503000,508000,0,0,3703,-35,-0.0
500872,Brian Kelly,7,505000,505000,505000,40,65,27,36,80,38,34,506430,34,40,38,508949,34,40,38,511852,BYE,BYE,0,65,40,516000,490000,499000,1430,2519,2903,4,357.5
504377,Thomas Mikaele,7,353000,504000,504000,62,56,37,15,43,43,10,474319,10,2,43,537395,17,9,38,549365,26,19,40,56,62,374000,405000,450000,-29681,63076,11970,33,-899.42
100008414,Fletcher Hunt,7,280000,493000,493000,8,71,40,1,80,36,42,487747,42,35,36,485330,46,40,42,481675,BYE,BYE,0,8,,450000,499000,493000,-5253,-2417,-3655,-6,875.5
100001349,Chris Randall,7,487000,486000,486000,36,45,31,62,58,40,38,492438,38,44,40,486850,37,47,36,484706,39,41,42,,36,488000,488000,488000,6438,-5588,-2144,2,3219.0
500406,Corey Jensen,7,407000,474000,474000,44,28,34,34,43,0,36,474000,36,1,0,474000,68,1,37,474814,BYE,BYE,0,,,469000,474000,474000,0,0,814,-36,-0.0
100006482,Fletcher Sharpe,7,717000,466000,466000,39,19,25,4,80,31,52,467593,52,16,31,443099,49,44,46,444613,BYE,BYE,0,19,39,599000,551000,496000,1593,-24494,1514,-21,-75.86
500622,Tyson Frizell,7,479000,463000,463000,22,23,42,48,32,39,50,483620,50,17,39,450126,47,24,39,443577,BYE,BYE,0,,22,487000,487000,487000,20620,-33494,-6549,-11,-1874.55
504294,Campbell Graham,7,440000,448000,448000,37,48,22,50,80,38,30,446570,30,17,38,456077,30,20,37,461123,29,20,36,48,37,455000,441000,443000,-1430,9507,5046,8,-178.75
505736,Morgan Knowles,7,550000,426000,426000,28,7,32,27,43,32,53,432888,53,4,32,402428,49,10,34,391715,41,17,30,,28,509000,463000,463000,6888,-30460,-10713,-21,-328.0
504315,Thomas Flegler,7,500000,415000,415000,26,27,37,37,43,33,41,424540,41,24,33,406072,38,36,34,403551,35,43,37,27,26,461000,449000,431000,9540,-18468,-2521,-8,-1192.5
507062,Briton Nikora,7,555000,403000,403000,20,14,16,1,51,36,62,422554,62,8,36,375701,46,26,34,369643,BYE,BYE,0,14,20,515000,515000,457000,19554,-46853,-6058,-26,-752.08
100010109,Klese Haas,7,430000,402000,402000,23,25,38,42,31,32,39,413232,39,29,32,393513,38,29,31,387585,37,22,27,,23,423000,417000,417000,11232,-19719,-5928,-7,-1604.57
507833,Peter Mamouzelos,7,540000,390000,390000,25,7,36,29,49,32,47,394305,47,13,32,373164,41,19,29,363457,38,25,29,,25,462000,422000,422000,4305,-21141,-9707,-15,-287.0
504265,Sean Keppie,7,403000,386000,386000,51,37,39,23,56,31,7,367582,7,2,31,410465,13,8,30,421307,21,18,32,37,51,322000,331000,349000,-18418,42883,10842,24,-767.42
506259,AJ Brimson,7,542000,376000,376000,41,20,10,17,80,29,34,366783,34,37,29,369773,31,50,31,370529,26,47,27,,41,389000,389000,389000,-9217,2990,756,-5,1843.4
509762,Sean Russell,7,364000,374000,374000,24,29,16,31,63,31,36,378604,36,29,31,367720,34,33,30,364063,BYE,BYE,0,29,24,401000,401000,387000,4604,-10884,-3657,-5,-920.8
506446,Lachlan Hubner,7,475000,367000,367000,29,48,13,23,40,34,24,367129,24,20,34,377129,20,25,28,382045,23,25,31,48,29,382000,354000,360000,129,10000,4916,10,12.9
508408,Samuel Hughes,7,425000,361000,361000,21,45,36,19,35,27,19,369388,19,26,27,367744,25,37,29,368499,28,47,29,45,21,317000,322000,348000,8388,-1644,755,8,1048.5
100007566,Alec MacDonald,7,367000,357000,357000,30,20,34,21,42,0,27,357000,27,1,0,357000,51,2,29,358058,45,6,28,30,,351000,356000,357000,0,0,1058,-27,-0.0
504065,Sam McIntyre,7,458000,354000,354000,12,14,9,1,28,25,54,368322,54,2,25,323099,49,5,26,305954,40,20,28,,12,455000,405000,405000,14322,-45223,-17145,-29,-493.86
503964,Ray Stone,7,406000,339000,339000,26,37,30,30,41,29,23,341656,23,26,29,344800,20,19,28,350597,22,16,31,37,26,352000,336000,336000,2656,3144,5797,6,442.67
502487,Marcelo Montoya,7,386000,331000,331000,14,17,7,15,80,25,48,308850,48,4,25,305520,41,11,25,293813,34,24,25,14,,409000,372000,331000,-22150,-3330,-11707,-23,963.04
504307,Brandon Wakeham,7,350000,313000,313000,12,60,26,1,46,27,15,333386,15,24,27,325599,16,23,29,335695,18,26,29,60,12,267000,260000,298000,20386,-7787,10096,12,1698.83
100004407,Joash Papalii,7,318000,307000,307000,38,41,20,4,80,30,5,293820,5,3,30,332597,5,4,28,349340,BYE,BYE,0,41,38,246000,248000,273000,-13180,38777,16743,25,-527.2
500168,Bronson Garlick,7,367000,273000,273000,11,35,19,19,42,20,22,278945,22,44,20,269532,24,44,22,267644,23,44,25,35,11,290000,274000,278000,5945,-9413,-1888,-2,-2972.5
507670,Jason Saab,7,347000,261000,261000,14,28,15,23,80,24,24,267380,24,50,24,261164,20,43,22,262931,19,39,22,28,14,279000,265000,265000,6380,-6216,1767,0,
504609,Alex Seyfarth,7,517000,256000,256000,32,12,10,2,25,22,21,242095,21,47,22,256637,17,29,25,264448,BYE,BYE,0,12,32,300000,300000,263000,-13905,14542,7811,1,-13905.0
502695,Jack Cogger,7,420000,230000,230000,2,15,4,1,18,14,87,213138,87,1,14,210995,80,1,19,213602,BYE,BYE,0,15,2,269000,230000,230000,-16862,-2143,2607,-73,230.99
100008234,Salesi Foketi,7,393000,230000,230000,12,5,8,1,13,15,48,216172,48,3,15,210302,43,12,23,209622,BYE,BYE,0,12,,272000,240000,230000,-13828,-5870,-680,-33,419.03
100001622,Jayden Campbell,6,766000,805000,805000,67,35,89,57,80,60,70,796825,70,32,60,793907,70,28,58,782551,74,22,58,,67,837000,818000,818000,-8175,-2918,-11356,-10,817.5
504300,Payne Haas,6,950000,779000,779000,24,65,43,45,52,0,95,779000,95,1,0,779000,135,1,58,738560,BYE,BYE,0,,,840000,779000,779000,0,0,-40440,-95,-0.0
510216,Reece Walsh,6,654000,674000,674000,58,31,82,27,66,56,51,667076,51,41,56,677552,50,47,52,676670,BYE,BYE,0,,58,669000,669000,669000,-6924,10476,-882,5,-1384.8
501505,Tom Trbojevic,6,600000,612000,612000,6,52,44,15,46,0,80,612000,80,1,0,612000,112,1,48,577501,94,1,48,,,667000,612000,612000,0,0,-34499,-80,-0.0
506628,Kelma Tuilagi,6,495000,605000,605000,45,62,37,46,71,45,45,609774,45,50,45,603345,47,42,44,598683,BYE,BYE,0,,45,606000,606000,606000,4774,-6429,-4662,0,
503944,Reece Robson,6,579000,601000,601000,47,58,43,52,78,50,41,603710,41,16,50,608945,42,25,48,612223,BYE,BYE,0,58,47,583000,584000,594000,2710,5235,3278,9,301.11
507965,Kitione Kautoga,6,554000,571000,571000,33,39,60,44,74,44,48,571000,48,38,44,565330,52,16,39,551837,BYE,BYE,0,,,571000,571000,571000,0,-5670,-13493,-4,-0.0
100004133,Jacob Kiraz,6,664000,514000,514000,26,31,35,33,68,0,59,514000,59,1,0,514000,87,1,38,491961,75,3,40,,,553000,514000,514000,0,0,-22039,-59,-0.0
506682,Bradman Best,6,584000,506000,506000,57,16,43,37,67,38,40,489561,40,45,38,502933,40,47,39,501924,BYE,BYE,0,,57,509000,509000,509000,-16439,13372,-1009,-2,8219.5
503922,Sione Katoa,6,468000,502000,502000,17,47,38,21,80,0,55,502000,55,1,0,502000,83,1,37,482822,BYE,BYE,0,,,502000,502000,502000,0,0,-19178,-55,-0.0
508062,Stephen Crichton,6,523000,490000,490000,42,53,19,55,68,40,37,487996,37,41,40,493055,34,35,39,497220,33,32,39,53,42,495000,495000,489000,-2004,5059,4165,3,-668.0
507615,Teig Wilton,6,536000,487000,487000,65,26,31,26,80,42,24,458293,24,9,42,504018,25,9,43,516738,BYE,BYE,0,26,65,482000,482000,465000,-28707,45725,12720,18,-1594.83
504101,Moses Suli,6,462000,465000,465000,27,20,46,35,76,35,47,465000,47,13,35,450775,48,11,35,439314,46,20,37,27,,485000,485000,465000,0,-14225,-11461,-12,-0.0
506851,Chanel Harris-Tavita,6,501000,463000,463000,47,42,45,28,78,0,21,451362,21,6,0,463000,55,10,38,480597,52,11,36,42,47,445000,441000,445000,-11638,11638,17597,-21,554.19
506153,Ethan Bullemor,6,499000,453000,453000,42,26,48,58,41,34,32,446164,32,39,34,453487,34,44,35,452857,36,50,36,26,42,464000,464000,452000,-6836,7323,-630,2,-3418.0
500619,Jack De Belin,6,614000,449000,449000,31,37,26,27,38,39,44,455980,44,36,39,443227,36,50,36,443732,BYE,BYE,0,37,31,549000,504000,472000,6980,-12753,505,-5,-1396.0
100006585,Jamie Humphreys,6,526000,448000,448000,19,28,42,49,72,39,49,468503,49,22,39,436664,43,24,34,428596,42,22,32,28,19,490000,487000,474000,20503,-31839,-8068,-10,-2050.3
510696,Setu Tu,6,230000,433000,433000,47,42,53,43,80,39,10,433000,10,1,39,462855,15,2,40,480385,20,4,40,47,,351000,394000,433000,0,29855,17530,29,0.0
100006296,Ali Leiataua,6,364000,432000,432000,31,47,30,12,70,0,29,432000,29,2,0,432000,58,4,34,436423,53,13,38,31,,397000,421000,432000,0,0,4423,-29,-0.0
505414,Mitch Kenny,6,521000,429000,429000,12,50,19,18,51,0,48,429000,48,1,0,429000,71,1,32,412242,BYE,BYE,0,,,454000,429000,429000,0,0,-16758,-48,-0.0
500265,Kodi Nikorima,6,495000,414000,414000,20,29,31,1,78,30,43,399955,43,24,30,399786,44,23,30,387813,42,26,30,,,435000,414000,414000,-14045,-169,-11973,-13,1080.38
505676,Luca Moretti,6,373000,410000,410000,32,67,37,3,41,30,12,409131,12,8,30,427950,19,17,31,434885,BYE,BYE,0,67,32,332000,334000,378000,-869,18819,6935,18,-48.28
504363,Kyle Flanagan,6,533000,395000,395000,51,27,15,26,74,30,26,395000,26,37,30,397912,25,25,33,404970,23,31,29,,,395000,395000,395000,0,2912,7058,4,0.0
503341,Corey Waddell,6,423000,379000,379000,5,34,42,1,36,0,40,379000,40,1,0,379000,64,1,31,368064,56,2,28,5,,388000,400000,379000,0,0,-10936,-40,-0.0
504830,Freddy Lussick,6,250000,379000,379000,35,33,37,2,63,25,16,376772,16,28,25,387806,28,42,31,388184,BYE,BYE,0,33,35,278000,319000,351000,-2228,11034,378,9,-247.56
100006434,Charlie Guymer,6,415000,370000,370000,19,26,29,7,60,29,37,379834,37,28,29,361115,37,38,33,358971,BYE,BYE,0,26,19,373000,378000,378000,9834,-18719,-2144,-8,-1229.25
100011335,Luke Laulilii,6,250000,367000,367000,23,42,22,7,78,30,28,380370,28,44,30,368739,28,44,26,365841,BYE,BYE,0,42,23,354000,354000,368000,13370,-11631,-2898,2,6685.0
100003194,Christian Tuipulotu,6,507000,365000,365000,3,19,18,1,60,25,57,365000,57,4,25,331191,53,7,27,311501,45,11,23,,,365000,365000,365000,0,-33809,-19690,-32,-0.0
502756,Soni Luke,6,318000,359000,359000,40,34,72,1,59,28,3,385190,3,7,28,384807,10,13,29,397289,22,36,28,40,,285000,320000,359000,26190,-383,12482,25,1047.6
506220,Harrison Graham,6,300000,357000,357000,34,25,25,27,29,31,25,363354,25,31,31,362020,24,26,32,368318,BYE,BYE,0,34,,349000,352000,357000,6354,-1334,6298,6,1059.0
503440,Blake Lawrie,6,335000,356000,356000,16,21,35,24,28,32,41,356000,41,19,32,346125,34,39,31,345368,30,46,29,16,,381000,376000,356000,0,-9875,-757,-9,-0.0
100013780,Heamasi Makasini,6,250000,327000,327000,11,23,29,40,82,0,37,327000,37,1,0,327000,55,1,27,315645,BYE,BYE,0,,,345000,327000,327000,0,0,-11355,-37,-0.0
503533,Josh Kerr,6,379000,322000,322000,10,29,29,45,22,28,35,322000,35,20,28,313613,30,32,26,310713,29,20,22,10,,346000,342000,322000,0,-8387,-2900,-7,-0.0
100002660,Brad Schneider,6,335000,313000,313000,34,28,2,1,48,28,25,304592,25,44,28,315480,20,33,28,323175,16,16,34,,34,336000,317000,317000,-8408,10888,7695,3,-2802.67
510228,Brendan Piakura,6,313000,298000,298000,19,22,28,9,63,0,26,298000,26,4,0,298000,44,9,24,294906,BYE,BYE,0,19,,308000,306000,298000,0,0,-3094,-26,-0.0
507928,Jayden Sullivan,6,277000,230000,230000,17,12,3,6,15,15,63,228781,63,1,15,222248,58,1,23,232549,49,1,17,17,,230000,230000,230000,-1219,-6533,10301,-48,25.4
505626,Dylan Brown,5,486000,615000,615000,65,96,40,1,80,54,10,605719,10,2,54,659100,16,2,57,689214,BYE,BYE,0,96,65,492000,494000,555000,-9281,53381,30114,44,-210.93
504397,Max King,5,643000,603000,603000,60,42,37,55,47,0,46,603000,46,1,0,603000,82,1,47,603283,73,1,47,,,603000,603000,603000,0,0,283,-46,-0.0
504372,Enari Tuala,5,458000,549000,549000,26,54,54,41,80,37,45,572778,45,29,37,540273,52,24,42,530936,53,24,43,,26,550000,550000,550000,23778,-32505,-9337,-8,-2972.25
506482,David Fifita,5,500000,519000,519000,53,27,51,1,75,0,35,519000,35,3,0,519000,70,13,48,531885,58,27,46,,,519000,519000,519000,0,0,12885,-35,-0.0
504121,Jarome Luai,5,486000,516000,516000,30,54,29,26,80,41,48,548038,48,29,41,508414,44,47,43,508793,BYE,BYE,0,54,30,529000,520000,525000,32038,-39624,379,-7,-4576.86
100009148,Jye Gray,5,500000,499000,499000,6,34,68,17,51,0,58,499000,58,1,0,499000,87,1,37,476019,79,1,41,,,499000,499000,499000,0,0,-22981,-58,-0.0
505701,Jock Madden,5,350000,490000,490000,28,9,54,3,55,42,53,510038,53,22,42,477762,51,31,44,472594,BYE,BYE,0,,28,504000,507000,507000,20038,-32276,-5168,-11,-1821.64
502072,Jesse Ramien,5,479000,482000,482000,15,37,32,37,73,0,60,482000,60,1,0,482000,84,1,37,457141,BYE,BYE,0,,,482000,482000,482000,0,0,-24859,-60,-0.0
100006687,Harry Hayes,5,523000,481000,481000,21,31,45,53,40,35,54,460611,54,6,35,460408,51,8,34,446162,51,14,38,21,,524000,511000,481000,-20389,-203,-14246,-19,1073.11
501559,Charnze Nicoll-Klokstad,5,481000,470000,470000,28,37,40,36,78,0,44,470000,44,1,0,470000,71,2,36,460772,64,6,37,,,484000,470000,470000,0,0,-9228,-44,-0.0
507922,Will Penisini,5,416000,469000,469000,18,27,54,42,75,43,48,492418,48,36,43,462934,44,31,37,456250,BYE,BYE,0,27,18,442000,477000,486000,23418,-29484,-6684,-5,-4683.6
504411,Bailey Simonsson,5,468000,458000,458000,45,46,40,52,73,0,24,458000,24,4,0,458000,55,6,34,467977,BYE,BYE,0,,,458000,458000,458000,0,0,9977,-24,-0.0
504714,Bronson Xerri,5,425000,438000,438000,27,14,60,1,80,32,42,443824,42,25,32,426218,44,19,31,414620,46,23,35,14,27,430000,458000,452000,5824,-17606,-11598,-10,-582.4
510220,Xavier Savage,5,316000,427000,427000,18,49,33,1,77,0,37,427000,37,2,0,427000,64,1,0,427000,84,1,34,,,427000,427000,427000,0,0,0,-37,-0.0
500257,Ben Hunt,5,463000,402000,402000,21,16,43,36,54,0,47,402000,47,1,0,402000,68,1,35,389487,BYE,BYE,0,,,402000,402000,402000,0,0,-12513,-47,-0.0
509599,Hugo Savala,5,401000,401000,401000,28,27,38,26,80,29,32,406847,32,41,29,397270,37,44,39,400425,BYE,BYE,0,27,28,411000,412000,406000,5847,-9577,3155,-3,-1949.0
500170,Jack Gosiewski,5,332000,386000,386000,38,58,39,1,50,31,9,381645,9,9,31,407980,12,15,29,419075,BYE,BYE,0,58,38,319000,319000,353000,-4355,26335,11095,22,-197.95
500729,Clinton Gutherson,5,503000,379000,379000,25,7,36,20,80,0,46,379000,46,1,0,379000,65,1,30,362202,55,3,28,,,379000,379000,379000,0,0,-16798,-46,-0.0
500264,Francis Molo,5,424000,373000,373000,22,33,20,57,28,29,36,380353,36,19,29,365027,34,19,27,358349,33,26,28,33,22,414000,397000,387000,7353,-15326,-6678,-7,-1050.43
501290,Hame Sele,5,325000,358000,358000,45,23,23,48,30,29,19,358000,19,18,29,367988,21,21,30,374800,21,21,30,,,358000,358000,358000,0,9988,6812,10,0.0
100013671,Tanner Stowers-Smith,5,340000,355000,355000,17,34,41,54,36,0,28,355000,28,1,0,355000,52,1,27,353119,48,1,29,,,355000,355000,355000,0,0,-1881,-28,-0.0
500973,Josh Papalii,5,477000,350000,350000,9,15,24,12,25,0,48,350000,48,1,0,350000,67,1,0,350000,76,1,30,,,390000,350000,350000,0,0,0,-48,-0.0
509524,Jonah Pezet,5,400000,343000,343000,16,27,26,10,73,18,35,343000,35,5,18,324916,41,5,24,311036,BYE,BYE,0,,,343000,343000,343000,0,-18084,-13880,-17,-0.0
504712,Josh Curran,5,566000,332000,332000,57,6,2,1,51,29,24,301042,24,40,29,336438,18,31,28,344871,14,26,27,,57,412000,341000,341000,-30958,35396,8433,5,-6191.6
510612,Zac Laybutt,5,373000,327000,327000,22,26,34,9,80,25,29,337339,29,36,25,321763,27,46,28,323653,26,46,25,,22,344000,336000,336000,10339,-15576,1890,-4,-2584.75
100010604,Oliver Pascoe,5,324000,324000,324000,36,23,50,23,38,30,11,316402,11,5,30,343923,12,6,30,357544,16,11,30,,36,275000,298000,298000,-7598,27521,13621,19,-399.89
506555,Kai O'Donnell,5,277000,321000,321000,19,36,27,1,55,24,25,321000,25,47,24,319446,25,50,25,318816,26,50,26,,,320000,321000,321000,0,-1554,-630,-1,-0.0
100018554,Moses Leo,5,250000,319000,319000,12,11,16,1,72,28,47,319000,47,17,28,298303,38,44,35,299564,23,42,27,,,319000,319000,319000,0,-20697,1261,-19,-0.0
100006424,Sam Tuivaiti,5,290000,312000,312000,11,29,23,33,30,0,31,312000,31,1,0,312000,51,1,24,303805,BYE,BYE,0,,,312000,312000,312000,0,0,-8195,-31,-0.0
508026,Adam Pompey,5,391000,304000,304000,17,21,7,1,77,0,39,310955,39,1,0,304000,51,4,26,289517,40,11,22,,17,333000,333000,333000,6955,-6955,-14483,-39,-178.33
507925,Mathew Feagai,5,477000,297000,297000,7,44,17,1,73,17,30,297000,30,24,17,281658,31,26,19,271846,33,26,21,7,,335000,322000,297000,0,-15342,-9812,-13,-0.0
509560,Manaia Waitere,5,250000,288000,288000,22,23,2,1,56,21,25,286762,25,40,21,283362,28,40,24,279330,23,47,24,22,,291000,291000,288000,-1238,-3400,-4032,-4,309.5
509444,Davvy Moale,5,361000,256000,256000,21,19,21,11,30,19,23,255946,23,35,19,251943,21,46,20,251691,21,50,21,19,21,286000,286000,265000,-54,-4003,-252,-4,13.5
500441,Euan Aitken,4,610000,571000,571000,31,53,33,62,52,42,55,587045,55,20,42,556280,55,20,42,545434,53,26,43,53,31,600000,600000,591000,16045,-30765,-10846,-13,-1234.23
100006093,Isaiah Iongi,4,496000,544000,544000,21,24,67,27,68,0,59,544000,59,1,0,544000,93,1,43,526306,BYE,BYE,0,,,544000,544000,544000,0,0,-17694,-59,-0.0
509757,Matthew Timoko,4,554000,516000,516000,61,33,50,25,77,40,29,484619,29,23,40,526492,30,2,0,526492,67,4,41,33,61,530000,519000,502000,-31381,41873,0,11,-2852.82
501267,Mitchell Barnett,4,587000,506000,506000,28,44,32,31,39,0,51,506000,51,1,0,506000,79,1,40,493480,68,1,35,28,,548000,531000,506000,0,0,-12520,-51,-0.0
507807,Taylan May,4,610000,485000,485000,34,52,35,5,79,44,41,484374,41,43,44,487086,31,39,36,490742,BYE,BYE,0,52,34,564000,518000,499000,-626,2712,3656,3,-208.67
100008396,Ryan Couchman,4,250000,479000,479000,42,52,59,1,60,42,13,479000,13,4,42,508380,22,11,42,521364,27,17,43,42,,433000,433000,479000,0,29380,12984,29,0.0
500992,Kurt Capewell,4,426000,473000,473000,32,41,40,42,74,0,36,479349,36,1,0,473000,68,1,38,474324,60,3,38,41,32,442000,457000,470000,6349,-6349,1324,-36,-176.36
100001619,Alofiana Khan-Pereira,4,407000,459000,459000,56,45,50,1,80,0,13,447041,13,26,0,459000,47,37,40,487066,45,37,38,45,56,392000,402000,421000,-11959,11959,28066,-13,919.92
503920,Victor Radley,4,499000,450000,450000,21,25,42,41,53,35,50,468779,50,11,35,433015,47,13,33,421421,BYE,BYE,0,25,21,494000,494000,477000,18779,-35764,-11594,-15,-1251.93
504125,Liam Martin,4,494000,440000,440000,26,32,20,50,46,0,47,440000,47,1,0,440000,72,1,34,425556,BYE,BYE,0,,,440000,440000,440000,0,0,-14444,-47,-0.0
503449,Jacob Liddle,4,510000,432000,432000,49,17,35,24,36,0,34,432000,34,1,0,432000,59,5,38,435252,49,6,29,,,432000,432000,432000,0,0,3252,-34,-0.0
100000346,Clayton Faulalo,4,374000,409000,409000,32,48,47,17,76,35,20,414541,20,17,35,423693,20,19,34,433010,25,31,33,48,32,358000,366000,391000,5541,9152,9317,15,369.4
504678,Egan Butcher,4,440000,400000,400000,2,31,37,28,29,38,54,372277,54,8,38,383682,44,5,25,368264,BYE,BYE,0,,,400000,400000,400000,-27723,11405,-15418,-16,1732.69
505889,Jesse Arthars,4,353000,381000,381000,6,14,42,1,61,33,49,412681,49,15,33,363130,46,9,25,344841,BYE,BYE,0,,6,410000,411000,411000,31681,-49551,-18289,-16,-1980.06
501179,Siosiua Taukeiaho,4,462000,367000,367000,46,31,19,29,39,30,22,351034,22,22,30,374527,19,10,32,385884,19,14,30,31,46,431000,390000,363000,-15966,23493,11357,8,-1995.75
502522,Marata Niukore,4,365000,366000,366000,37,17,20,21,38,0,30,366000,30,1,0,366000,54,2,30,365623,44,9,29,,,366000,366000,366000,0,0,-377,-30,-0.0
509484,Tyrell Sloan,4,359000,352000,352000,15,14,51,1,80,29,37,352000,37,28,29,342311,35,31,28,336518,34,31,27,15,,374000,371000,352000,0,-9689,-5793,-8,-0.0
100000365,Ronald Volkman,4,250000,342000,342000,41,28,39,57,75,33,9,333484,9,1,33,366235,11,1,34,383885,BYE,BYE,0,28,41,261000,288000,311000,-8516,32751,17650,24,-354.83
509527,Thomas Cant,4,440000,320000,320000,21,15,19,14,27,0,40,320000,40,1,0,320000,54,2,27,306523,BYE,BYE,0,,,320000,320000,320000,0,0,-13477,-40,-0.0
505560,Spencer Leniu,4,403000,297000,297000,1,23,23,1,22,17,44,321193,44,1,17,268293,42,5,23,254689,BYE,BYE,0,23,1,381000,358000,336000,24193,-52900,-13604,-27,-896.04
500901,Tui Kamikamica,4,255000,282000,282000,14,21,30,23,33,24,26,282000,26,40,24,279805,25,50,25,280309,22,35,25,,,282000,282000,282000,0,-2195,504,-2,-0.0
100013721,Francis Manuleleua,4,230000,274000,274000,10,28,46,1,51,24,19,292761,19,37,24,278418,19,37,24,281819,BYE,BYE,0,28,10,230000,245000,270000,18761,-14343,3401,5,3752.2
100006631,Latu Fainu,4,377000,268000,268000,12,8,16,1,21,0,39,268000,39,1,0,268000,50,2,17,244344,BYE,BYE,0,,,302000,268000,268000,0,0,-23656,-39,-0.0
505631,Matt Doorey,4,297000,253000,253000,19,23,15,48,29,0,22,253000,22,1,0,253000,36,1,18,247937,BYE,BYE,0,,,253000,253000,253000,0,0,-5063,-22,-0.0
100012912,Jed Stuart,4,300000,251000,251000,14,29,13,1,80,19,23,255966,23,34,19,246180,21,2,0,246180,36,4,18,29,14,286000,266000,260000,4966,-9786,0,-4,-1241.5
100011256,Cody Hopwood,4,250000,231000,231000,11,13,27,1,14,19,24,245976,24,32,19,225030,22,39,19,222640,BYE,BYE,0,13,11,244000,248000,243000,14976,-20946,-2390,-5,-2995.2
504870,Kalyn Ponga,3,600000,666000,666000,65,36,80,21,63,58,41,658262,41,21,58,682550,42,24,57,693522,BYE,BYE,0,,65,649000,649000,649000,-7738,24288,10972,17,-455.18
100007572,Leo Thompson,3,610000,572000,572000,63,47,26,55,50,45,37,551592,37,21,45,579364,37,19,46,585670,37,21,45,47,63,610000,583000,564000,-20408,27772,6306,8,-2551.0
100010528,Ativalu Lisati,3,285000,495000,495000,50,67,74,1,74,50,-1,501029,-1,1,50,547293,5,1,54,584325,10,2,49,,50,427000,427000,427000,6029,46264,37032,51,118.22
500448,Matthew Dufty,3,489000,489000,489000,40,66,60,12,80,47,12,497500,12,3,47,524765,16,6,46,547093,21,13,43,66,40,350000,382000,443000,8500,27265,22328,35,242.86
509467,Izack Tago,3,466000,487000,487000,37,40,47,44,46,47,35,495306,35,20,47,498859,30,24,40,505796,BYE,BYE,0,40,37,466000,474000,482000,8306,3553,6937,12,692.17
504666,Mawene Hiroti,3,500000,444000,444000,22,28,33,1,80,36,50,454883,50,23,36,428265,45,30,35,420820,BYE,BYE,0,28,22,491000,491000,471000,10883,-26618,-7445,-14,-777.36
504788,Shawn Blore,3,547000,440000,440000,34,24,14,24,52,33,50,437741,50,10,33,421617,45,18,33,413167,39,30,32,24,34,547000,513000,470000,-2259,-16124,-8450,-17,132.88
100013303,Jeral Skelton,3,386000,418000,418000,26,18,59,12,75,33,37,410371,37,38,33,413205,38,44,36,411943,BYE,BYE,0,,,418000,418000,418000,-7629,2834,-1262,-4,1907.25
507924,Max Feagai,3,426000,384000,384000,33,24,21,43,80,29,36,384000,36,26,29,376584,34,29,28,371662,33,36,29,,,384000,384000,384000,0,-7416,-4922,-7,-0.0
510366,Oryn Keeley,3,373000,380000,380000,30,27,34,11,32,30,30,381781,30,50,30,379389,30,47,31,379768,30,41,33,,,380000,380000,380000,1781,-2392,379,0,
100006533,Blake Steep,3,423000,375000,375000,18,23,26,43,23,26,44,352530,44,9,26,355518,43,7,23,339220,BYE,BYE,0,,,375000,375000,375000,-22470,2988,-16298,-18,1248.33
504006,Fetalaiga Pauga,3,350000,374000,374000,22,28,41,28,80,29,32,374000,32,39,29,370796,33,46,32,370543,BYE,BYE,0,,,374000,374000,374000,0,-3204,-253,-3,-0.0
503419,Brandon Smith,3,300000,333000,333000,12,49,27,21,37,0,23,350760,23,1,0,333000,46,5,29,338004,40,15,29,12,,302000,330000,333000,17760,-17760,5004,-23,-772.17
508071,Aublix Tawha,3,411000,322000,322000,20,17,8,17,24,20,42,299980,42,3,20,298813,40,9,25,288718,BYE,BYE,0,,,322000,322000,322000,-22020,-1167,-10095,-22,1000.91
100006431,Saxon Pryke,3,319000,319000,319000,29,41,39,0,46,33,7,325450,7,1,33,345772,7,1,33,365430,BYE,BYE,0,41,29,230000,251000,288000,6450,20322,19658,26,248.08
504007,Patrick Herbert,3,312000,312000,312000,1,30,53,0,52,28,29,310835,29,48,28,310648,28,50,28,310396,BYE,BYE,0,1,,284000,317000,312000,-1165,-187,-252,-1,1165.0
505142,Josh Rogers,3,250000,306000,306000,22,45,27,41,32,30,11,324397,11,2,30,324172,11,2,30,338135,BYE,BYE,0,22,,256000,288000,306000,18397,-225,13963,19,968.26
100011655,Jacob Halangahu,3,350000,278000,278000,4,9,22,1,18,23,43,278000,43,15,23,255470,36,23,22,244894,30,38,24,4,,343000,318000,278000,0,-22530,-10576,-20,-0.0
100011328,Jonathan Sua,3,230000,274000,274000,29,36,21,63,65,27,7,272774,7,1,27,294174,7,1,27,309405,8,1,27,36,29,230000,232000,251000,-1226,21400,15231,20,-61.3
500647,Nathan Brown,3,351000,270000,270000,18,10,8,1,22,22,36,280408,36,11,22,255006,30,30,24,252230,22,47,21,,18,298000,298000,298000,10408,-25402,-2776,-14,-743.43
501280,Jake Turpin,3,267000,262000,262000,30,35,4,1,41,0,11,256465,11,28,0,262000,29,50,29,280256,19,39,24,35,30,247000,247000,249000,-5535,5535,18256,-11,503.18
100006817,Joe Roddy,3,250000,258000,258000,21,24,21,1,29,0,17,270215,17,20,0,258000,34,5,0,258000,47,20,30,24,21,251000,251000,254000,12215,-12215,0,-17,-718.53
503336,Jack Hetherington,3,250000,239000,239000,12,17,21,53,23,17,25,231987,25,19,17,230746,25,22,18,225444,24,33,20,,,249000,239000,239000,-7013,-1241,-5302,-8,876.62
100006826,Faaletino Tavana,3,237000,237000,237000,3,29,21,0,79,20,24,260990,24,36,20,232433,22,43,20,230666,BYE,BYE,0,,3,246000,246000,246000,23990,-28557,-1767,-4,-5997.5
504144,Kalani Going,3,250000,230000,230000,14,15,9,54,27,17,39,222614,39,1,17,222571,36,1,17,219855,BYE,BYE,0,,,230000,230000,230000,-7386,-43,-2716,-22,335.73
100011324,Siulagi Tuimalatu-Brown,3,250000,230000,230000,-1,9,1,1,54,13,89,230000,89,1,13,201949,84,1,13,189327,78,1,13,,,230000,230000,230000,0,-28051,-12622,-76,-0.0
504296,Luke Metcalf,2,666000,581000,581000,29,20,,18,78,0,75,547224,75,1,0,581000,103,1,38,541746,92,1,33,,,581000,581000,581000,-33776,33776,-39254,-75,450.35
500180,Cameron McInnes,2,647000,567000,567000,32,20,,22,32,37,69,573472,69,1,37,532015,68,2,39,508555,BYE,BYE,0,20,32,647000,647000,609000,6472,-41457,-23460,-32,-202.25
507648,J'maine Hopgood,2,597000,560000,560000,10,49,,41,32,0,69,560000,69,1,0,560000,98,1,45,534627,BYE,BYE,0,,,560000,560000,560000,0,0,-25373,-69,-0.0
508480,Trai Fuller,2,550000,477000,477000,45,3,,1,45,38,52,463509,52,23,38,461282,46,30,36,453088,42,40,37,45,,507000,507000,477000,-13491,-2227,-8194,-14,963.64
507645,Daine Laurie,2,453000,473000,473000,54,39,,26,61,40,22,457968,22,14,40,490328,24,8,0,490328,58,17,42,39,54,453000,453000,453000,-15032,32360,0,18,-835.11
100005899,Kurt Donoghoe,2,560000,472000,472000,28,6,,24,28,33,63,472962,63,3,33,439579,58,3,29,415270,56,3,26,,28,517000,517000,517000,962,-33383,-24309,-30,-32.07
509281,Starford To'a,2,490000,446000,446000,19,28,,57,80,27,52,457921,52,5,27,418814,54,6,30,399021,BYE,BYE,0,28,19,490000,490000,475000,11921,-39107,-19793,-25,-476.84
100006109,Jeremiah Nanai,2,453000,428000,428000,26,30,,47,51,0,42,437603,42,1,0,428000,66,1,32,416740,59,2,34,30,26,453000,453000,443000,9603,-9603,-11260,-42,-228.64
509128,Billy Smith,2,410000,410000,410000,13,44,,1,61,0,41,410000,41,1,0,410000,65,2,38,406644,BYE,BYE,0,,,410000,410000,410000,0,0,-3356,-41,-0.0
100012312,Lyhkan King-Togia,2,445000,378000,378000,32,0,,3,50,22,46,378000,46,4,22,352483,47,3,21,331036,47,6,26,,,378000,378000,378000,0,-25517,-21447,-24,-0.0
507987,Grant Anderson,2,420000,371000,371000,14,18,,43,52,0,48,371000,48,1,0,371000,66,1,23,344106,BYE,BYE,0,,,371000,371000,371000,0,0,-26894,-48,-0.0
100007888,Thomas Duffy,2,250000,346000,346000,30,70,,1,58,40,-1,353573,-1,1,40,387942,-2,1,48,429606,BYE,BYE,0,,30,302000,302000,302000,7573,34369,41664,41,184.71
100007527,Benaiah Ioelu,2,327000,342000,342000,21,36,,16,37,28,27,341637,27,46,28,343648,27,46,28,345039,BYE,BYE,0,,,342000,342000,342000,-363,2011,1391,1,-363.0
100014137,Loko Pasifiki Tonga,2,350000,341000,341000,32,22,,39,27,30,25,341000,25,28,30,345043,23,24,29,349581,22,21,29,32,,350000,342000,341000,0,4043,4538,5,0.0
504842,Sean O'Sullivan,2,350000,309000,309000,11,15,,1,29,22,41,309000,41,14,22,289114,38,22,24,278757,34,17,17,,,309000,309000,309000,0,-19886,-10357,-19,-0.0
500213,Braden Hamlin-Uele,2,332000,297000,297000,15,13,,1,17,24,37,283899,37,12,24,283784,33,24,25,279107,BYE,BYE,0,,,297000,297000,297000,-13101,-115,-4677,-13,1007.77
509558,Jordan Samrani,2,311000,295000,295000,22,17,,1,60,18,28,285372,28,22,18,284243,31,16,18,273126,BYE,BYE,0,,,295000,295000,295000,-9628,-1129,-11117,-10,962.8
504376,Tristan Hope,2,250000,275000,275000,57,13,,1,50,28,-2,235684,-2,6,28,305331,-2,6,28,328228,BYE,BYE,0,,57,242000,242000,242000,-39316,69647,22897,30,-1310.53
100015592,David Fale,2,250000,265000,265000,33,21,,0,71,0,11,265000,11,18,0,265000,31,47,30,284571,22,25,30,,,250000,265000,265000,0,0,19571,-11,-0.0
507945,Lipoi Hopoi,2,300000,262000,262000,17,7,,3,30,18,31,248393,31,8,18,247235,30,6,16,235138,30,12,19,,,262000,262000,262000,-13607,-1158,-12097,-13,1046.69
510935,Tukimihia Simpkins,2,250000,257000,257000,11,29,,32,24,0,22,257000,22,1,0,257000,39,2,23,257309,32,12,23,,,257000,257000,257000,0,0,309,-22,-0.0
100006539,Araz Nanva,2,257000,257000,257000,31,27,,0,80,27,7,257000,7,1,27,276928,5,1,27,294181,BYE,BYE,0,,,238000,257000,257000,0,19928,17253,20,0.0
505987,Jaiyden Hunt,2,265000,248000,248000,20,13,,1,39,19,23,245741,23,37,19,243358,22,37,18,239571,BYE,BYE,0,13,20,265000,265000,254000,-2259,-2383,-3787,-4,564.75
505828,Hayze Perham,2,250000,243000,243000,30,11,,8,52,22,15,248726,15,29,22,249711,13,12,28,262953,BYE,BYE,0,30,,250000,239000,243000,5726,985,13242,7,818.0
509635,Toni Mataele,2,250000,243000,243000,24,15,,0,22,21,17,243000,17,15,21,245918,16,10,21,249566,BYE,BYE,0,24,,250000,244000,243000,0,2918,3648,4,0.0
510488,Moala Graham-Taufa,2,250000,230000,230000,7,11,,1,54,19,39,236476,39,8,19,218323,35,16,21,216738,29,24,19,,7,240000,240000,240000,6476,-18153,-1585,-20,-323.8
100006112,Paul Bryan,2,230000,230000,230000,3,15,,0,15,19,37,230000,37,3,19,216906,32,9,19,211717,28,18,19,,,230000,230000,230000,0,-13094,-5189,-18,-0.0
100006754,Wilson De Courcey,2,230000,230000,230000,0,11,,0,41,14,62,230000,62,1,14,209248,59,1,14,196861,BYE,BYE,0,,,230000,230000,230000,0,-20752,-12387,-48,-0.0
100009160,Va'a Semu,2,230000,230000,230000,20,14,,0,22,21,25,230343,25,9,21,233283,22,37,21,239017,BYE,BYE,0,14,20,230000,230000,230000,343,2940,5734,-4,-85.75
100011203,Simione Laiafi,2,230000,230000,230000,21,11,,0,16,20,28,232007,28,5,20,231794,26,12,20,236160,23,27,20,,,230000,230000,230000,2007,-213,4366,-8,-250.88
100007515,Jack Bostock,1,406000,437000,437000,63,,,1,80,46,11,407013,11,6,46,472849,8,2,52,511464,2,3,43,,63,406000,406000,406000,-29987,65836,38615,35,-856.77
505612,Harrison Edwards,1,447000,421000,421000,11,,,29,13,26,51,421000,51,2,26,394402,52,2,26,371684,52,2,26,,,421000,421000,421000,0,-26598,-22718,-25,-0.0
508479,Tyson Gamble,1,403000,418000,418000,47,,,8,80,41,22,418000,22,9,41,437931,18,11,35,451313,BYE,BYE,0,,,418000,418000,418000,0,19931,13382,19,0.0
100017017,Tevita Naufahu,1,450000,410000,410000,1,,,1,15,25,57,375685,57,13,25,375579,57,13,25,348347,55,26,37,1,,450000,450000,410000,-34315,-106,-27232,-32,1072.34
100008673,Morgan Gannon,1,450000,409000,409000,-1,,,0,5,0,59,409000,59,1,0,409000,78,1,20,367851,75,1,20,,,409000,409000,409000,0,0,-41149,-59,-0.0
100007619,James Schiller,1,421000,402000,402000,19,,,8,80,27,41,389253,41,17,27,385964,42,18,29,373753,BYE,BYE,0,19,,421000,421000,402000,-12747,-3289,-12211,-14,910.5
100006239,Ashton Ward,1,400000,381000,381000,14,,,1,41,32,43,381000,43,29,32,369250,38,22,23,355368,41,19,24,,,381000,381000,381000,0,-11750,-13882,-11,-0.0
100015584,Eddie Ieremia-Toeava,1,350000,360000,360000,39,,,38,34,0,19,356724,19,4,0,360000,44,29,38,378685,33,46,34,,39,350000,350000,350000,-3276,3276,18685,-19,172.42
100011291,Hayden Buchanan,1,334000,334000,334000,13,,,35,80,23,37,334000,37,9,23,319064,37,9,23,307055,37,11,24,,,334000,334000,334000,0,-14936,-12009,-14,-0.0
100004168,Tony Sukkar,1,276000,299000,299000,45,,,1,60,30,6,267795,6,2,30,323426,5,3,28,341702,BYE,BYE,0,,45,276000,276000,276000,-31205,55631,18276,24,-1300.21
100011351,Joey Walsh,1,250000,273000,273000,43,,,0,80,27,4,251326,4,9,27,296504,4,9,27,315272,5,10,27,,43,250000,250000,250000,-21674,45178,18768,23,-942.35
100006630,Josh Feledy,1,269000,269000,269000,9,,,38,33,21,30,269000,30,7,21,258281,28,12,21,251985,26,20,21,,,269000,269000,269000,0,-10719,-6296,-9,-0.0
100020440,Apa Twidle,1,260000,260000,260000,47,,,0,26,0,-1,260000,-1,46,0,260000,21,7,36,298304,BYE,BYE,0,,,260000,260000,260000,0,0,38304,1,0.0
507057,Preston Riki,1,259000,259000,259000,30,,,37,33,22,13,267542,13,8,22,268479,13,8,22,275292,BYE,BYE,0,30,,,250000,259000,8542,937,6813,9,949.11
100010891,Josh Patston,1,250000,256000,256000,27,,,21,24,26,14,266613,14,10,26,267548,11,10,23,276995,11,8,24,,,250000,256000,256000,10613,935,9447,12,884.42
100006264,Luke Hanson,1,252000,252000,252000,39,,,0,80,0,5,252000,5,31,0,252000,25,21,33,281835,14,3,33,,,252000,252000,252000,0,0,29835,-5,-0.0
508341,Trent Toelau,1,250000,247000,247000,18,,,22,67,16,20,247146,20,26,16,241948,23,17,17,236274,24,17,18,,18,250000,250000,250000,146,-5198,-5674,-4,-36.5
507815,Hohepa Puru,1,250000,244000,244000,14,,,15,16,13,23,236028,23,9,13,232882,27,6,15,221901,BYE,BYE,0,,,244000,244000,244000,-7972,-3146,-10981,-10,797.2
100006861,Jaylan De Groot,1,250000,244000,244000,15,,,11,80,14,23,236994,23,18,14,234728,26,24,19,229043,24,16,14,,,250000,244000,244000,-7006,-2266,-5685,-9,778.44
100012039,Kaiden Lahrs,1,250000,243000,243000,14,,,26,17,11,23,243000,23,1,11,229937,29,1,14,216805,30,1,12,,,243000,243000,243000,0,-13063,-13132,-12,-0.0
505633,Luke Sommerton,1,250000,242000,242000,12,,,22,28,15,25,242000,25,21,15,231656,27,23,18,224456,25,23,16,,,242000,242000,242000,0,-10344,-7200,-10,-0.0
100009156,Blake Mozer,1,250000,238000,238000,10,,,2,10,0,25,238000,25,1,0,238000,39,2,17,228553,BYE,BYE,0,,,238000,238000,238000,0,0,-9447,-25,-0.0
100009202,Owen Pattie,1,250000,238000,238000,10,,,1,18,16,25,249173,25,15,16,227511,26,1,0,227511,38,1,15,,10,250000,250000,250000,11173,-21662,0,-9,-1241.44
100014185,Elijah Salesa-Leaumoana,1,250000,238000,238000,11,,,45,22,14,24,238000,24,2,14,226194,26,1,14,214256,BYE,BYE,0,11,,250000,250000,238000,0,-11806,-11938,-10,-0.0
100007297,Chevy Stewart,1,250000,237000,237000,9,,,1,17,19,26,252340,26,30,19,228941,24,3,0,228941,37,7,18,,9,250000,250000,250000,15340,-23399,0,-7,-2191.43
509404,Cody Ramsey,1,250000,235000,235000,7,,,0,54,18,27,255507,27,17,18,224505,25,23,18,217961,BYE,BYE,0,,7,250000,250000,250000,20507,-31002,-6544,-9,-2278.56
508307,Peter Hola,1,250000,232000,232000,4,,,20,13,8,30,232000,30,1,8,208926,35,1,7,183693,BYE,BYE,0,,,250000,232000,232000,0,-23074,-25233,-22,-0.0
100013762,Alekolasimi Jones,1,232000,232000,232000,21,,,0,29,24,16,237253,16,19,24,240144,12,10,24,250739,9,5,24,,21,,,230000,5253,2891,10595,8,656.62
506618,Brent Woolf,1,230000,230000,230000,15,,,0,25,22,23,230000,23,46,22,231826,20,41,22,237333,17,29,22,,,230000,230000,230000,0,1826,5507,-1,-0.0
100006510,Thomas Fletcher,1,250000,230000,230000,0,,,1,12,35,34,230000,34,48,35,232709,17,41,21,238189,15,31,24,,,230000,230000,230000,0,2709,5480,1,0.0
100006928,Preston Conn,1,230000,230000,230000,5,,,0,7,18,40,230000,40,1,18,220212,37,1,18,215907,34,3,18,,,230000,230000,230000,0,-9788,-4305,-22,-0.0
100007651,Adam Christensen,1,230000,230000,230000,10,,,0,21,20,32,230000,32,8,20,226204,29,15,20,227126,26,25,20,,,230000,230000,230000,0,-3796,922,-12,-0.0
100008787,Cameron Bukowski,1,230000,230000,230000,11,,,0,31,20,31,230000,31,10,20,227044,28,18,20,228224,BYE,BYE,0,,,230000,230000,230000,0,-2956,1180,-11,-0.0
100009124,Angus Hinchey,1,230000,230000,230000,5,,,0,5,18,40,230000,40,1,18,220082,37,1,18,215780,34,3,18,,,230000,230000,230000,0,-9918,-4302,-22,-0.0
100009673,Lewis Symonds,1,230000,230000,230000,17,,,0,15,23,21,230000,21,41,23,234481,17,25,23,242531,14,16,23,17,,230000,230000,230000,0,4481,8050,2,0.0
100011297,Kade Reed,1,230000,230000,230000,6,,,0,80,19,39,230000,39,1,19,222165,36,2,19,220145,32,6,19,6,,230000,230000,230000,0,-7835,-2020,-20,-0.0
100013692,Hugo Peel,1,230000,230000,230000,12,,,0,80,20,29,236117,29,15,20,227601,26,25,20,229035,23,37,20,,12,230000,230000,230000,6117,-8516,1434,-9,-679.67
100019558,Antonio Verhoeven,1,230000,230000,230000,7,,,0,41,18,37,221798,37,1,18,221749,35,2,18,218142,BYE,BYE,0,,,230000,230000,230000,-8202,-49,-3607,-19,431.68
100010807,Matty Nicholson,0,680000,680000,680000,,,,45,0,54,54,680000,54,50,54,680239,54,1,0,680239,97,1,52,,,680000,680000,680000,0,239,0,0,
502214,John Bateman,0,625000,625000,625000,,,,76,0,50,49,625000,49,45,50,625531,49,28,44,620098,54,32,50,,,625000,625000,625000,0,531,-5433,1,0.0
502511,Jeremy Marshall-King,0,620000,620000,620000,,,,36,0,0,49,620000,49,1,0,620000,88,1,52,623128,76,4,51,,,620000,620000,620000,0,0,3128,-49,-0.0
100006243,Dylan Egan,0,616000,616000,616000,,,,4,0,52,49,616000,49,45,52,619464,46,43,42,614537,52,43,48,,,616000,616000,616000,0,3464,-4927,3,0.0
503571,Daniel Saifiti,0,615000,615000,615000,,,,39,0,0,49,615000,49,1,0,615000,88,1,45,611125,81,1,47,,,615000,615000,615000,0,0,-3875,-49,-0.0
500149,Jai Arrow,0,573000,573000,573000,,,,72,0,0,45,573000,45,1,0,573000,82,1,47,574738,71,1,49,,,573000,573000,573000,0,0,1738,-45,-0.0
503524,Jaimin Jolliffe,0,551000,551000,551000,,,,54,0,0,44,551000,44,1,0,551000,78,1,38,545048,74,3,51,,,551000,551000,551000,0,0,-5952,-44,-0.0
500128,Adam Elliott,0,538000,538000,538000,,,,41,0,38,43,535340,43,37,38,533174,46,45,44,531532,44,47,45,,,538000,538000,538000,-2660,-2166,-1642,-5,532.0
506086,Ronaldo Mulitalo,0,514000,514000,514000,,,,18,0,0,41,514000,41,1,0,514000,73,3,42,515358,BYE,BYE,0,,,514000,514000,514000,0,0,1358,-41,-0.0
100007929,Liam Henry,0,513000,513000,513000,,,,54,0,40,41,513000,41,45,40,512325,41,41,43,514473,BYE,BYE,0,,,513000,513000,513000,0,-675,2148,-1,-0.0
100001634,Xavier Coates,0,501000,501000,501000,,,,8,0,0,40,501000,40,2,0,501000,71,4,39,500322,64,10,40,,,501000,501000,501000,0,0,-678,-40,-0.0
504669,Dean Hawkins,0,462000,462000,462000,,,,1,0,30,37,462000,37,33,30,455090,42,11,23,436265,BYE,BYE,0,,,462000,462000,462000,0,-6910,-18825,-7,-0.0
100006643,Viliami Vailea,0,416000,416000,416000,,,,28,0,34,33,416000,33,47,34,417189,32,47,31,415926,34,50,34,,,416000,416000,416000,0,1189,-1263,1,0.0
504190,Billy Walters,0,388000,388000,388000,,,,38,0,0,31,388000,31,1,0,388000,55,3,35,392552,BYE,BYE,0,,,388000,388000,388000,0,0,4552,-31,-0.0
100007686,Robert Derby,0,384000,384000,384000,,,,10,0,29,30,380537,30,47,29,382567,32,27,23,373849,37,27,28,,,384000,384000,384000,-3463,2030,-8718,-1,3463.0
504075,Brodie Jones,0,377000,377000,377000,,,,2,0,25,30,377000,30,37,25,371956,34,39,30,368797,BYE,BYE,0,,,377000,377000,377000,0,-5044,-3159,-5,-0.0
100008221,Tyrone Munro,0,369000,369000,369000,,,,14,0,28,29,369000,29,47,28,367787,30,34,25,362481,33,41,30,,,369000,369000,369000,0,-1213,-5306,-1,-0.0
506255,Jaxson Paulo,0,350000,350000,350000,,,,17,0,38,28,350000,28,23,38,360839,19,30,26,366145,23,15,37,,,350000,350000,350000,0,10839,5306,10,0.0
100006946,Kyle McCarthy,0,350000,350000,350000,,,,57,0,35,28,356724,28,19,35,357680,22,6,34,369304,BYE,BYE,0,,,350000,350000,350000,6724,956,11624,7,960.57
500889,Zach Dockar-Clay,0,347000,347000,347000,,,,1,0,19,28,341267,28,30,19,338094,34,30,25,329755,35,28,25,,,347000,347000,347000,-5733,-3173,-8339,-9,637.0
509548,Caleb Navale,0,342000,342000,342000,,,,16,0,0,27,342000,27,1,0,342000,49,3,27,341886,43,17,32,,,342000,342000,342000,0,0,-114,-27,-0.0
100006263,Luron Patea,0,326000,326000,326000,,,,1,0,20,26,321001,26,32,20,319904,30,41,33,323568,BYE,BYE,0,,,326000,326000,326000,-4999,-1097,3664,-6,833.17
503322,Matthew Eisenhuth,0,325000,325000,325000,,,,15,0,29,26,325000,26,41,29,328493,23,44,25,330009,BYE,BYE,0,,,325000,325000,325000,0,3493,1516,3,0.0
500617,Jack Bird,0,322000,322000,322000,,,,14,0,29,26,322000,26,38,29,325716,23,20,31,333928,BYE,BYE,0,,,322000,322000,322000,0,3716,8212,3,0.0
506548,Isaiah Tass,0,313000,313000,313000,,,,10,0,0,25,313000,25,1,0,313000,45,13,32,320662,34,17,23,,,313000,313000,313000,0,0,7662,-25,-0.0
500907,Ryan Matterson,0,300000,300000,300000,,,,41,0,40,24,300000,24,9,40,317123,11,1,42,347446,BYE,BYE,0,,,300000,300000,300000,0,17123,30323,16,0.0
507814,Mavrik Geyer,0,300000,300000,300000,,,,1,0,34,24,300000,24,24,34,310806,16,33,22,315986,BYE,BYE,0,,,300000,300000,300000,0,10806,5180,10,0.0
509842,Edward Kosi,0,300000,300000,300000,,,,29,0,22,24,300000,24,42,22,298172,25,30,20,292992,28,46,27,,,300000,300000,300000,0,-1828,-5180,-2,-0.0
100003896,Jack Cole,0,300000,300000,300000,,,,1,0,30,24,308840,24,37,30,306637,19,21,33,320661,BYE,BYE,0,,,300000,300000,300000,8840,-2203,14024,6,1473.33
100004188,Sione Finau,0,300000,300000,300000,,,,1,0,32,24,303519,24,27,32,308658,17,10,0,308658,38,30,31,,,300000,300000,300000,3519,5139,0,8,439.88
100009053,Josiah Pahulu,0,300000,300000,300000,,,,31,0,22,24,296172,24,37,22,298172,25,37,23,296150,25,37,23,,,300000,300000,300000,-3828,2000,-2022,-2,1914.0
100013980,Jethro Rinakama,0,300000,300000,300000,,,,21,0,26,24,300000,24,42,26,302425,22,35,26,306341,21,31,26,,,300000,300000,300000,0,2425,3916,2,0.0
505642,Tommy Talau,0,286000,286000,286000,,,,1,0,25,23,288572,23,44,25,288443,21,32,27,294634,BYE,BYE,0,,,286000,286000,286000,2572,-129,6191,2,1286.0
501744,Bunty Afoa,0,280000,280000,280000,,,,30,0,27,22,277787,22,27,27,285142,18,14,27,293480,BYE,BYE,0,,,280000,280000,280000,-2213,7355,8338,5,-442.6
100006697,Rocco Berry,0,272000,272000,272000,,,,6,0,0,22,272000,22,4,0,272000,39,9,22,272526,34,19,23,,,272000,272000,272000,0,0,526,-22,-0.0
509778,Tony Francis,0,269000,269000,269000,,,,1,0,25,21,269000,21,35,25,272903,18,42,20,274040,20,32,25,,,269000,269000,269000,0,3903,1137,4,0.0
509851,Fletcher Baker,0,260000,260000,260000,,,,12,0,26,21,260000,21,33,26,265674,16,13,29,278307,11,17,22,,,260000,260000,260000,0,5674,12633,5,0.0
500150,Jayden Berrell,0,250000,250000,250000,,,,0,0,17,20,250000,20,35,17,247127,22,26,17,242326,BYE,BYE,0,,,250000,250000,250000,0,-2873,-4801,-3,-0.0
500171,Brock Gray,0,250000,250000,250000,,,,1,0,18,20,250000,20,43,18,248138,21,24,13,239799,26,16,15,,,250000,250000,250000,0,-1862,-8339,-2,-0.0
500478,Delouise Hoeter,0,250000,250000,250000,,,,45,0,0,20,250000,20,3,0,250000,36,50,36,267089,BYE,BYE,0,,,250000,250000,250000,0,0,17089,-20,-0.0
501293,Te Maire Martin,0,250000,250000,250000,,,,1,0,0,20,250000,20,11,0,250000,36,25,25,255466,28,33,21,,,250000,250000,250000,0,0,5466,-20,-0.0
501462,Marion Seve,0,250000,250000,250000,,,,1,0,0,20,250000,20,10,0,250000,36,18,22,252307,30,47,29,,,250000,250000,250000,0,0,2307,-20,-0.0
502409,Karl Lawton,0,250000,250000,250000,,,,1,0,0,20,250000,20,9,0,250000,36,17,22,252307,30,27,21,,,250000,250000,250000,0,0,2307,-20,-0.0
504670,Daniel Suluka-Fifita,0,250000,250000,250000,,,,1,0,17,20,250000,20,38,17,247127,22,21,14,239167,26,10,13,,,250000,250000,250000,0,-2873,-7960,-3,-0.0
504711,Sione Fonua,0,250000,250000,250000,,,,0,0,18,20,248159,20,42,18,248138,21,38,18,244979,BYE,BYE,0,,,250000,250000,250000,-1841,-21,-3159,-2,920.5
504787,Jake Tago,0,250000,250000,250000,,,,19,0,22,20,250000,20,41,22,252307,18,32,22,256097,BYE,BYE,0,,,250000,250000,250000,0,2307,3790,2,0.0
504952,Lazarus Vaalepu,0,250000,250000,250000,,,,1,0,17,20,250000,20,41,17,247127,22,47,21,246495,21,35,16,,,250000,250000,250000,0,-2873,-632,-3,-0.0
505578,Aaron Schoupp,0,250000,250000,250000,,,,1,0,16,20,250000,20,36,16,245990,23,46,24,247885,19,30,13,,,250000,250000,250000,0,-4010,1895,-4,-0.0
506375,Blake Wilson,0,250000,250000,250000,,,,20,0,24,20,253480,20,41,24,254455,16,28,26,263931,12,21,26,,,250000,250000,250000,3480,975,9476,4,870.0
507765,Junior Tupou,0,250000,250000,250000,,,,22,0,23,20,250000,20,42,23,253444,17,29,25,261151,BYE,BYE,0,,,250000,250000,250000,0,3444,7707,3,0.0
509561,Kade Dykes,0,250000,250000,250000,,,,0,0,25,20,250000,20,31,25,255466,16,18,25,264563,13,11,25,,,250000,250000,250000,0,5466,9097,5,0.0
509779,Asu Kepaoa,0,250000,250000,250000,,,,1,0,34,20,250000,20,15,34,264941,8,7,28,283261,BYE,BYE,0,,,250000,250000,250000,0,14941,18320,14,0.0
509843,Tom Ale,0,250000,250000,250000,,,,49,0,25,20,250000,20,22,25,255466,16,38,18,257108,BYE,BYE,0,,,250000,250000,250000,0,5466,1642,5,0.0
509864,Tuku Hau Tapuha,0,250000,250000,250000,,,,35,0,20,20,250000,20,50,20,250286,20,36,18,248517,BYE,BYE,0,,,250000,250000,250000,0,286,-1769,0,
100000336,Taylor Losalu,0,250000,250000,250000,,,,37,0,27,20,253480,20,16,27,257613,14,11,23,265952,BYE,BYE,0,,,250000,250000,250000,3480,4133,8339,7,497.14
100003233,Allan Fitzgibbon,0,250000,250000,250000,,,,1,0,18,20,250000,20,44,18,248138,21,27,13,239799,26,44,24,,,250000,250000,250000,0,-1862,-8339,-2,-0.0
100003968,Chris Vea'ila,0,250000,250000,250000,,,,0,0,28,20,258674,20,22,28,258624,13,8,28,272901,BYE,BYE,0,,,250000,250000,250000,8674,-50,14277,8,1084.25
100004119,Michael Asomua,0,250000,250000,250000,,,,0,0,22,20,250000,20,42,22,252307,18,3,0,252307,34,11,22,,,250000,250000,250000,0,2307,0,2,0.0
100004271,Tom Rodwell,0,250000,250000,250000,,,,0,0,32,20,250000,20,11,32,262920,10,1,32,284146,BYE,BYE,0,,,250000,250000,250000,0,12920,21226,12,0.0
100006251,Liam Ison,0,250000,250000,250000,,,,0,0,0,20,250000,20,2,0,250000,36,38,33,263931,BYE,BYE,0,,,250000,250000,250000,0,0,13931,-20,-0.0
100006286,Zyon Maiu'u,0,250000,250000,250000,,,,0,0,21,20,250000,20,46,21,251296,19,42,21,253444,18,38,21,,,250000,250000,250000,0,1296,2148,1,0.0
100006574,Jesse McLean,0,250000,250000,250000,,,,40,0,25,20,250000,20,26,25,255466,16,13,25,264563,BYE,BYE,0,,,250000,250000,250000,0,5466,9097,5,0.0
100006657,Heath Mason,0,250000,250000,250000,,,,1,0,10,20,250000,20,29,10,239673,28,31,19,232092,BYE,BYE,0,,,250000,250000,250000,0,-10327,-7581,-10,-0.0
100006660,Kit Laulilii,0,250000,250000,250000,,,,0,0,20,20,250000,20,50,20,250286,20,50,20,250665,BYE,BYE,0,,,250000,250000,250000,0,286,379,0,
100006888,Jack Todd,0,250000,250000,250000,,,,1,0,19,20,250000,20,47,19,249148,20,47,19,247758,21,44,19,,,250000,250000,250000,0,-852,-1390,-1,-0.0
100008613,Teancum Brown,0,250000,250000,250000,,,,0,0,26,20,256613,20,27,26,256569,15,13,26,267307,BYE,BYE,0,,,250000,250000,250000,6613,-44,10738,6,1102.17
100008874,De La Salle Va'a,0,250000,250000,250000,,,,0,0,19,20,250000,20,39,19,249148,20,39,19,247758,BYE,BYE,0,,,250000,250000,250000,0,-852,-1390,-1,-0.0
100009035,Riley Jones,0,250000,250000,250000,,,,0,0,18,20,248159,20,42,18,248138,21,38,18,244979,BYE,BYE,0,,,250000,250000,250000,-1841,-21,-3159,-2,920.5
100009134,Benjamin Te Kura,0,250000,250000,250000,,,,21,0,0,20,250000,20,1,0,250000,36,2,19,249148,BYE,BYE,0,,,250000,250000,250000,0,0,-852,-20,-0.0
100009139,Liam Le Blanc,0,250000,250000,250000,,,,1,0,23,20,256647,20,40,23,253444,17,28,24,260014,15,21,25,,,250000,250000,250000,6647,-3203,6570,3,2215.67
100010520,Ethan King,0,250000,250000,250000,,,,0,0,23,20,250000,20,41,23,253434,17,32,23,258993,15,27,23,,,250000,250000,250000,0,3434,5559,3,0.0
100010840,Will Pryce,0,250000,250000,250000,,,,1,0,30,20,250000,20,32,30,260772,12,31,23,271132,BYE,BYE,0,,,250000,250000,250000,0,10772,10360,10,0.0
100011250,Matthew Arthur,0,250000,250000,250000,,,,26,0,14,20,250000,20,13,14,243968,24,1,12,231839,BYE,BYE,0,,,250000,250000,250000,0,-6032,-12129,-6,-0.0
100011659,Finau Latu,0,250000,250000,250000,,,,0,0,26,20,250000,20,27,26,256603,15,13,26,267342,11,6,26,,,250000,250000,250000,0,6603,10739,6,0.0
100011683,Jaxen Edgar,0,250000,250000,250000,,,,0,0,17,20,250000,20,38,17,247127,22,31,17,242326,BYE,BYE,0,,,250000,250000,250000,0,-2873,-4801,-3,-0.0
100015074,Sebastian Su'a,0,250000,250000,250000,,,,0,0,17,20,250000,20,38,17,247127,22,31,17,242326,24,24,17,,,250000,250000,250000,0,-2873,-4801,-3,-0.0
100019560,Nathan Lawson,0,250000,250000,250000,,,,32,0,0,20,250000,20,1,0,250000,36,7,24,254455,28,31,24,,,250000,250000,250000,0,0,4455,-20,-0.0
505684,Jensen Taumoepeau,0,230000,230000,230000,,,,0,0,24,18,230000,18,25,24,236127,14,14,24,246234,10,6,24,,,230000,230000,230000,0,6127,10107,6,0.0
509464,Niwhai Puru,0,230000,230000,230000,,,,0,0,26,18,238280,18,19,26,238158,12,6,26,251677,BYE,BYE,0,,,230000,230000,230000,8280,-122,13519,8,1035.0
509494,Jackson Shereb,0,230000,230000,230000,,,,0,0,25,18,237236,18,22,25,237117,13,9,25,248865,9,4,25,,,230000,230000,230000,7236,-119,11748,7,1033.71
509567,Solome Saukuru,0,230000,230000,230000,,,,0,0,25,18,230000,18,22,25,237147,13,9,25,248897,BYE,BYE,0,,,230000,230000,230000,0,7147,11750,7,0.0
509614,Joseph O'Neill,0,230000,230000,230000,,,,0,0,26,18,230000,18,19,26,238158,12,6,26,251677,7,2,26,,,230000,230000,230000,0,8158,13519,8,0.0
509846,Luke Gale,0,230000,230000,230000,,,,0,0,25,18,,18,22,25,237134,13,9,25,248883,BYE,BYE,0,,,,,230000,,,11749,7,
510485,Latrell Siegwalt,0,230000,230000,230000,,,,0,0,24,18,236117,18,25,24,236127,14,14,24,246234,10,6,24,,,230000,230000,230000,6117,10,10107,6,1019.5
510558,Myles Martin,0,230000,230000,230000,,,,0,0,25,18,230000,18,22,25,237147,13,8,0,237147,29,33,25,,,230000,230000,230000,0,7147,0,7,0.0
100003974,Lachlan Crouch,0,230000,230000,230000,,,,0,0,25,18,230000,18,22,25,237147,13,9,25,248897,BYE,BYE,0,,,230000,230000,230000,0,7147,11750,7,0.0
100004077,Liam Sutton,0,230000,230000,230000,,,,0,0,26,18,230000,18,19,26,238158,12,6,26,251677,7,2,26,,,230000,230000,230000,0,8158,13519,8,0.0
100006237,James Walsh,0,230000,230000,230000,,,,0,0,25,18,230000,18,22,25,237147,13,9,25,248897,9,4,25,,,230000,230000,230000,0,7147,11750,7,0.0
100006259,Billy Scott,0,230000,230000,230000,,,,0,0,25,18,237266,18,22,25,237147,13,9,25,248897,BYE,BYE,0,,,230000,230000,230000,7266,-119,11750,7,1038.0
100006318,Jett Liu,0,230000,230000,230000,,,,0,0,25,18,230000,18,22,25,237138,13,9,25,248888,9,4,25,,,230000,230000,230000,0,7138,11750,7,0.0
100006509,Vena Patuki-Case,0,230000,230000,230000,,,,0,0,25,18,230000,18,22,25,237147,13,8,0,237147,29,33,25,,,230000,230000,230000,0,7147,0,7,0.0
100006535,Jake Elliott,0,230000,230000,230000,,,,0,0,25,18,230000,18,22,25,237147,13,9,25,248897,BYE,BYE,0,,,230000,230000,230000,0,7147,11750,7,0.0
100006651,William Craig,0,230000,230000,230000,,,,0,0,24,18,230000,18,25,24,236137,14,14,24,246245,BYE,BYE,0,,,230000,230000,230000,0,6137,10108,6,0.0
100006760,Jett Cleary,0,230000,230000,230000,,,,0,0,0,18,230000,18,2,0,230000,33,22,26,238145,23,37,26,,,230000,230000,230000,0,0,8145,-18,-0.0
100006785,Jake Clydsdale,0,230000,230000,230000,,,,0,0,25,18,230000,18,22,25,237147,13,8,0,237147,29,33,25,,,230000,230000,230000,0,7147,0,7,0.0
100006845,Richard Penisini,0,230000,230000,230000,,,,0,0,24,18,230000,18,25,24,236137,14,14,24,246245,BYE,BYE,0,,,230000,230000,230000,0,6137,10108,6,0.0
100007234,Patrick Young,0,230000,230000,230000,,,,0,0,25,18,230000,18,22,25,237147,13,9,25,248897,9,4,25,,,230000,230000,230000,0,7147,11750,7,0.0
100007304,Navren Willett,0,230000,230000,230000,,,,0,0,24,18,230000,18,25,24,236137,14,14,24,246245,10,6,24,,,230000,230000,230000,0,6137,10108,6,0.0
100007790,Jonah Glover,0,230000,230000,230000,,,,0,0,26,18,230000,18,19,26,238158,12,6,26,251677,7,2,26,,,230000,230000,230000,0,8158,13519,8,0.0
100008424,Ethan Alaia,0,230000,230000,230000,,,,0,0,24,18,236113,18,25,24,236124,14,6,0,236124,29,29,24,,,,,230000,6113,11,0,6,1018.83
100008447,Logan Spinks,0,230000,230000,230000,,,,0,0,25,18,230000,18,22,25,237121,13,9,25,248870,9,4,25,,,230000,230000,230000,0,7121,11749,7,0.0
100008768,Zac Herdegen,0,230000,230000,230000,,,,0,0,26,18,230000,18,19,26,238158,12,6,26,251677,7,2,26,,,230000,230000,230000,0,8158,13519,8,0.0
100008997,Mason Kira,0,230000,230000,230000,,,,0,0,25,18,230000,18,22,25,237147,13,9,25,248897,9,4,25,,,230000,230000,230000,0,7147,11750,7,0.0
100009103,Haizyn Mellars,0,230000,230000,230000,,,,0,0,0,18,230000,18,2,0,230000,33,16,24,236137,25,46,24,,,230000,230000,230000,0,0,6137,-18,-0.0
100009111,Jack Underhill,0,230000,230000,230000,,,,0,0,25,18,230000,18,22,25,237123,13,9,25,248872,9,4,25,,,230000,230000,230000,0,7123,11749,7,0.0
100010074,Makaia Tafua,0,230000,230000,230000,,,,0,0,0,18,237244,18,2,0,230000,33,19,25,237125,24,46,25,,,,230000,230000,7244,-7244,7125,-18,-402.44
100010945,Wil Sullivan,0,230000,230000,230000,,,,0,0,25,18,230000,18,22,25,237147,13,9,25,248897,BYE,BYE,0,,,230000,230000,230000,0,7147,11750,7,0.0
100011050,Zane Harrison,0,230000,230000,230000,,,,0,0,26,18,238280,18,19,26,238158,12,6,26,251677,7,2,26,,,230000,230000,230000,8280,-122,13519,8,1035.0
100011237,Michael Gabrael,0,230000,230000,230000,,,,0,0,24,18,230000,18,25,24,236137,14,14,24,246245,BYE,BYE,0,,,230000,230000,230000,0,6137,10108,6,0.0
100011247,Jye Linnane,0,230000,230000,230000,,,,0,0,0,18,230000,18,2,0,230000,33,22,26,238158,23,37,26,,,230000,230000,230000,0,0,8158,-18,-0.0
100011249,Mitchell Woods,0,230000,230000,230000,,,,0,0,0,18,230000,18,2,0,230000,33,22,26,238158,23,37,26,,,230000,230000,230000,0,0,8158,-18,-0.0
100011254,Lorenzo Talataina,0,230000,230000,230000,,,,0,0,26,18,238248,18,19,26,238253,12,6,26,251770,BYE,BYE,0,,,230000,230000,230000,8248,5,13517,8,1031.0
100011261,Jordan Uta,0,230000,230000,230000,,,,0,0,25,18,237244,18,22,25,237125,13,8,0,237125,29,33,25,,,,230000,230000,7244,-119,0,7,1034.86
100011276,Jezaiah Funa-Iuta,0,230000,230000,230000,,,,0,0,25,18,230000,18,22,25,237117,13,9,25,248865,BYE,BYE,0,,,230000,230000,230000,0,7117,11748,7,0.0
100011333,Toby Rodwell,0,230000,230000,230000,,,,0,0,26,18,230000,18,19,26,238158,12,6,26,251677,BYE,BYE,0,,,230000,230000,230000,0,8158,13519,8,0.0
100011342,Riley Pollard,0,230000,230000,230000,,,,0,0,26,18,230000,18,19,26,238262,12,6,26,251780,BYE,BYE,0,,,,230000,230000,0,8262,13518,8,0.0
100011390,Max McCarthy,0,230000,230000,230000,,,,0,0,24,18,230000,18,25,24,236137,14,14,24,246245,10,6,24,,,230000,230000,230000,0,6137,10108,6,0.0
100011721,Zaidas Muagututia,0,230000,230000,230000,,,,0,0,25,18,230000,18,22,25,237147,13,9,25,248897,9,4,25,,,230000,230000,230000,0,7147,11750,7,0.0
100011844,Coby Black,0,230000,230000,230000,,,,0,0,26,18,230000,18,19,26,238158,12,9,0,238158,28,41,26,,,230000,230000,230000,0,8158,0,8,0.0
100011878,Mason Barber,0,230000,230000,230000,,,,0,0,24,18,230000,18,25,24,236105,14,14,24,246211,10,6,24,,,230000,230000,230000,0,6105,10106,6,0.0
100011973,Brian Pouniu,0,230000,230000,230000,,,,0,0,25,18,230000,18,22,25,237147,13,9,25,248897,9,4,25,,,230000,230000,230000,0,7147,11750,7,0.0
100012106,Gabriel Satrick,0,230000,230000,230000,,,,0,0,25,18,230000,18,22,25,237147,13,9,25,248897,9,4,25,,,230000,230000,230000,0,7147,11750,7,0.0
100012114,LJ Nonu,0,230000,230000,230000,,,,0,0,24,18,230000,18,25,24,236137,14,14,24,246245,10,6,24,,,230000,230000,230000,0,6137,10108,6,0.0
100013672,Kayliss Fatialofa,0,230000,230000,230000,,,,0,0,0,18,237266,18,2,0,230000,33,19,25,237147,24,46,25,,,230000,230000,230000,7266,-7266,7147,-18,-403.67
100013788,Onitoni Large,0,230000,230000,230000,,,,0,0,26,18,230000,18,19,26,238158,12,6,26,251677,7,2,26,,,230000,230000,230000,0,8158,13519,8,0.0
100014591,John Fineanganofo,0,230000,230000,230000,,,,0,0,26,18,230000,18,19,26,238262,12,6,26,251780,7,2,26,,,,230000,230000,0,8262,13518,8,0.0
100014592,Elijah Rasmussen,0,230000,230000,230000,,,,0,0,25,18,230000,18,22,25,237147,13,9,25,248897,9,4,25,,,230000,230000,230000,0,7147,11750,7,0.0
